:020000041004E6
:10000000006000203D830410497E0410517E0410DE
:1000100000000000000000000000000000000000E0
:10002000000000000000000000000000597E0410E5
:100030000000000000000000637E04106D7E0410CC
:10004000A1830410A1830410A18304102D5904106E
:10005000000000000000000000000000A183041068
:10006000817404107D73041059730410A18304106B
:10007000A1830410A1830410000000007B7E041003
:10008000917E0410A1830410D57E041000000000AE
:10009000C77E04100000000000000000B97E0410BC
:1000A000A1830410E37E0410A1830410A183041033
:1000B0000000000000000000000000000000000040
:1000C00010B5904216D98AB2030C090C0C4659435C
:1000D00080B25343444350431B191A041B0C10189D
:1000E000594180225203002312184B41520DD8026D
:1000F000104310BD4843802252031218520D10467F
:1001000010BDC0468B0707D0013A22D30B780131CE
:10011000037001308B07F7D1830730D0DB4219D051
:100120000138043A08D308C943701B0A43801B0CEA
:1001300003710430043AF6D2D20707D30B88437018
:1001400001D08A78C2701B0A8370704701D00B7887
:1001500043707047043A06D308C903801B0C4380E0
:100160000430043AF8D2D20705D30B88038005D0B7
:100170008B788370704701D00B780370704770B430
:10018000103A03D378C978C0103AFBD2530701D391
:1001900018C918C001D508C908C0D20704D30B88F4
:1001A000038002300231002A01D50B78037070BC45
:1001B0007047C046EFF31482EFF30981154880F3CE
:1001C0001488BFF36F8FF0B543464C4655465E46E4
:1001D0006746F8B4104CEFF30883636006B4BFF3CE
:1001E0004F8F30BFC046C0460B4C646884F308880C
:1001F00082B003BCF8BC9846A146AA46B346BC46AA
:10020000F0BC04BC80F3098881F31488BFF36F8FBE
:100210001047C04600000000040000200023C25C1C
:100220000133002AFBD1581E7047000003B4714609
:10023000490840004900095E49008E4403BC7047EC
:10024000002243088B4274D303098B425FD3030A15
:100250008B4244D3030B8B4228D3030C8B420DD328
:10026000FF22090212BA030C8B4202D312120902B6
:1002700065D0030B8B4219D300E0090AC30B8B42F4
:1002800001D3CB03C01A5241830B8B4201D38B03A2
:10029000C01A5241430B8B4201D34B03C01A524147
:1002A000030B8B4201D30B03C01A5241C30A8B428A
:1002B00001D3CB02C01A5241830A8B4201D38B0275
:1002C000C01A5241430A8B4201D34B02C01A524119
:1002D000030A8B4201D30B02C01A5241CDD2C3098B
:1002E0008B4201D3CB01C01A524183098B4201D307
:1002F0008B01C01A524143098B4201D34B01C01AF2
:10030000524103098B4201D30B01C01A5241C30869
:100310008B4201D3CB00C01A524183088B4201D3D8
:100320008B00C01A524143088B4201D34B00C01AC4
:100330005241411A00D20146524110467047FFE730
:1003400001B5002000F0F0F802BDC0460029F7D04A
:1003500076E7704703460B437FD4002243088B4265
:1003600074D303098B425FD3030A8B4244D3030B3C
:100370008B4228D3030C8B420DD3FF22090212BA01
:10038000030C8B4202D31212090265D0030B8B427D
:1003900019D300E0090AC30B8B4201D3CB03C01A67
:1003A0005241830B8B4201D38B03C01A5241430B42
:1003B0008B4201D34B03C01A5241030B8B4201D332
:1003C0000B03C01A5241C30A8B4201D3CB02C01A9D
:1003D0005241830A8B4201D38B02C01A5241430A15
:1003E0008B4201D34B02C01A5241030A8B4201D304
:1003F0000B02C01A5241CDD2C3098B4201D3CB01AB
:10040000C01A524183098B4201D38B01C01A524159
:1004100043098B4201D34B01C01A524103098B425D
:1004200001D30B01C01A5241C3088B4201D3CB0048
:10043000C01A524183088B4201D38B00C01A52412B
:1004400043088B4201D34B00C01A5241411A00D2DB
:1004500001465241104670475DE0CA0F00D0494244
:10046000031000D34042534000229C4603098B42B4
:100470002DD3030A8B4212D3FC22890112BA030A3C
:100480008B420CD3890192118B4208D389019211BE
:100490008B4204D389013AD0921100E08909C30943
:1004A0008B4201D3CB01C01A524183098B4201D345
:1004B0008B01C01A524143098B4201D34B01C01A30
:1004C000524103098B4201D30B01C01A5241C308A8
:1004D0008B4201D3CB00C01A524183088B4201D317
:1004E0008B00C01A5241D9D243088B4201D34B0032
:1004F000C01A5241411A00D20146634652415B1074
:10050000104601D34042002B00D549427047634654
:100510005B1000D3404201B5002000F005F802BD99
:100520000029F8D016E770477047C0469140030095
:1005300090409C46203A9340194352426346D34030
:10054000194370471C2101231B04984201D3000C5E
:1005500010391B0A984201D3000A08391B09984236
:1005600001D30009043902A2105C40187047C0464C
:10057000040302020101010100000000000000006C
:10058000002B11D1002A0FD1002900D1002802D060
:100590000021C943080007B4024802A14018029094
:1005A00003BDC04685FFFFFF03B4684601B502984E
:1005B00000F052F8019B9E4602B00CBC7047C0464A
:1005C000F0B5CE469946030C9C46130447461B0CD7
:1005D0001D000E0061460404240C80B50700100CB9
:1005E0004B436543414360432C0CC01824188C4690
:1005F000A34203D980235B029846C4444946794309
:100600005643230C2D042D0C8919634424046019CE
:10061000C918C0BCB946B046F0BDC04670B500228E
:100620000C4B04000D0001F07FFB002804D12000DA
:10063000290001F0E5FA70BD064B002220002900D8
:1006400000F0D4FE01F0DCFA80231B069C466044D7
:10065000F1E7C0460000E041F0B557464E4645463A
:10066000DE46E0B504000D009246994683B08B4209
:1006700030D82DD04946504601F060FB29000600D5
:10068000200001F05BFB331A9846203B34D49B4694
:1006900053465A46934042461F00534693401E001D
:1006A000AF423BD8AF4200D179E05B46A41BBD41CD
:1006B000002B00DA76E00022002300920193012350
:1006C0005A4693400193012342469340009329E008
:1006D0008242CFD900220023009201930C9B002B71
:1006E00001D01C605D600098019903B0F0BCBB466E
:1006F000B246A946A046F0BD42469B4620239B1A1F
:100700005246DA40414613004A468A4017004246A4
:100710001F43534693401E00AF42C3D9002200231B
:10072000009201934346002BD8D0FB0772081A436E
:1007300046467B080EE0AB4201D1A2420CD8A41A77
:100740009D41012024196D410021013E24184D4195
:10075000002E06D0AB42EED9013E24196D41002E89
:10076000F8D1009801995B4600196941002B24DB00
:100770002B005A464446D3402A00E2401C005B4608
:100780001500002B2ADB26009E403300260047463A
:10079000BE403200801A9941009001919EE7A34229
:1007A000BCD882E74246202300219B1A00220091F8
:1007B00001920122DA40019285E7424620239B1AEA
:1007C0002A0046469A402300F340444613432A0039
:1007D000E2401C005B461500002BD4DA42462F0095
:1007E0002023260097409B1ADE403B003343CDE791
:1007F000F0B5DE46454657464E46E0B587B0009216
:1008000001930B031B0B9B46CA0F4B000400804651
:100810005B0D029200D198E07C4A934237D0594652
:10082000420FC9000A43802109041143C2009046C7
:10083000774A894692469A44002300240393009EF7
:10084000019F3B031B0B9B467B0030005B0DFD0FA4
:10085000002B59D06D4A934248D05946720FC900B7
:100860000A438021090411438B466949F2008C46F2
:1008700051466344CB1A9A460021029E6E40F6B25E
:100880000F2C00D9CEE0634BA4001B599F465A465B
:100890000243914600D090E09A46022390460824F5
:1008A0000393CCE7CB464246029D0399022900D12F
:1008B000DEE1032900D18DE0012900D079E12E008D
:1008C00000220023002490461B052343F6073343F0
:1008D0004046190007B0F0BCBB46B246A946A04648
:1008E000F0BD002200249046484BEDE75A46009B9D
:1008F0001A43494B9C46E244002A59D102231C4327
:10090000002302219B46B8E75A46009B1A4349D070
:100910005B46002B00D19CE15846FFF713FE020016
:1009200003000B3A1D27009EBA1A19005846D640FC
:1009300008398840320002439346009A8A4037497A
:1009400053448A4600219A4497E75B4603439946FD
:1009500021D05B46002B00D169E15846FFF7F2FD3C
:100960000B235B429C460200844466461D239B1B6E
:10097000260011005846DE40083988403300034302
:10098000994623008B409846254B00249B1A9A4693
:100990000023039353E7002398469A460133042427
:1009A00003934CE701231C43002301219B4664E78A
:1009B0000323320003211C435FE79A460323D946F1
:1009C0000C2403933BE700238024984600260F4B1A
:1009D000240379E780245B4624031C4324032E0070
:1009E00090460A4B240B6FE780244B462403234296
:1009F00002D05B462342F0D080244B4624031C43A4
:100A00002403029E014B240B5EE7C046FF07000053
:100A100001FCFFFF049B061001F8FFFFF303000039
:100A20000DFCFFFFCB4500D2F8E000D1F3E001233D
:100A30005B429C46444648460025E2445B46170E0E
:100A40001B021F43190C3B04120200971F0C914616
:100A500002910397FFF77AFC02007A430B04210C02
:100A6000804619438A4209D9009F0123BC465B4254
:100A700061449C46E0448F4200D85CE1881A0299A8
:100A8000FFF764FC039A240442430904240C030086
:100A90000C43A24206D90099013B8C466444A14212
:100AA00000D842E1A01A424612041A4393464B462C
:100AB00059461B0C1F0004930B0449460904090CFA
:100AC0000C001B0C5C43120C7B43884651437A4359
:100AD000270CBC465B186344994203D98021490224
:100AE0008C466244190C24041B04240C8A181C191B
:100AF000904202D316D1A54214D25B46009F013B1F
:100B00004D4405934D459B41BC465B426344C01830
:100B1000874200D302E1824200D929E100D124E1D9
:100B2000059B9B462C1BA542AD41009B801A6D4244
:100B3000401B834200D10FE10299FFF707FC039AA3
:100B40000B044243210C050019438A4200D9CBE033
:100B5000881A0299FFF7FAFB039A24044243090416
:100B6000240C03000C43A24200D9CAE04146A41A57
:100B70002A041A43049F13041B0C594340467B4329
:100B80009C46150C68430B0C844463447D43984297
:100B900003D98020400284466544180C09041B04D4
:100BA000090C40195B18844227D323D00123350058
:100BB0001A43944B5344002B60DD510700D086E06C
:100BC0002E00D1085A46D20106D55A468E4B1A40FD
:100BD00080239346DB0053448C4A934200DD80E639
:100BE0005A4652070A4390465A465B055402240B64
:100BF0005B0D69E63500002BDBD0009D511EAC4635
:100C00006444AC4200D29EE0844200D2E1E000D1D4
:100C1000EEE00A00CAE7424500D908E74B46DC0788
:100C2000580843465B081C434346DD0706E7FFF7C9
:100C300089FC15239C4684440200634620321C2B09
:100C400000DC92E62300083883409946002398464A
:100C50009AE6FFF777FC02000300153220331C2AC6
:100C600000DC5FE600990838814000228B4666E68A
:100C700000222E0000249046654B25E62E0001211F
:100C8000C91A382900DD1BE61F297EDC61481400E3
:100C900050445B4682408340CC40501E82412343F7
:100CA0001A435B46CB40510709D00F21114004295C
:100CB00005D0111D9142924152429B180A0019021F
:100CC00000D49BE00022012300249046FCE50F2184
:100CD0001140042900D173E7111D91429241524203
:100CE0002E00C90893446DE7009B013D9C4661447A
:100CF0008B4200D92CE78A4200D829E7851E61443F
:100D000026E70099013B8C466444A14200D92DE7B7
:100D1000A24200D82AE7831E644427E7874200D016
:100D2000FEE6A94500D9FBE6F5E6A24200D8B9E601
:100D3000831E6444B6E68A4200D89FE6BC46831E02
:100D4000984661449AE60A00844200D02EE74B455B
:100D500000D02BE735002CE72A4B2F4A534492450D
:100D600043DB0122002193442CE7AC4200D8D7E6B4
:100D700002235B429C4600994D444D459B41E34410
:100D80008C465B426344C018CCE61F204042C31A25
:100D90005846D840202904D05946204B5344994006
:100DA0000A43531E9A4107231900024300241140AD
:100DB000134209D008331340042B1DD0131D934256
:100DC00089411A0049424907D2080A439046002344
:100DD0007AE54946009F4D004D458941BC46494250
:100DE0006144A946023A6418AEE70122524246E73E
:100DF0009945EED30A00AAE70021E5E759075B020F
:100E00001C0BE1E7FF030000FFFFFFFEFE070000F1
:100E1000FF0700001E04000002FCFFFF3E0400006C
:100E2000F0B557464E46DE464546E0B51F000B037B
:100E30001B0B16009A46CA0F4B000400914685B062
:100E40005B0D00D1CFE1CD4A934255D05146420FC0
:100E5000C9000A43802109041143C2009046C84AD0
:100E60008A4693469B440023002502933C037B0063
:100E7000FA0F0196240B5B0D009200D188E1BF4A66
:100E8000934200D192E0BE4A944663449B440A2DAB
:100E900042DCE400730F23438024494624041C43AE
:100EA000F3000193009B00205940CBB20393022D25
:100EB00000DC94E00123AB401D00A6232A00DB00E8
:100EC0001A401D4200D029E290239B001D4200D110
:100ED0004DE20023802499462403A84B10004A4683
:100EE0001B052343D2071343190005B0F0BCBB46D2
:100EF000B246A946A046F0BD52460243904600D0F5
:100F0000ACE19B460223924608250293AEE7009B84
:100F1000A2469946019B9846029B022B00D1CAE14A
:100F2000032B00D192E1012B10D1002300240022D9
:100F3000D4E701227B083A4013435246D2071343B9
:100F4000984653465B089A46039B99465B46581C55
:100F50008023DB005B44002B00DCB1E142465207FA
:100F60000BD00F2241460A40042A06D04246111DEA
:100F7000414592418846524292445246D20106D59A
:100F80005246804B1A4080239246DB00C3187E4AAB
:100F9000934200DD8FE14246D108524652070A4390
:100FA00051465B054C02240B5B0D97E7734B2643C0
:100FB0009C46E344002E00D16FE1032349461D43C4
:100FC000009B5940CBB203930A2D00DD33E101238E
:100FD000AB401D000323029388222A4297D1424648
:100FE00043461204120C160001981D0C030C000459
:100FF000000C4643B4461E006E43009616000700E0
:101000005E436146B0466F430E0CB8444644B74257
:1010100005D9802149028846009F474400976146D0
:101020000904090C370C36048C46310061440191E7
:101030001100260C2404240C61438C4621006943D2
:1010400089466146090C884672434A4442447543C6
:10105000914503D98021490288464544110C8846B0
:1010600061460904090C8C4612046244B9180291C5
:101070005146090C8C4651460F043F0C3900414340
:1010800045448846614641438A4641466046090CCC
:10109000894658437B4353444B449A4503D98021A6
:1010A000490289464844190C894641460904090CFD
:1010B0008846390061431B044344884661464C43DB
:1010C00071438C46414677430E0C3F19F61948444C
:1010D000B44203D9802149028946CC440299009F39
:1010E000894631044F4489464146974292410C0457
:1010F000240C4C44FF1852426419A1189F429B4192
:10110000884682465B42994690459241AC42A44152
:10111000C244D14452426442144399459B418245A2
:1011200092415B42524213434A46360CA419E318DB
:1011300063445B02D20D1A43019992467A020A4334
:10114000501E8241FF0D17434A4652021743B846CC
:10115000DB0100D5EDE60D4B039A5B449146002B75
:1011600000DCACE03A00520700D110E70F225846ED
:101170003A40042A00D0F9E609E7C046FF0700001C
:1011800001FCFFFFFFFFFFFEFE070000FF03000062
:10119000220032436FD0002C00D1C2E02000FFF7C4
:1011A000D1F9020003000B3A1D20821A3000190009
:1011B000D04008398C400200224334008C4059460C
:1011C000CB1A86498B469B440A2D00DDA4E649468E
:1011D000009B01945940CBB2140000200393022DD0
:1011E00000DD67E6FBE65346034398463CD0534692
:1011F000002B00D1A3E05046FFF7A4F90B235B427C
:101200009C460200844411005046083988401D2342
:10121000804660461B1A2000D84003004046034326
:101220009A4623008B4098466C4B00259B1A9B46A0
:10123000002302931AE60F2D00D0C9E08023524606
:101240001B031A4202D01C4200D192E08024534674
:1012500024031C4324034246240B3EE69B460323FF
:1012600080460C25029301E600239A469B460133F3
:1012700004250293FAE501210D430A2D00DD4BE61A
:10128000494600984140C9B20391022D00DC96E026
:1012900000230024012001930CE649460223009A12
:1012A0002B435140CAB203920A2B00DD34E6002DD5
:1012B00057D1039B994600240022494B0EE658461D
:1012C0000121C91A382900DD2FE61F2956DD1F220A
:1012D00054465242D31ADC40202907D0414B4246A3
:1012E0009C465346604483401A4390464246072139
:1012F000531E9A410B00224313400024114209D08F
:101300000F231340042B5DD0111D91429B410A0015
:101310005B425B07D2081A430023DFE5039B994633
:10132000FAE50198FFF70EF90200030015322033A9
:101330001C2A00DC38E7019A083882403FE7FFF7B3
:1013400001F915239C4684440200634620321C2B7D
:1013500000DC58E7002398462300083883409A466B
:1013600062E71D000023002402200193A2E5029001
:1013700032E61C43009B019A9946AEE51A4B524651
:10138000C31840469A40C840024340469840030074
:10139000581E834154461A43CC40530709D00F23AB
:1013A0001340042B05D0131D934292415242A418BE
:1013B0001A00230208D50123002400228EE5894665
:1013C00000248BE50023A5E763076402240BA1E753
:1013D000009BA2469946019B984637E70DFCFFFF0C
:1013E000FF0700003E0400001E040000F0B5574651
:1013F0004E464546DE46E0B583B0009001910C03B1
:101400004D00CE0F610A009C5F00640F0C430099F1
:1014100000920193C80019037B0D9946019BCC4FA4
:10142000DB0F9C464B0A00998046490F1943009BED
:101430008B46DA0092466D0DB94500D1BFE001231D
:10144000614659404B468C46EB1A8E4275D0002BB4
:1014500000DCA3E24946002900D1CEE0BD4200D124
:1014600000E20127382B19DC802759463F04394315
:101470008B461F2B00DDFAE12027F91A8C465946CE
:101480006746B9400F001100D9400F4361468A40BA
:10149000511E8A415946D9401743641AC71BB842A6
:1014A00080414042241A230200D440E16402640ACD
:1014B000002C00D154E12000FFF744F80300083B62
:1014C00020213800CA1AD0409C4002009F4022438D
:1014D0009D4200DDA6E1581B0130091A3C008F40F7
:1014E000C4407B1E9F4113008B4027431F43C240D3
:1014F0003B0014000025134300D1F7E17B0700D126
:1015000077E30F2338003B40042B04D0381DB8424A
:10151000BF417F42E419230200D468E38C4B0135BC
:101520009D4200D1F4E08B4B6D051C406D0D6707AB
:10153000C00864020743240BECE0002B00DC29E325
:101540004946002900D0D6E05946114300D12EE18A
:10155000591E012B00D1E6E1BB4200D182E10127F7
:101560000B00382914DC1F2B00DD3CE22027F91A80
:101570008C4659466746B9400F001100D9400F43C9
:1015800061468A40511E8A415946D9401743641822
:101590003F188742804140422418230200D4C6E00D
:1015A0006B4B01359D4200D1B2E00121694B7A08B5
:1015B0001C4039400A43E707174364089EE7664B1F
:1015C00011438A46EB18002928D066452CD0002B01
:1015D0005BD0002D00D12CE15B4666465F07D20848
:1015E0001743DD083B002B4300D1E2E080242403B5
:1015F0002C432403564D240B8CE05946114300D153
:10160000D5E0591E012B00D1B9E1BB4200D1B1E1B7
:1016100001270B00382900DD40E72AE76146012752
:1016200079408C466645D2D1002B00D1C5E0002D13
:1016300000D055E14B462500054300D112E2591E6A
:101640008C46012B00D149E2414DAB4200D18FE2E3
:101650000127382911DC63461F2B00DD5BE2614660
:10166000202327005B1A050098409F40CD40431E71
:101670009841CC402F430743A344BF18974292415F
:1016800052425A4414004D4687E7344F6B1C3B428C
:1016900000D0B6E05946230011430F000343002D4C
:1016A00000D026E1002B00D1C0E1002900D1A1E04B
:1016B000831A98465B464045AD41E31A6D425B1B79
:1016C00080252D042B4200D14BE15B46101A82424B
:1016D00092411C1B0700012663465242A41A27436D
:1016E0001E40002F00D142E12C4200D16DE2194B87
:1016F00001251C401BE7BD4200D13BE10127382BEF
:1017000000DD45E7802759463F0439438B462AE7E9
:10171000002400272D052543F6073543380029000E
:1017200003B0F0BCBB46B246A946A046F0BD7B075D
:1017300004D00F233B40042B00D0E7E62B00F80831
:10174000034A67070743E508934200D14AE7A5E04B
:10175000FF070000FFFF7FFF01F8FFFFFE0700000B
:101760003800FEF7EFFE030018331F2B00DCA7E65E
:101770003A00083882409D4200DD8AE05B1B581C1D
:101780001F2800DCD8E117001F3BDF40202805D0D0
:1017900040231B1A9A40531E9A4117430025002FDD
:1017A00000D1E5E07B0700D0ABE62C00C6E7C0081F
:1017B000C6E700270024D14DACE7D14F6B1C3B425C
:1017C00071D123000343002D00D04EE15746002B7A
:1017D00000D1B5E1002F0DD08318834280415C44D5
:1017E00040422418220200D5C8E11F009846274332
:1017F00000D1BCE043466707DB081F43E508002330
:101800004CE0831A98465B464045BF41E31A7F424D
:10181000DB1B1F027CD447461F4300D1A6E01C00FF
:10182000474645E6B74CED1A14407B0700D080E7E9
:1018300084E74B462500054366D05F1E012B00D18F
:10184000FCE0AE4DAB4200D15EE16646382F00DCD5
:10185000B4E00120171ABA4292415B4652424D460B
:101860009C1A20E66707C0080743E508BAE61F0090
:101870005946203FF9400F00202B05D04021CB1ABC
:10188000594699400A43924653465A1E93411F4374
:1018900004E6EB1A9B4D15406F07ED082C035D0520
:1018A000240B6D0D36E7954DAB4200D1D6E0821882
:1018B000210082428041594440420818C70752081B
:1018C00017434408520700D485E10F221D003A4017
:1018D000042A00D01AE6FF08640727430509DDE75C
:1018E0005B46D2085F071743DD087BE6002700242C
:1018F00010E7002B00D0D6E0002900D02FE1802493
:1019000000267E4D240305E766465C46D00817E7AF
:101910005B46171ABA4292411C1B0126634652428B
:10192000A41A1E40C4E58318834280415C444042AF
:1019300025182A0200D4DAE0724A5B081540EA074B
:101940001A4369085B0700D44AE10F231340042BB4
:1019500000D1FCE0171D9742A4416442022564189F
:10196000ECE647461C001F4300D043E70026002555
:101970000024CFE6C00867070743E50832E6871A68
:101980005B46B8428041E41A4042241A230228D41C
:101990006307FF081F43E50801237FE7002B00D101
:1019A00073E64B465F1B3B00002D00D142E7382F0A
:1019B00000DDECE080230E001B041C431F2F25DC00
:1019C00020252300ED1B0100A840AB40F940451E37
:1019D000A8410B43FC4018435B461B1B9B4639E761
:1019E0006646012562E51F005946203FF9408C46B6
:1019F000202B05D040275946FB1A99400A439246AE
:101A000057467B1E9F4163461F43C1E53B002500AF
:101A1000203BDD40202F04D04023DB1B9C40204393
:101A200080464046431E9841284313E700299DD035
:101A3000012663465C4690461E40DBE6171A5B466D
:101A4000BA4292411C1B5242A41A2302C8D4630713
:101A5000FF081F4366460123E5081FE71D00002419
:101A6000002757E65C46D0086AE6002B00D137E72E
:101A70005346C00867070743E508002B00D1B1E5CE
:101A800080231B031D4208D05946C808184204D1C0
:101A9000D20849070A43170005007B0FFF00FF0823
:101AA0005B071F439EE5C00863071843E50800294C
:101AB00053D080231B031D420AD05946CC081C4238
:101AC00006D1012663462500D008490708431E4079
:101AD000470FC000C0087F07074383E58318934280
:101AE00092415C445242A5182A0200D524E76F07B0
:101AF000DB081F43ED080123D0E6C046FF070000C6
:101B0000FE070000FFFF7FFF5B46D2085F076646C7
:101B10001743DD0866E52500203BDD406346202BAA
:101B200005D0402361465B1A9C40204380464746CF
:101B30007B1E9F412F43A0E520210027091AD2E4F4
:101B4000002F00D113E75C4617000025F6E5D70803
:101B5000490702230F432D09A0E6070042E55B4633
:101B600001265F07DD086346D20817431E4039E5AA
:101B70005B46D2085F071743DD0833E51E4ADB08E2
:101B800022405707520201251F43140BC2E50E00E5
:101B900001205FE6002B0DD04B465B1B9C46002DC1
:101BA00000D148E50127382B00DD66E580231B04C2
:101BB0001C4350E56B1C114D2B4200D073E6594677
:101BC000230011438A46034300E66707C008002349
:101BD0000743E50862E66407FF08274305095DE659
:101BE000D208490711430F0002232D0956E60700CA
:101BF000A4E538008FE4C046FFFF7FFFFE0700002A
:101C00000B00020070B5164D0C0382B04900002095
:101C100000920193240B490DDE0FA94204DD114807
:101C2000814203DD104BF01802B070BD80204003EC
:101C300020430E4C641A1F2C08DD0D4B5B1AD84054
:101C400003005842002EEFD11800EDE7094B009A2F
:101C50009C46030061448B40E2401343F1E7C046D9
:101C6000FE0300001D040000FFFFFF7F330400009F
:101C700013040000EDFBFFFF10B5041E10D0FEF7AB
:101C800061FC0E4B1B1A5B055B0D0A280FDC0B2257
:101C90002100121AD14015300A038440120B01E0D2
:101CA000002300221B0513432000190010BD220051
:101CB0000B38824012030024120BF3E71E040000CD
:101CC0008446100062468C461900634600E0C04618
:101CD0001FB500F0F3F8002801D40021C8421FBD51
:101CE00010B500F037F84042013010BD10B500F0DB
:101CF000E5F8002801DB002010BD012010BDC04622
:101D000010B500F0DBF8002801DD002010BD012037
:101D100010BDC04610B500F061F8002801DC0020BD
:101D200010BD012010BDC04610B500F057F80028C6
:101D300001DA002010BD012010BDC04610B50029F9
:101D400003D1FEF7FFFB203002E00800FEF7FAFBAC
:101D500010BDC046F0B55746DE464E464546E0B596
:101D60000D000400E80F83460903D80F090B8246D3
:101D700019488C461F0369005E00490D3F0B760D24
:101D8000814218D086420FD00120B1420DD1BC450E
:101D90000BD1944209D1D3451CD0002905D160460E
:101DA0002043431E984100E00120F0BCBB46B246F0
:101DB000A946A046F0BD01208E42F6D161463943C6
:101DC0000F0017432743F0D15B465246981A431E33
:101DD0009841EAE70020E8E7FF070000F0B5574622
:101DE0004E464546DE46E0B50D000E034900490D5E
:101DF0008A46DF0FE90FBC4683B02F4F04008046B0
:101E00000191580019039146360B090B400DBA4554
:101E10001DD0B8420DD05746002F2AD13443002898
:101E200024D10A4336D0002C41D1634658000138F2
:101E300015E0114338D15346002B01D12643F4D08D
:101E4000019B634507D1019B5800013807E02643F9
:101E50002AD1504521D00120019B5F42384303B075
:101E6000F0BCBB46B246A946A046F0BD002CDCD073
:101E7000E6E70028EFD0019B6345ECD18245EADC20
:101E8000E1DB8E42E7D8DED1C845E4D80020C84562
:101E9000E5D2D8E7002CE2D0DDE7114304D1019B65
:101EA0006345D8D10020DAE702204042D7E7019B02
:101EB0006345E6D0CFE7C046FF070000F0B55746C0
:101EC0004E464546DE46E0B50D000E034900490D7D
:101ED0008A46DF0FE90FBC4683B02E4F04008046D0
:101EE0000191580019039146360B090B400DBA4574
:101EF0001ED0B8420DD05746002F27D134430028BA
:101F000033D10A4334D0002C40D163465800013805
:101F100015E0114312D15346002B01D12643F4D0D2
:101F2000019B63451DD00120019B5F42384306E0C1
:101F3000264303D15045F6D111431CD0022003B0F3
:101F4000F0BCBB46B246A946A046F0BD0028EAD088
:101F5000019B6345E7D18245E5DC02DB8E42E2D896
:101F60000ED0019B58000138E9E7002CCDD0D7E70F
:101F7000002CE4D0D7E7019B00206345DFD0D2E7F7
:101F8000C845D0D80020C845D9D2EAE7019B6345AF
:101F9000E4D0C8E7FF07000080B500AF074A802300
:101FA0009B000021D154054B054A00219954034B55
:101FB000044A00219954C046BD4680BD94010020CA
:101FC000010200000202000080B582B000AF0200F2
:101FD000FB1D1A701F4B204A9B5C002B34D11D4AFD
:101FE00080239B00D35C19001A4BFA1D12785A54B7
:101FF000184A80239B00D35C0133D9B2154A802351
:102000009B00D154134A80239B00D15C114A80234A
:102010009B00D1540F4A80239B00D35C01330F4AAD
:10202000134003D5013B0E4A134301331900094BFA
:102030000C4A9B5CCB1A5A425341DBB21900054B48
:10204000054A9954012300E000231800BD4602B060
:1020500080BDC0469401002002020000FF01008004
:1020600000FEFFFF0102000080B582B000AFBB1D83
:10207000012252421A80214A80239B00D25C1F4BCE
:102080001F495B5C9A4204D11C4B1E4A9B5C002B8F
:102090002DD01A4B1A4A9B5C1A00184B9A5CBB1D38
:1020A0001A80164B164A9B5C0133D9B2134B144A63
:1020B0009954124B124A995C104B114A99540F4A89
:1020C00080239B00D35C01330F4A134003D5013BAF
:1020D0000E4A134301331900084B094A9B5CCB1A83
:1020E0005A425341DBB21900044B064A9954BB1DB6
:1020F00000229B5E1800BD4602B080BD9401002006
:102100000102000002020000FF01008000FEFFFF4C
:1021100080B500AF0A4A80239B00D25C084B094976
:102120005B5C9A4206D1064B074A9B5C002B01D1AF
:10213000012300E00023DBB21800BD4680BDC0468D
:1021400094010020010200000202000090B589B055
:1021500000AF08243B19180018231A00002126F0AC
:102160007BFB3B00180008231A00002126F074FBBB
:102170003B1905221A603B19802252025A603B1912
:1021800004221A613B1918000BF0A4FB031E01D0B6
:1021900000230FE03B0000221A603B0000225A603F
:1021A0003B00102118000BF0DFFC031E01D00023C0
:1021B00000E001231800BD4609B090BD80B586B08F
:1021C00000AF3B00180018231A00002126F044FB42
:1021D0003B0002221A603B00802252015A613B0000
:1021E00018000BF057FE031E01D0002300E001236E
:1021F0001800BD4606B080BD80B582B000AF0F4B61
:102200001B78002B01D0012313E006F0CDF9012348
:102210007B60FFF7D3FF031E01D100237B60FFF734
:1022200095FF031E01D100237B60044B01221A702D
:102230007B681800BD4602B080BDC04697030020F1
:1022400080B500AF72B6C046C046FDE780B500AFAE
:1022500072B6C046C046FDE7F0B5D6464F46464684
:10226000C0B5B8B00AAF05000C0010001900FB1D86
:102270002A1C1A70BB1D221C1A707B1D021C1A70AE
:102280003B1D0A1C1A70FB1D1E78BB1D1B7898464F
:102290007B1D1C783B1D1D7802F04EFE0300994605
:1022A00004F064F903001B0A9BB29A4604F05EF93D
:1022B00003001A00FF23134013490822B81808939B
:1022C00053460793082306934B460593062304932E
:1022D00001230393032302930195009443463200A4
:1022E00026F09EF9002004F089FA0822BB18180095
:1022F00004F03AFA04F0B8FAC046BD462EB0E0BC8D
:10230000BA46B146A846F0BD90960610F0B59DB00D
:1023100004AF040008001100FB1D221C1A70BB1D35
:10232000021C1A707B1D0A1C1A70FB1D1B78002BE7
:1023300001D1022100E00121FB1D1B78002B01D0FF
:10234000022000E00120BB1D1C787B1D1D78FB1DB9
:102350001B78002B01D1042300E00323FA1D12781F
:10236000002A01D0042200E003220E4EB4460826C3
:10237000BE19039202930195009403000A0061467E
:10238000300026F04DF9002004F038FA0826BB1979
:10239000180004F0E9F904F067FAC046BD4619B028
:1023A000F0BDC04618970610F0B5DE4657464E46BB
:1023B0004546E0B5A5B00AAF02000F23FB181A701E
:1023C0000E23FB180A1C1A700F23FB181B78002B16
:1023D00002D10623994601E0052399460E23FB18F6
:1023E0001B787B600F23FB181B78002B01D1082280
:1023F00000E007220F23FB181B78012B01D10621D7
:1024000000E005210F23FB181B78012B01D10820C8
:1024100000E007200F23FB181B78022B01D10824B2
:1024200000E007240F23FB181B78022B01D106259F
:1024300000E005250F23FB181B78032B01D108268C
:1024400000E007260F23FB181B78032B02D106237D
:102450009C4601E005239C460F23FB181B78042BA8
:1024600002D10823984601E0072398460F23FB1862
:102470001B78042B02D10623BB6001E00523BB605F
:10248000174B3B6008239A4608239B46BB44DA441B
:10249000BB680893434607936346069305960495E5
:1024A00003940290019100927B684A463968504635
:1024B00026F0B6F8002004F0A1F9082308229B18A2
:1024C000DB19180004F050F904F0CEF9C046BD46FF
:1024D0001BB0F0BCBB46B246A946A046F0BDC04604
:1024E00068970610F0B5DE4657464E464546E0B5BD
:1024F000A5B00AAF05000C00100019000F26BB198B
:102500002A1C1A700E23FB18221C1A700D23FB18AC
:10251000021C1A700C23FB180A1C1A70BB191B78BA
:10252000002B02D102239C4601E001239C460F238D
:10253000FB181B78012B02D10223984601E00123EE
:1025400098460F23FB181B78022B01D1022200E0D2
:1025500001220F23FB181B78032B01D1022100E07D
:1025600001210E23FB181B7899460D23FB181B78BD
:102570009A460C23FB181B789B46882308201B18BF
:10258000DB191B78BB600F23FB181B78002B01D1D4
:10259000042400E003240F23FB181B78012B01D136
:1025A000042500E003250F23FB181B78022B01D123
:1025B000042600E003260F23FB181B78032B02D10F
:1025C00004233B6001E003233B6017487860082048
:1025D0000823C018C0193B6809930896079506940C
:1025E000BB6805935B460493534603934B460293A3
:1025F0000191009243466246796826F011F8002066
:1026000004F0FCF808200823C318DB19180004F0B4
:10261000ABF804F029F9C046BD461BB0F0BCBB4680
:10262000B246A946A046F0BDC8970610F0B5DE46F2
:1026300057464E464546E0B5CBB014AF05000C00FA
:10264000100019003723FB182A1C1A7036257B1935
:10265000221C1A703526BB19021C1A7034243B192F
:102660000A1C1A70A62330201B18DA19D0210B1867
:10267000DB191B78DB0813700B18DB191B7803229E
:102680001340DAB2A5231B18DB19111C09018A1AA1
:102690001A70A4231B18DB19D4210A18D219127836
:1026A000D2081A700B18DB191B7803221340DAB218
:1026B000A3231B18DB19111C09018A1A1A70A72100
:1026C0000B18DB197A1912781A703A19BB1912789B
:1026D0001B789A420ED20B18DB197A191278013244
:1026E0001A700B18DB191B780D2B03D10B18DB1993
:1026F00001221A703723FB181B78002B02D102230A
:102700003B6301E001233B633723FB181B78012B5C
:1027100002D10223FB6201E00123FB623723FB1895
:102720001B78022B02D10223BB6201E00123BB62B2
:102730003623FB181B783B613523FB181B78FB60A5
:10274000A72330229B18DB191B78BB603423FB18AE
:102750001B787B603723FB181B78002B02D10423E6
:102760007B6201E003237B623723FB181B78012B7C
:1027700002D104233B6201E003233B623723FB18B1
:102780001B78022B02D10423FB6101E00323FB61D0
:102790003723FB181B78032B02D10223BB6101E016
:1027A0000123BB613723FB181B78042B02D10223C2
:1027B0007B6101E001237B613723FB181B78052B2C
:1027C00002D102239B4601E001239B463723FB18DD
:1027D0001B78062B02D10223994601E0012399467A
:1027E000A62330229B18DB191B789A46A5239B1839
:1027F000DB191B789846A4239B18DB191B789C4691
:10280000A3239B18DB191E783723FB181B78032B97
:1028100001D1042500E003253723FB181B78042B86
:1028200001D1042400E003243723FB181B78052B77
:1028300001D1042200E003223723FB181B78062B6A
:1028400001D1042300E00323214939600C20302109
:102850004018C01913931292119410950F96634665
:102860000E9343460D9353460C934B460B935B4696
:102870000A937B690993BB690893FB6907933B6AD9
:1028800006937B6A05937B680493BB680393FB689C
:1028900002933B690193BB6A0093FB6A3A6B396808
:1028A00025F0BEFE002003F0A9FF0C203023C31842
:1028B000DB19180003F058FF03F0D6FFC046BD46F1
:1028C00037B0F0BCBB46B246A946A046F0BDC046F4
:1028D0000C980610F0B5DE4657464E464546E0B524
:1028E000B7B00AAF02000E23FB181A8002F0DCFC1E
:1028F000031E09D1564A102308215B18DB19110069
:10290000180025F08DFE8DE00E257B1900241C5F3C
:1029100002F0CAFC03009C4200DB7AE07B19002233
:102920009B5E002B75DB7B191A88082308215B1836
:10293000DB191100180002F0CBFC7B1900229B5E12
:10294000002B01DC052500E006250E23FB180024E2
:102950001C5F02F0A9FC0300013B9C4201DB072144
:1029600000E008210E23FB1800229A5E3A6008203E
:1029700008228318DB191B7898468318DB195B78CB
:1029800099468318DB191B799A468318DB199B78C3
:10299000DB08DBB29B4614008318DB199B781A0016
:1029A00003231A4013001B019E1A22008318DB190F
:1029B000DB78DB08DBB2BB6014008318DB19DB7843
:1029C0001A0003231A4013001B019A1A0319DB197A
:1029D0005B797B600319DB199B791E4884461020C4
:1029E0000019C01909937B6808930792BB68069386
:1029F00005965B460493534603934B460293434626
:102A000001933B6800930B002A00614625F008FE05
:102A100008E0114A102308215B18DB191100180087
:102A200025F0FEFD002003F0E9FE102308229B188C
:102A3000DB19180003F098FE03F016FFC046BD46F0
:102A40002DB0F0BCBB46B246A946A046F0BDC0467C
:102A5000B4980610E09806104C99061080B582B024
:102A600000AF78600E4B7A681A600E4B00221A7025
:102A70000D4B01221A7002F0D1FC02F06FFF04F03E
:102A80000DFC02F095F903F083FD002005F0C8FC71
:102A9000022005F0C5FC01231800BD4602B080BD30
:102AA000980300209C0300209D03002080B582B085
:102AB00000AF3B1D1860054B1A683B1D19681000DC
:102AC00002F0E1F8C046BD4602B080BD9803002088
:102AD000B0B584B000AF3B1D00221A703B1D002230
:102AE0005A800F257C1902F0DBFC030023704D4B4C
:102AF0001B787A1912789A422FD04B4B1B683233CD
:102B00001C0004F017FC03009C4226D23B1D04224B
:102B10001A70444B1A787B191B785340DBB21B02A6
:102B20009AB27B191B789BB2D3189AB23B1D5A807C
:102B30003C4B7A1912781A7004F0FCFB02003A4BF5
:102B40001A6004F0F7FB0200384B1A60384B012280
:102B50001A703B1D1868FFF7A9FF354B1B781D0045
:102B6000324B1B68334A9C1804F0E4FB03009C4280
:102B70009B415B42DBB22B400CD03B1D09221A70FB
:102B80003B1D00225A802A4B00221A703B1D1868F8
:102B9000FFF78CFF284B1B78002B2CD1274B1B7881
:102BA000002B28D104F0C6FB0200FA239900100084
:102BB000FDF7CCFB0B1E1ED104F0E4F903005AB262
:102BC0001F4B1A7004F0D0F903005AB21D4B1A7053
:102BD00004F0BCF903005AB21B4B1A7004F0A8F9B8
:102BE00003005AB2194B1A703B1D02221A703B1D8A
:102BF0001868FFF75BFF08217B183A1D12681A60FE
:102C00007A18002311880904090C1B0C1B040B43C0
:102C1000528812041B041B0C13431800BD4604B059
:102C2000B0BDC04614260020A8030020AC0300203D
:102C3000B0030020307500009D0300209C0300209D
:102C4000A1030020A2030020A3030020A40300206E
:102C5000B0B58EB002AF3B1D18602F23FB180022C9
:102C60001A702E23FB18CA4A12781A703B1D1B7863
:102C70005BB2092B08D13B1D5B88002B04D1C54BEF
:102C800001221A7003F0E9FDC24B1B78002B2DD0F6
:102C90003B1D1B785BB2042B01D001F0B7FABD4B92
:102CA00000221A702E23FB1800221A702F23FB1803
:102CB00001221A7003F0CAFD04F064F903005AB24D
:102CC000B54B1A7004F050F903005AB2B34B1A70A6
:102CD00004F03CF903005AB2B14B1A7004F028F921
:102CE00003005AB2AF4B1A7001F090FAA84B1B7850
:102CF000062B01D901F07BFA9A00AB4BD3181B6865
:102D00009F463B1D1B785BB2022B11D1A54B1B7854
:102D10005BB2D8B2A24B1B785BB2D9B29F4B1B7887
:102D20005BB2DAB29C4B1B785BB2DBB2FFF794FA72
:102D30003B1D1B785BB2042B01D001F05AFA3B1DFE
:102D40005B881A0080235B00134014D03B1D5B8816
:102D50001A00012313400ED12E23FB1801221A70F2
:102D60002F23FB1801221A70904B00221A70904BEF
:102D700000221A70B4E03B1D5B881A0080239B0080
:102D8000134014D03B1D5B881A00022313400ED160
:102D90002E23FB1802221A702F23FB1801221A700F
:102DA000824B00221A70824B00221A7098E03B1D61
:102DB0005B881A008023DB0013400ED03B1D5B882C
:102DC0001A000423134008D12E23FB1804221A7082
:102DD0002F23FB1801221A7082E03B1D5B881A002A
:102DE00080231B0113400ED03B1D5B881A00082373
:102DF000134008D12E23FB1805221A702F23FB182D
:102E000001221A706CE03B1D5B881A0080235B0175
:102E100013402AD03B1D5B881A001023134024D195
:102E200002F08AF803001A002B243B19053A1A70A5
:102E300002F098F803001A003B191B7811001800E3
:102E400002F038F8574B1B785BB2D8B2544B1B7862
:102E50005BB2D9B2514B1B785BB2DAB24E4B1B78E6
:102E60005BB2DBB2FFF7F8F93AE03B1D5B881A0072
:102E700080239B01134001D101F0BBF93B1D5B880E
:102E80001A002023134001D001F0B3F902F054F8E6
:102E900003001A002A243B1905321A703B191B78CB
:102EA000642B09D802F05EF803001A003B191B7866
:102EB0001100180001F0FEFF3A4B1B785BB2D8B24C
:102EC000374B1B785BB2D9B2344B1B785BB2DAB2AA
:102ED000314B1B785BB2DBB2FFF7BEF901F089F929
:102EE00001F087F93B1D1B785BB2022B0BD1314BF4
:102EF00000221A702F4B18782C4B19782C4B1B780A
:102F00001A00FFF703FA3B1D1B785BB2042B01D0BC
:102F100001F071F93B1D5B881A0080235B001340B0
:102F20000ED03B1D5B881A000123134008D12E23CD
:102F3000FB1800221A702F23FB1801221A70E8E0F8
:102F40003B1D5B881A0080239B00134034D03B1D3F
:102F50005B881A00022313402ED124217B180B22F8
:102F60001A70124B1B781B029BB2114A12789B18E5
:102F70009AB27B185A807B18186802F0BDFF2E2386
:102F8000FB1800221A702F23FB1801221A70C0E0D0
:102F90009C0300209D030020A1030020A203002029
:102FA000A3030020A403002044A106109F030020D7
:102FB000A00300209E0300203B1D5B881A00802395
:102FC000DB0013402BD03B1D5B881A000423134009
:102FD00025D1D54B1B78002B0DD1D44B1B78013B51
:102FE000DAB2D24B1A70D14B1B78FF2B0DD1CF4BDD
:102FF00064221A7009E0CE4B1B78013BDAB2CC4B4D
:103000001A70CB4B1A78CA4B1A70C74B1878C74B3B
:103010001978C74B1B781A00FFF778F979E03B1D48
:103020005B881A0080231B0113402FD03B1D5B8857
:103030001A000823134029D1BB4B1B78002B10D159
:10304000BA4B1B780133DAB2B84B1A70B74B1B7806
:1030500064211800FDF77AF90B00DAB2B34B1A704D
:1030600009E0B34B1B780133DAB2B14B1A70B04BA5
:103070001A78AF4B1A70AC4B1878AC4B1978AC4B34
:103080001B781A00FFF742F901F0C0F83B1D5B887E
:103090001A0080235B01134017D03B1D5B881A0088
:1030A0001023134011D1A04B1B785A425341DBB27D
:1030B0001A009D4B1A709C4B18789C4B19789C4BAE
:1030C0001B781A00FFF722F923E03B1D5B881A00EA
:1030D00080239B01134001D101F08DF83B1D5B88DB
:1030E0001A002023134001D001F085F88E4B1B7885
:1030F0005A425341DBB21A008B4B1A708A4B187834
:103100008A4B19788A4B1B781A00FFF7FFF801F0F9
:1031100072F801F070F83B1D1B785BB2022B27D1CF
:10312000814B00221A70834B00221A70824B0022BE
:103130001A70824B00221A70814B00221A70814B48
:1031400000221A70784B18787A4B19787A4B1B78D2
:103150000133DCB2794B1B780133DDB2784B1B783D
:10316000784A1278019200932B002200FFF75EFA52
:103170003B1D1B785BB2042B01D001F03EF83B1DD8
:103180005B881A0080235B0013400ED03B1D5B88D8
:103190001A000123134008D12E23FB1800221A70B5
:1031A0002F23FB1801221A7022E23B1D5B881A00B4
:1031B00080239B0013400ED03B1D5B881A00022326
:1031C000134008D12E23FB1803221A702F23FB185B
:1031D00001221A700CE23B1D5B881A008023DB0081
:1031E000134000D1D0E03B1D5B881A00042313403C
:1031F00000D0C9E04C4B1B78062B00D9A6E09A0002
:10320000514BD3181B689F464A4B1B78013BDAB2DF
:10321000484B1A70474B1B78FF2B00D098E0454B6A
:103220000C221A7094E0444B1B78013BDAB2424BFB
:103230001A70414B1B78FF2B00D08BE03E4B1E22B7
:103240001A7087E03D4B1B78013BDAB23B4B1A709A
:103250003A4B1B78FF2B00D07EE0384B1E221A70B1
:103260007AE0374B1B781A00F82313400DD1344B0A
:103270001B785BB2032213405BB2482252421343D5
:103280005BB2DAB22E4B1A7067E02D4B1B78083B0D
:10329000DAB22B4B1A7060E0294B1B78002B03D15C
:1032A000274BBB221A7058E0254B1B78013BDAB242
:1032B000234B1A70224B1B7804229343DAB2204B23
:1032C0001A704AE01F4B1B781A00F82313400DD1E7
:1032D0001C4B1B785BB2032213405BB24822524264
:1032E00013435BB2DAB2174B1A7036E0154B1B78FA
:1032F000083BDAB2134B1A702FE0124B1B78002BED
:1033000003D1104BBB221A7027E00E4B1B78013BF8
:10331000DAB20C4B1A700B4B1B7804229343DAB2CF
:10332000084B1A7019E0C0469E0300209F0300203E
:10333000A0030020B1030020B2030020B30300204B
:10334000B4030020B503002060A10610C04604E0CD
:10335000C04602E0C04600E0C046BD4B1878BD4BF9
:103360001978BD4B1B780133DCB2BC4B1B780133A1
:10337000DDB2BB4B1B78BB4A1278019200932B0045
:103380002200FFF753F933E13B1D5B881A008023CD
:103390001B01134000D1C1E03B1D5B881A000823CC
:1033A000134000D0BAE0AA4B1B78062B00D999E055
:1033B0009A00AD4BD3181B689F46A64B1B78013370
:1033C000DAB2A44B1A70A34B1B780D211800FCF73E
:1033D000BDFF0B00DAB29F4B1A7088E09E4B1B7842
:1033E0000133DAB29C4B1A709B4B1B781F211800DB
:1033F000FCF7ACFF0B00DAB2974B1A7077E0974BF3
:103400001B780133DAB2954B1A70944B1B781F214D
:103410001800FCF79BFF0B00DAB2904B1A7066E0C5
:103420008F4B1B781A00F8231340B82B07D18C4B15
:103430001B7803221340DAB2894B1A7057E0884B8D
:103440001B780833DAB2864B1A7050E0844B1B7835
:10345000BB2B03D1824B00221A7045E0804B1B78B6
:103460000133DAB27E4B1A707D4B1B781A000423AD
:10347000134039D07A4B1B780433DAB2784B1A7088
:1034800032E0784B1B781A00F8231340B82B07D191
:10349000744B1B7803221340DAB2724B1A7026E089
:1034A000704B1B780833DAB26E4B1A701FE06D4B0D
:1034B0001B78BB2B03D16B4B00221A7016E0694BB3
:1034C0001B780133DAB2674B1A70664B1B781A000F
:1034D000042313400AD0634B1B780433DAB2614BE8
:1034E0001A7003E0C04602E0C04600E0C046584BF8
:1034F0001878584B1978584B1B780133DCB2574B6E
:103500001B780133DDB2564B1B78564A1278019274
:1035100000932B002200FFF789F869E03B1D5B88D0
:103520001A0080235B01134029D03B1D5B881A00E1
:103530001023134023D1464B1B78013BDAB2444B96
:103540001A70434B1B78FF2B02D1414B06221A7095
:103550003F4B18783F4B19783F4B1B780133DCB257
:103560003E4B1B780133DDB23D4B1B783D4A127850
:10357000019200932B002200FFF758F838E03B1D22
:103580005B881A0080239B01134001D100F035FEB7
:103590003B1D5B881A002023134001D000F02DFE54
:1035A0002B4B1B780133DAB2294B1A70284B1B784E
:1035B00007211800FCF7CAFE0B00DAB2244B1A7080
:1035C000234B1878234B1978234B1B780133DCB23B
:1035D000224B1B780133DDB2214B1B78214A127834
:1035E000019200932B002200FFF720F800F005FE67
:1035F00000F003FE3B1D1B785BB2022B0BD1144B7A
:1036000000221A70124B1878184B1978184B1B7837
:103610001A00FEF77BFE3B1D1B785BB2042B01D02A
:1036200000F0EDFD3B1D5B881A0080235B0013401A
:1036300020D03B1D5B881A00012313401AD12E2392
:10364000FB1802221A702F23FB1801221A70F5E0D2
:103650009E030020B1030020B2030020B30300202A
:10366000B4030020B50300207CA106109F030020B6
:10367000A00300203B1D5B881A0080239B001340A1
:1036800034D03B1D5B881A00022313402ED1964B89
:103690001A781C217B181A70944B1B780133DAB20C
:1036A0007B185A70924B1B780133DAB27B181A716F
:1036B000904B1A787B189A708F4B1A787B18DA70B7
:1036C0008E4B1A787B189A718D4B1A787B185A7129
:1036D0007B181868596801F077FD2E23FB1800222B
:1036E0001A702F23FB1801221A70A7E03B1D5B887C
:1036F0001A008023DB00134027D03B1D5B881A0093
:103700000423134021D17F4B1B78002B0DD17C4B20
:103710001B78013BDAB27A4B1A70794B1B78FF2B7E
:1037200009D1774B64221A7005E0744B1B78013B7A
:10373000DAB2724B1A70734B1878714B19786F4B61
:103740001B781A00FEF7E2FD78E03B1D5B881A004B
:1037500080231B0113402ED03B1D5B881A000823D9
:10376000134028D1674B1B78002B10D1644B1B787A
:103770000133DAB2624B1A70614B1B786421180076
:10378000FCF7E4FD0B00DAB25D4B1A7009E05B4B0D
:103790001B780133DAB2594B1A70584B1A78574BD1
:1037A0001A70584B1878564B1978544B1B781A00DE
:1037B000FEF7ACFD42E03B1D5B881A0080235B01F5
:1037C000134017D03B1D5B881A001023134011D102
:1037D0004C4B1B785A425341DBB21A00494B1A70CA
:1037E000484B1878464B1978444B1B781A00FEF763
:1037F0008DFD23E03B1D5B881A0080239B01134055
:1038000001D100F0FCFC3B1D5B881A002023134013
:1038100001D000F0F4FC3B4B1B785A425341DBB221
:103820001A00384B1A70374B1878354B1978334BD0
:103830001B781A00FEF76AFD00F0E1FC00F0DFFCE7
:103840003B1D1B785BB2022B30D12E4B00221A702D
:1038500003F098FB03005AB22B4B1A7003F084FB61
:1038600003005AB2294B1A7003F070FB03005AB2DE
:10387000274B1A7003F05CFB03005AB2254B1A70F9
:10388000204B1878234B1B785BB2D9B2204B1B78A6
:103890005BB2DAB21D4B1B785BB2DCB21A4B1B7801
:1038A0005BB2DBB200932300FEF71CFE3B1D1B78CE
:1038B0005BB2042B01D000F0A4FC3B1D5B881A0016
:1038C00080235B00134027D03B1D5B881A00012337
:1038D000134021D12E23FB1800221A702F23FB182E
:1038E00001221A7062E2C046B1030020B203002038
:1038F000B3030020B4030020B5030020A003002080
:103900009F0300209E030020A1030020A2030020AB
:10391000A3030020A40300203B1D5B881A00802322
:103920009B00134000D19FE03B1D5B881A000223DF
:10393000134000D098E0802200216F2002F088F828
:10394000D74B1B785BB20A211800FCF703FD03007C
:103950005BB21B015BB2702213405CB2D04B1B7890
:103960005BB20A211800FCF7DBFD0B005BB22343BE
:103970005BB2DBB21A0001216F2002F069F8C94B7B
:103980001B785BB20A211800FCF7E4FC03005BB271
:103990001B015CB2C34B1B785BB20A211800FCF719
:1039A000BFFD0B005BB223435BB2DBB21A00022106
:1039B0006F2002F04DF8BC4B1B785BB20A21180057
:1039C000FCF7C8FC03005BB21B015CB2B64B1B7872
:1039D0005BB20A211800FCF7A3FD0B005BB2234386
:1039E0005BB2DBB21A0004216F2002F031F8AF4B5A
:1039F0001B785BB20A211800FCF7ACFC03005BB239
:103A00001B015CB2A94B1B785BB20A211800FCF7C2
:103A100087FD0B005BB223435BB2DBB21A000521CA
:103A20006F2002F015F803F0ADFA03005AB29C4B78
:103A30001A7003F099FA03005AB29A4B1A7003F005
:103A400085FA03005AB2984B1A7003F071FA03001A
:103A50005AB2964B1A702E23FB1800221A702F238D
:103A6000FB1801221A70A1E13B1D5B881A0080231C
:103A7000DB00134000D18CE03B1D5B881A0004235F
:103A8000134000D085E08A4B1B78032B3FD000DD2C
:103A900067E0022B29D064DC002B02D0012B12D06E
:103AA0005FE0824B1B785BB2DBB2013BDBB25AB208
:103AB0007E4B1A707D4B1B785BB2002B4ADC7B4B34
:103AC0000C221A7046E0784B1B785BB2DBB2013BEC
:103AD000DBB25AB2744B1A70734B1B785BB2002B7B
:103AE0003ADC714B1F221A7036E06E4B1B785BB2CA
:103AF000DBB2013BDBB25AB26A4B1A70694B1B78DE
:103B00005BB2002B2ADA674B17221A7026E0644B4F
:103B10001B785BB2DBB2013BDBB25AB2604B1A706E
:103B20005F4B1B785BB2002B1ADA5D4B3B221A709D
:103B30005C4B1B785BB2DBB2013BDBB25AB2594B38
:103B40001A70584B1B785BB2002B09DA554B1722C1
:103B50001A7005E0C04604E0C04602E0C04600E03E
:103B6000C046534B1878514B1B785BB2D9B24E4BC1
:103B70001B785BB2DAB24B4B1B785BB2DCB2484BC2
:103B80001B785BB2DBB200932300FEF7ABFC00F0C6
:103B90003DFB3B1D5B881A0080231B01134000D1B5
:103BA000A0E03B1D5B881A000823134000D099E079
:103BB0003F4B1B78032B43D000DD7CE0022B2AD047
:103BC00000DD78E0002B02D0012B12D073E0374BE0
:103BD0001B785BB2DBB20133DBB25AB2334B1A70E3
:103BE000324B1B785BB20C2B58DD304B01221A7024
:103BF00054E02D4B1B785BB2DBB20133DBB25AB21F
:103C0000294B1A70284B1B785BB21F2B52DD264BB9
:103C100001221A704EE0234B1B785BB2DBB20133FA
:103C2000DBB25AB21F4B1A701E4B1B785BB21821C5
:103C30001800FCF775FC0B005AB21A4B1A703AE0E8
:103C4000174B1B785BB2DBB20133DBB25AB2144BB9
:103C50001A70134B1B785BB23C211800FCF760FC18
:103C60000B005AB20E4B1A700D4B1B785BB2002B37
:103C700021D10C4B1B785BB2DBB20133DBB25AB201
:103C8000084B1A70074B1B785BB218211800FCF721
:103C900047FC0B005AB2034B1A700CE0C0460AE016
:103CA000A1030020A2030020A3030020A4030020FE
:103CB0009E030020C046C44B1878C44B1B785BB2EF
:103CC000D9B2C34B1B785BB2DAB2C24B1B785BB282
:103CD000DCB2C14B1B785BB2DBB200932300FEF772
:103CE00001FC63E03B1D5B881A0080235B011340ED
:103CF00029D03B1D5B881A001023134023D1B24BFF
:103D00001B78013BDAB2B04B1A70AF4B1B78FF2B1C
:103D100002D1AD4B03221A70AB4B1878AB4B1B781A
:103D20005BB2D9B2AA4B1B785BB2DAB2A94B1B7853
:103D30005BB2DCB2A84B1B785BB2DBB20093230012
:103D4000FEF7D0FB32E03B1D5B881A0080239B010D
:103D5000134000D155E23B1D5B881A00202313401D
:103D600000D04EE2984B1B780133DAB2964B1A70B2
:103D7000954B1B7803221340DAB2934B1A70924B87
:103D80001878924B1B785BB2D9B2914B1B785BB21F
:103D9000DAB2904B1B785BB2DCB28F4B1B785BB214
:103DA000DBB200932300FEF79DFB2AE229E23B1DD4
:103DB0001B785BB2022B0BD1834B00221A70824B13
:103DC0001C7801F0CFF8030019002000FEF7ECFA90
:103DD0003B1D1B785BB2042B00D014E23B1D5B88BB
:103DE0001A0080235B0013400ED03B1D5B881A0035
:103DF0000123134008D12E23FB1800221A702F2311
:103E0000FB1801221A7047E13B1D5B881A008023D2
:103E10009B00134031D03B1D5B881A0002231340E6
:103E20002BD1694B1B78042B23D89A006B4BD318EA
:103E30001B689F462E23FB1806221A702F23FB189F
:103E400001221A7018E001F0ADFA2E23FB180022AF
:103E50001A702F23FB1801221A700DE001F08EF961
:103E60002E23FB1800221A702F23FB1801221A7030
:103E700002E0C04610E1C0460EE13B1D5B881A001F
:103E80008023DB0013401FD03B1D5B881A000423F6
:103E9000134019D14C4B1B780133DAB24A4B1A70DC
:103EA000494B1B7805211800FCF750FA0B00DAB2D9
:103EB000454B1A70444B1C7801F054F8030019006C
:103EC0002000FEF771FAE7E03B1D5B881A008023B3
:103ED0001B0113401CD03B1D5B881A0008231340B4
:103EE00016D1394B1B78013BDAB2374B1A70364B7F
:103EF0001B78FF2B02D1344B04221A70324B1C78F2
:103F000001F030F8030019002000FEF74DFA7DE1C2
:103F10003B1D5B881A0080235B01134060D03B1D72
:103F20005B881A00102313405AD1274B1B78002BB3
:103F300002D0012B36D045E001F014F80300053B18
:103F4000DAB22D243B191A703B191B787F2B15D937
:103F50003B1900221A7000F0EFFF03001A003B1912
:103F60001B781900100000F0A5FF174B1A783B19B9
:103F70001B7819001000FEF717FA23E000F0DCFFB1
:103F800003001A002D243B191B781900100000F0C3
:103F900091FF0D4B1A783B191B7819001000FEF7A2
:103FA00003FA0FE018243B190B221A7002F0DEFA14
:103FB0000300013B9AB23B195A803B19186801F083
:103FC0009BFFC04668E0C0469E030020A40300207B
:103FD000A3030020A2030020A103002098A1061043
:103FE0003B1D5B881A0080239B01134000D10AE12E
:103FF0003B1D5B881A002023134000D003E1964B41
:104000001B78002B02D0012B36D045E000F0AAFF30
:1040100003001A002C243B1905321A703B191B7837
:10402000642B15D93B1964221A7000F085FF030038
:104030001A003B191B781900100000F03BFF864B5B
:104040001A783B191B7819001000FEF7ADF923E030
:1040500000F072FF03001A002C243B191B78190092
:10406000100000F027FF7C4B1A783B191B781900D1
:104070001000FEF799F90FE014243B190B221A7077
:1040800002F074FA030001339AB23B195A803B19CB
:10409000186801F031FFC046B5E03B1D1B785BB2EC
:1040A000022B08D16D4B00221A806C4B00229B5EC4
:1040B0001800FEF70FFC3B1D1B785BB2042B00D0F1
:1040C000A3E03B1D5B881A0080235B00134011D0E6
:1040D0003B1D5B881A00012313400BD12E23FB18D4
:1040E00005221A702F23FB1801221A705B4B002245
:1040F0001A807BE03B1D5B881A0080239B001340E5
:1041000011D03B1D5B881A00022313400BD12E23D4
:10411000FB1805221A702F23FB1801221A704F4B2F
:1041200000221A8062E03B1D5B881A008023DB00BE
:10413000134005D03B1D5B881A000423134055D063
:104140003B1D5B881A0080231B01134005D03B1DDB
:104150005B881A000823134048D03B1D5B881A0077
:1041600080235B0113401AD03B1D5B881A0010238B
:10417000134014D1394B00229B5E002B36DD374BA8
:1041800000229B5E9BB2013B9BB21AB2334B1A805A
:10419000324B00229B5E1800FEF79CFB26E03B1D85
:1041A0005B881A0080239B0113402ED03B1D5B8847
:1041B0001A002023134028D1284B00229B5E1C00AC
:1041C00001F072F80300013B9C421EDA234B0022EF
:1041D0009B5E9BB201339BB21AB2204B1A801F4BDD
:1041E00000229B5E1800FEF775FB0EE00DE0C04656
:1041F0000CE0C0460AE0C04608E0C04606E0C04603
:1042000004E0C04602E0C04600E0C0462F23FB1891
:104210001B78002B1AD010217B1800221A607B1803
:1042200003221A707B181868FEF712FD0C4B2E2221
:10423000BA1812781A700C217B1800221A607B18A9
:1042400002221A707B181868FEF702FD012318007D
:10425000BD460CB0B0BDC0469E030020B603002092
:104260009C03002080B584B000AF78600C4B002226
:104270001A700C4B7A681A6003F00EF900F098FD82
:104280000C217B1801221A707B1800225A807B189F
:10429000186800F009F801231800BD4604B080BD7D
:1042A000B8030020BC03002080B582B000AF3B1DE6
:1042B0001860054B1A683B1D1968100000F0E3FCFC
:1042C000C046BD4602B080BDBC030020F0B587B03B
:1042D00000AF1723FB1800221A700C257B1900224F
:1042E0001A707B1900225A801626BC1903F0CEF9E9
:1042F0000300237031007B181B78252B0BD017236C
:10430000FB1801221A707B1906221A707B181B7881
:104310009AB27B195A801F4B1B78012B15D103F0E1
:10432000D0F9031E04D1FDF7F3FE0300012B0CD1DD
:10433000194B1A683B1D072119703B1D002159803C
:104340003B1D1968100000F09EFC1723FB181B781A
:10435000002B07D0104B1A680C23FB1819681000AB
:1043600000F091FC10217B180C22BA1812681A6018
:104370007A18002311880904090C1B0C1B040B4339
:10438000528812041B041B0C13431800BD4607B0CF
:10439000F0BDC046C0030020BC030020B0B58EB005
:1043A00000AF3B1D18603723FB1800221A7036231C
:1043B000FB18DE4A12781A70DC4B1B78142B01D9DB
:1043C00000F0A9FB9A00DA4BD3181B689F463B1DEF
:1043D0001B785BB2012B01D000F09FFB3623FB184A
:1043E00001221A703723FB1801221A7000F095FB86
:1043F0003B1D1B785BB2022B02D1CE4B00221A7000
:104400003B1D1B785BB2062B01D000F088FB3B1DE7
:104410005B880F2B3AD89A00C74BD3181B689F466E
:104420003623FB1802221A703723FB1801221A7058
:104430002DE03623FB1803221A703723FB180122C4
:104440001A7024E03623FB1805221A703723FB1854
:1044500001221A701BE03623FB1807221A7037233B
:10446000FB1801221A7012E03623FB1808221A707A
:104470003723FB1801221A7009E03623FB1811229A
:104480001A703723FB1801221A7000E0C04646E379
:104490003B1D1B785BB2062B00D042E33B1D5B88C3
:1044A000DCB200F05FFD03001900200000F002FD07
:1044B000031E03D1A14B180000F082FB3623FB182A
:1044C00001221A703723FB1801221A7029E33B1DC1
:1044D0001B785BB2062B00D025E33B1D5B88DAB26C
:1044E000974B1A703623FB1804221A703723FB18D7
:1044F00001221A7017E33B1D1B785BB2062B00D01C
:1045000013E328217B180B221A708D4B1B781B029A
:104510009AB23B1D5B88D3189AB27B185A807B18DD
:10452000186801F0E9FC3623FB1801221A703723C2
:10453000FB1801221A70F8E23B1D1B785BB2022BBC
:1045400000D0F4E27B4B01221A707E4B00221A60ED
:104550002C257C1900F082FD030023802C003B19E0
:104560001B881B0A9BB2DBB2180003F095F83B19BD
:104570001B88DBB2180003F08FF83623FB180622E5
:104580001A703723FB1801221A70D0E23B1D1B78EA
:104590005BB2072B00D0CCE22E217B1820221A80A0
:1045A000684B1B689AB234243B19080079180988B3
:1045B0008A1A1A803B181A88624B1B68D31A552B2B
:1045C00002D93B1955221A8000233B6344E01C2486
:1045D0003B19180007231A00002124F03DF93B196C
:1045E00001221A703B1901225A703B1949229A7014
:1045F0003B194A22DA703B1901221A713B19012238
:104600005A713B191B78180003F046F83B195B7888
:10461000180003F041F83B199B78180003F03CF8B0
:104620003B191B79180003F037F83B19DB781800A9
:1046300003F032F83B195B79180003F02DF83B19B1
:104640009B79180003F028F83E4B1B685A1C3D4B21
:104650001A603B6B01333B633423FB181B883A6BB6
:104660009A42B4DB2E243B191A88364B1B68D31AA6
:10467000552B00D95DE2032003F00EF83B191B888F
:10468000FE2B03D9304B180000F09AFA2D4B002274
:104690001A60284B00221A703623FB1801221A7068
:1046A0003723FB1801221A7043E23B1D1B785BB2D3
:1046B000062B00D03FE200F03FFC03001A003B1D38
:1046C0005B88DBB21900100000F0F4FB031E03D17D
:1046D0001E4B180000F074FA3623FB1801221A70E2
:1046E0003723FB1801221A7025E23B1D1B785BB2B1
:1046F000022B00D021E2164B180007231A000021DC
:1047000024F0AAF800F04EFE031E03D1114B18004E
:1047100000F056FA3623FB1809221A703723FB18CB
:1047200001221A700C4B00221A7006E2B803002016
:10473000ACA10610C003002000A206107499061058
:10474000C1030020C40300208C990610C4990610F0
:10475000C8030020E0990610CF0300203B1D1B7802
:104760005BB2062B00D0EAE13B1D5B880D2B11D11B
:10477000DB4B180000F024FA3623FB1801221A70D4
:104780003723FB1801221A70D64B1868596800F0BD
:104790001BFDD4E1D44B1B78B42B14D9D34B180098
:1047A00000F00EFACF4B1868596800F00DFD362363
:1047B000FB1810221A703723FB1801221A700D20E3
:1047C00002F06AFFBBE1C84B1B78002B04D0C54B3D
:1047D0001868596800F0F8FC3B1D5B88DAB2C14BE1
:1047E0001A703623FB180A221A703723FB1801228D
:1047F0001A70A4E13B1D1B785BB2062B00D0A0E130
:104800003B1D5B88DAB2B74B5A703623FB180B227C
:104810001A703723FB1801221A7092E13B1D1B7896
:104820005BB2062B00D08EE13B1D5B88DAB2AD4B4C
:104830009A703623FB180C221A703723FB180122BA
:104840001A7080E13B1D1B785BB2062B00D07CE127
:104850003B1D5B88DAB2A34B1A713623FB180D227D
:104860001A703723FB1801221A706EE13B1D1B786A
:104870005BB2062B00D06AE13B1D5B88DAB2994B34
:10488000DA703623FB180E221A703723FB18012228
:104890001A705CE13B1D1B785BB2062B00D058E11F
:1048A0003B1D5B88DAB28F4B5A713623FB180F22FF
:1048B0001A703723FB1801221A704AE13B1D1B783E
:1048C0005BB2062B00D046E13B1D5B88DAB2854B1C
:1048D0009A713623FB1809221A703723FB1801221C
:1048E0001A70814B1B780133DAB27F4B1A7032E1B8
:1048F0003B1D1B785BB2062B00D02EE13B1D5B8875
:104900000D2B00D029E13623FB1801221A70372322
:10491000FB1801221A7020E13B1D1B785BB2062BAD
:1049200000D01CE13B1D5B883B2B24D83B1D5B88E2
:104930000A211800FBF784FC03009BB25BB21B0149
:104940005CB23B1D5B880A211800FBF7FFFC0B00E3
:104950009BB25BB223435BB2DBB21A0001216F2032
:1049600001F076F83623FB1812221A703723FB1851
:1049700001221A70F3E05E4B180000F021F9362393
:10498000FB1801221A703723FB1801221A70E6E087
:104990003B1D1B785BB2062B00D0E2E03B1D5B8821
:1049A000172B24D83B1D5B880A211800FBF748FC15
:1049B00003009BB25BB21B015CB23B1D5B880A210A
:1049C0001800FBF7C3FC0B009BB25BB223435BB246
:1049D000DBB21A0002216F2001F03AF83623FB18EF
:1049E00013221A703723FB1801221A70B9E0414BC9
:1049F000180000F0E5F83623FB1801221A7037235F
:104A0000FB1801221A70ACE03B1D1B785BB2062B31
:104A100000D0A8E03B1D5B881F2B24D83B1D5B8882
:104A20000A211800FBF70CFC03009BB25BB21B01D0
:104A30005CB23B1D5B880A211800FBF787FC0B006A
:104A40009BB25BB223435BB2DBB21A0004216F203E
:104A500000F0FEFF3623FB1814221A703723FB18D0
:104A600001221A707FE0244B180000F0A9F83623C9
:104A7000FB1801221A703723FB1801221A7072E00A
:104A80003B1D1B785BB2062B00D06EE03B1D5B88A4
:104A90000C2B33D83B1D5B880A211800FBF7D0FB99
:104AA00003009BB25BB21B015CB23B1D5B880A2119
:104AB0001800FBF74BFC0B009BB25BB223435BB2CD
:104AC000DBB21A0005216F2000F0C2FF3623FB186D
:104AD00001221A703723FB1801221A7045E0C046E4
:104AE000FC990610C8030020CF030020109A06107E
:104AF000389A0610509A0610689A06102E4B180025
:104B000000F05EF83623FB1801221A703723FB18D9
:104B100001221A7029E0C04628E0C04626E0C046BF
:104B200024E0C04622E0C04620E0C0461EE0C04669
:104B30001CE0C0461AE0C04618E0C04616E0C04679
:104B400014E0C04612E0C04610E0C0460EE0C04689
:104B50000CE0C0460AE0C04608E0C04606E0C04699
:104B600004E0C04602E0C04600E0C0463723FB1820
:104B70001B78002B1AD010217B1800221A607B189A
:104B800003221A707B181868FFF708FC0B4B3622BB
:104B9000BA1812781A700C217B1800221A607B1840
:104BA00002221A707B181868FFF7F8FB012318001F
:104BB000BD460EB0B0BDC046809A0610B8030020B6
:104BC00080B584B000AF78607B681800FBF726FBE7
:104BD0000300BB600E2002F05FFD0023FB6009E0D4
:104BE000FB687A68D3181B78180002F055FDFB6843
:104BF0000133FB60FA68BB689A42F1DB0A2002F0DD
:104C00004BFD01231800BD4604B080BD80B582B0C5
:104C100000AF0C2023F01AFB03007B607B68002BA5
:104C200001D1002309E07B6800221A607B68002222
:104C30005A607B6800221A817B681800BD4602B06A
:104C400080BD80B584B000AF78607B68002B01D157
:104C5000002314E07B681B68FB6008E0FB68BB6016
:104C6000FB685B68FB60BB68180023F0F9FAFB681F
:104C7000002BF3D17B68180023F0F2FA012318000F
:104C8000BD4604B080BD80B584B000AF78603B0005
:104C900019607B68002B01D1002326E0082023F057
:104CA000D5FA0300FB60FB68002B01D100231CE058
:104CB000FB683A0012681A60FB6800225A607B6841
:104CC0005B68002B04D07B685B68FA685A6002E07E
:104CD0007B68FA681A607B68FA685A607B681B898F
:104CE00001339AB27B681A8101231800BD4604B0D3
:104CF00080BD90B589B000AF78607B68002B07D18C
:104D000018217B18FF221A707B1800225A8030E08D
:104D10007B681B68002B0AD17B6800225A6018212F
:104D20007B1800221A707B1800225A8021E07B68D1
:104D30001B68FB61FB695A687B681A607B681B68AB
:104D4000002B02D17B6800225A6014243B19FA69B7
:104D500012681A60FB69180023F082FA7B681B89CD
:104D6000013B9AB27B681A811823FB183A19126822
:104D70001A601823FA18002311880904090C1B0C67
:104D80001B040B43528812041B041B0C1343180012
:104D9000BD4609B090BD80B582B000AF78607B6839
:104DA0001B895A1E9341DBB21800BD4602B080BD7C
:104DB00080B582B000AF394B1B78002B01D00123A6
:104DC00068E0374B1A69364B0C210A431A610023FD
:104DD0007B600FE07B68334A94466344DB001B78BA
:104DE000FF2B04D17B681AB22F4B1A8005E07B6839
:104DF00001337B607B68FF2BECDD00233B600FE021
:104E00003B682A4A94466344DB001B78FF2B04D19D
:104E10003B681AB2264B1A8005E03B6801333B60C1
:104E20003B68FF2BECDD1E4B1A691D4B01210A4329
:104E30001A611A4B01221A7000F07EF80300FF2B52
:104E400004D000F08FF80300FF2B22D100F074F89B
:104E50000300FF2B09D100F085F80300FF2B04D1DC
:104E60002821322000F026F813E000F065F8030056
:104E7000FF2B07D100F076F803001900322000F074
:104E800019F806E000F058F803002821180000F097
:104E900011F801231800BD4602B080BDD4030020E4
:104EA0000010004000DE0002D003002000DD000200
:104EB000D2030020B0B588B000AF0200FB1D1A700D
:104EC000BB1D0A1C1A701A4B1B78002B01D1002342
:104ED0002AE00C217B185C225A607B1801229A6020
:104EE0007B1800221A600823FA187B18110018009A
:104EF00003F010FE00F020F800F034F8BB1D1B7822
:104F00001A02FB1D1B78D318FB611B257C19FB695A
:104F100008491A00002003F023FD030023707B19C9
:104F20001B785A425341DBB21800BD4608B0B0BDF1
:104F3000D403002000E0061080B582B000AF074B1C
:104F40001B78002B01D1002303E0054B7B607B68BD
:104F50001B781800BD4602B080BDC046D4030020B7
:104F600000E0061080B582B000AF074B1B78002B25
:104F700001D1002303E0054B7B607B681B781800A0
:104F8000BD4602B080BDC046D403002001E006103B
:104F900080B584B000AF3B00186059602C4B1B7883
:104FA000002B01D100234FE02A4B00229B5EFF2BF8
:104FB00001DD002348E03B001B781A003B005B78D2
:104FC0001B021A433B009B781B041A433B00DB780F
:104FD0001B061343FB603B001B791A003B005B7907
:104FE0001B021A433B009B791B041343BB60194B04
:104FF00000229B5E184A94466344DB001900FB685C
:105000001A00002003F0ACFC031E01D000231BE0BB
:10501000104B00229B5E104A94466344DB0004332D
:105020001900BB681A00002003F09AFC031E01D08F
:10503000002309E0074B00229B5E9BB201339BB229
:105040001AB2044B1A8001231800BD4604B080BD7B
:10505000D4030020D203002000DD000280B500AFA1
:10506000064B1B78002B01D1002303E0044B0022E8
:105070009B5E9BB21800BD4680BDC046D403002095
:10508000D203002090B587B000AF78600A00BB1C47
:105090001A8010243B19180007231A00002123F05E
:1050A000DBFB334B1B78002B08D17A683B191000CF
:1050B000190007231A0023F044FC55E0BB1C1B8891
:1050C0002C4A0021525E934245DCBB1C1B882A4AB5
:1050D00094466344DB001A7810217B181A70BB1CBD
:1050E0001B88254A94466344DB0001331A787B18F9
:1050F0005A70BB1C1B88204A94466344DB00023371
:105100001A787B189A70BB1C1B881B4A9446634410
:10511000DB0003331A787B18DA70BB1C1B88164A35
:1051200094466344DB0004331A787B181A71BB1C65
:105130001B88114A94466344DB0005331A787B18B8
:105140005A71BB1C1B880C4A94466344DB0006332F
:105150001A787B189A717A681023FB1810001900CE
:1051600007231A0023F0EDFB7868BD4607B090BD19
:10517000D4030020D203002000DD0002B0B586B0C9
:1051800000AF104B00221A8008217B185D225A6064
:105190007B1801229A607B1800221A6017257C195F
:1051A0003A1D7B181100180003F0B4FC03002370B3
:1051B0007B191B785A425341DBB21800BD4606B03A
:1051C000B0BDC046D203002080B586B000AF3B0022
:1051D00018605960304B1B78002B01D1002356E03A
:1051E0002E4B00229B5EFF2B01DD00234FE03B0096
:1051F0001B781A003B005B781B021A433B009B782C
:105200001B041A433B00DB781B0613437B613B0006
:105210001B791A003B005B791B021A433B009B7908
:105220001B0413433B611E4B1B69FB60FB6801229F
:105230001340FB60194B00229B5E1A4A944663445C
:10524000DB0019007B691A00002003F089FB031EB4
:1052500001D000231BE0114B00229B5E114A9446B3
:105260006344DB00043319003B691A00002003F09B
:1052700077FB031E01D0002309E0084B00229B5E50
:105280009BB201339BB21AB2044B1A80012318005F
:10529000BD4606B080BDC046D4030020D003002028
:1052A0000010004000DE000280B500AF064B1B7806
:1052B000002B01D1002303E0044B00229B5E9BB234
:1052C0001800BD4680BDC046D4030020D003002096
:1052D00090B589B000AF78600A00BB1C1A8010241A
:1052E0003B19180007231A00002123F0B5FA2A4BB6
:1052F0001B78002B08D17A683B191000190007238E
:105300001A0023F01EFB42E0BB1C1B88234A00212D
:10531000525E934232DABB1C1B88214A9446634496
:10532000DB001B68FB61BB1C1B881D4A9446634461
:10533000DB0004331B68BB61FB69DAB210217B1808
:105340001A70FB691B0ADAB27B185A70FB691B0CD6
:10535000DAB27B189A70FB691B0EDAB27B18DA702E
:10536000BB69DAB27B181A71BB691B0ADAB27B1807
:105370005A71BB691B0CDAB27B189A717A681023D8
:10538000FB181000190007231A0023F0DAFA7868D6
:10539000BD4609B090BDC046D4030020D003002014
:1053A00000DE0002B0B586B000AF104B00221A80BC
:1053B00008217B185E225A607B1801229A607B18B4
:1053C00000221A6017257C193A1D7B18110018005D
:1053D00003F0A0FB030023707B191B785A42534152
:1053E000DBB21800BD4606B0B0BDC046D0030020F9
:1053F00080B584B000AF7860074B196D064B7A68B2
:105400000A431A65044B1B6D7A681340FB60FB6806
:10541000C046BD4604B080BD0000404880B586B09F
:1054200000AF1D4B1B78002B01D0012330E03B1D4A
:10543000180014231A00002123F00EFA0820FFF7A9
:10544000D7FF0420FFF7D4FF3B1DB02212011A60E2
:105450003B1D00225A603B1D00229A603A1D90239A
:10546000DB051100180003F0D5FB3B1D10221A606C
:105470003B1D00225A603B1D00229A603B1D074ADB
:105480001900100003F0C6FB034B01221A70012320
:105490001800BD4606B080BDD503002000001048AE
:1054A000B0B500AF80231A019023DB05110018006E
:1054B00003F038FE03005BB25B015CB280239A000C
:1054C0009023DB051100180003F02CFE03005BB2F3
:1054D0001B015BB223435CB2194B1021180003F08F
:1054E00021FE03005BB2DB005BB223435CB290237E
:1054F000DB050821180003F015FE03005BB29B00DA
:105500005BB223435CB29023DB050421180003F057
:1055100009FE03005BB2DB185BB223435CB280235D
:105520005A009023DB051100180003F0FBFD030077
:105530005BB223435BB2DBB21800BD46B0BDC046D0
:105540000000104890B585B000AF0200FB1D1A7036
:10555000224B1B69002B3DD0214B40220021995446
:105560001F4B4122202199541E4B1B681A681D4B6A
:105570001B6808218A431A609023DB05022118006A
:1055800003F0EDFC154B12225A60144B00221A61F5
:10559000124A9023DB051100180003F03BFB0121A8
:1055A000002005F007FE0121002005F031FEFB1D63
:1055B0001B78002B0CD001F0BDFE0300FB60C04641
:1055C000FB6814331C0001F0B5FE03009C42F7D8C1
:1055D00000F078FAC046BD4605B090BD1826002000
:1055E0002C2600208426002090B585B002AF78607C
:1055F0007B68DB78002B12D17B681B78DB1899B2B3
:105600007B685B781C007B680233104801220192A2
:1056100000930123220003F0AFFE030011E07B683A
:105620001B78DB1899B27B685B781C007B680233BF
:1056300006480122019200930123220003F03EFF5D
:1056400003001800BD4603B090BDC0462C260020C4
:1056500090B585B000AF3B1D1860494B1B78002BFF
:1056600001D1012387E00F23FB1800221A7001F0FB
:1056700061FE0300BB60C046424B434A9B5A1C007C
:10568000404AC0235B01D35A0133C022D100180025
:10569000FAF746FF0B009C4208D1BB68FA22920041
:1056A0009C1801F047FE03009C42E5D8354B364A72
:1056B0009B5A1C00334AC0235B01D35A0133C022DA
:1056C000D1001800FAF72CFF0B009C4204D10220F5
:1056D00002F01CFF01234EE0022002F035FF294AB0
:1056E000C0235B01D35A274A99003B1D1B688B508E
:1056F000244AC0235B01D35A013399B2214AC02303
:105700005B01D1521F4AC0235B01D35AC022D10092
:105710001800FAF71BFE0B0099B21A4AC0235B016E
:10572000D152184B184A9B5A0133C022D10018009D
:10573000FAF7F6FE0B001900124AC0235B01D35A98
:10574000994215D1114B41229B5CDBB2202B0FD12A
:105750000120FFF7F7FE0B4B0B4A9B5A9A00094BAF
:10576000D3180F22BC181800FFF73EFF0300237068
:105770000F23FB181B781800BD4605B090BDC0462E
:10578000DC1B0020D8030020021800002C2600207B
:1057900080B582B000AF7860164B174A9B5A013330
:1057A00099B2144B144A9952124B134A9B5AC02275
:1057B000D1001800FAF7CAFD0B0099B20D4B0E4A42
:1057C00099520C4B0C4A9A5A0A49C0235B01CB5A96
:1057D0009A420BD00120FFF7B5FE064B064A9B5AB2
:1057E0009A00044BD3181800FFF7FEFEC046BD46D2
:1057F00002B080BDD80300200218000080B584B03C
:1058000000AF78600C203B1805221A702A4B2B4AF7
:105810009B5A294A9B00D31801331B781BB21B02E9
:105820001AB2254B25495B5A23499B00CB180233FA
:105830001B781BB213431BB29AB23B185A801E4B03
:105840001E4A9B5A1C4A9B00D31803331B785A1ECE
:105850001B4B9200D2583B1818689047164B174ABA
:105860009B5A013399B2144B144A9952124B134A62
:105870009B5AC022D1001800FAF768FD0B0099B2BC
:105880000D4B0E4A99520C4B0C4A9A5A0A49C023A6
:105890005B01CB5A9A420BD00120FFF753FE064B17
:1058A000064A9B5A9A00044BD3181800FFF79CFE37
:1058B000C046BD4604B080BDD803002002180000D9
:1058C0008026002090B585B000AF78607B685B6C67
:1058D0000422134021D0134B134A9A5A1149C02372
:1058E0005B01CB5A9A4218D001F024FD0300FB6003
:1058F000C046FB680A331C0001F01CFD03009C42FB
:10590000F7D80120FFF71EFE064B074A9B5A9A0064
:10591000044BD3181800FFF767FEC046BD4605B01C
:1059200090BDC046D80300200218000080B500AF2B
:10593000094B1B689A69E023DB00134004D0064B37
:10594000180003F073FE03E0034B180003F054FE4D
:10595000C046BD4680BDC0462C26002090B583B011
:1059600000AF364B1B78002B01D0012362E001F021
:1059700095FC334B8222D2051A60314B314A5A6072
:105980002F4B00229A602E4B0122DA602C4B002212
:105990001A612B4B00225A61294B00229A61284B35
:1059A0000022DA61264B00221A62254B4122002197
:1059B0009954FC1D224B180003F038FC030023709F
:1059C000FB1D1B78002B01D0002333E0FC1D1C4B7A
:1059D0000021180005F0FAFA03002370FB1D1B7864
:1059E000002B01D0002325E0FC1D154B00211800E1
:1059F00005F038FB03002370FB1D1B78002B01D042
:105A0000002317E0104B114A002199520E4AC0237F
:105A10005B010021D152094B01221A700120FFF7CE
:105A200091FD00220221032002F014FF032002F066
:105A300026FF01231800BD4603B090BDDC1B0020EB
:105A40002C2600205B5B3000D803002002180000E9
:105A5000B0B584B000AF040008001100FB1D221C8B
:105A60001A70BB1D021C1A707B1D0A1C1A70134B86
:105A70001B78002B01D101231CE00F217B18002291
:105A80001A700F4BFA1D12781A700D4BBA1D12784E
:105A90005A700B4B0022DA70094B7A1D12789A70FB
:105AA0000D007C18064B1868FFF7D2FD0300237029
:105AB0007B191B781800BD4604B0B0BDDC1B00206C
:105AC000E01B002080B500AF0D4B41229B5CDBB298
:105AD000202B11D10B4B0C4A9A5A0A49C0235B0167
:105AE000CB5A9A4208D0074B074A9B5A9A00054B5B
:105AF000D3181800FFF778FDC046BD4680BDC046EC
:105B00002C260020D803002002180000B0B584B075
:105B100000AF040008001100FB1D221C1A70BB1D01
:105B2000021C1A707B1D0A1C1A70184B1B78002B64
:105B300001D1012326E00F23FB1800221A70144B19
:105B4000FA1D12781A70124BBA1D12785A707B1D0A
:105B50001B78002B03D07B1D1B78012B01D901235F
:105B600010E00B4B7A1D1278DA70094B00229A7004
:105B70000F257C19064B1868FFF76AFD0300237098
:105B80007B191B781800BD4604B0B0BDDC1B00209B
:105B9000E41B0020B0B584B000AF04000800110081
:105BA000FB1D221C1A70BB1D021C1A707B1D0A1CD7
:105BB0001A700F257C197B1D1A78BB1D1978FB1DE7
:105BC0001B781800FFF744FF030023707B191B7834
:105BD000002B01D0012300E000231800BD4604B0D3
:105BE000B0BD000090B585B000AF78600E243B19C1
:105BF00000221A807E2001F0FFFC3B193A1912881E
:105C0000FF321A80FF2001F0F7FC3B193A19128885
:105C100006321A80062001F0EFFC0023BB601DE075
:105C2000BB687A68D3181B7819000E22BB18BA1803
:105C300012888A181A80BB687A68D3181978164AAD
:105C4000BB68D3180A1C1A70BB687A68D3181B7813
:105C5000180001F0D1FCBB680133BB60BB68032BAB
:105C6000DEDD0E243B193A19128852421A803B1984
:105C70001B881B0A9BB2DBB2180001F0BDFC3B196C
:105C80001B88DBB2180001F0B7FCEF2001F0B4FC78
:105C9000C046BD4605B090BD141C002080B586B03E
:105CA00000AF0200FB1D1A70FB1D1B78252B01D1D4
:105CB0000023C6E0FB1D1B787E2B02D1634B002224
:105CC0001A70624B1B78082B00D9B9E09A00604B20
:105CD000D3181B689F46FB1D1B78FF2B00D0AEE03E
:105CE0005A4B01221A70AAE0FB1D1B78062B03D128
:105CF000564B02221A70A3E0544B00221A709FE008
:105D0000524B03221A70534BFA1D12781A7097E007
:105D1000FB1D1B78012B03D0FB1D1B78002B03D12F
:105D20004A4B04221A708BE0484B00221A7087E01D
:105D3000464B05221A70474BFA1D12789A707FE085
:105D4000424B06221A70434BFA1D1278DA7077E044
:105D5000404B1B781A003F4B5B78D3189BB23D4AEF
:105D600092789B189BB23B4AD2789B189AB2162025
:105D70003B1839498A1A1A80FB1D1B789AB23B18C6
:105D80001B881B0A9BB29A4203D1304B07221A7020
:105D900056E02E4B00221A7010217B182F4A1A60F1
:105DA0007B181800FFF71EFF4AE02A4B1B781A00E9
:105DB000284B5B78D3189BB2264A92789B189BB2EB
:105DC000244AD2789B189AB216203B1822498A1A84
:105DD0001A80FB1D1A783B181B88FF210B409A4242
:105DE00003D11A4B08221A702AE0184B00221A70AD
:105DF0000C217B18194A1A607B181800FFF7F2FE75
:105E00001EE0FB1D1B78EF2B15D1124B1B78402B8E
:105E10000CD1104BDB78042B08D1114B1800FFF785
:105E2000E1FE0A4B00221A7000230AE0074B002211
:105E30001A70012305E0054B00221A7000E0C046ED
:105E400000231800BD4606B080BDC046FD1B0020E3
:105E500040A20610001C0020FBFEFFFF40000006D1
:105E6000141C002080B584B000AF78601B4B7A68AA
:105E70001A6001F013FA1A4B02221A70FFF772F837
:105E8000030064211800FAF7DBF90300DAB2154BBE
:105E90001A70FFF751F8030064211800FAF7D0F9DF
:105EA0000300DAB2104B1A7001F044FA02000F4BF3
:105EB0001A6001F03FFA02000D4B1A600D4B0022F0
:105EC0001A700C217B180C221A607B181800FFF73F
:105ED00089FE01231800BD4604B080BDE81B0020E8
:105EE000EC1B0020ED1B0020EE1B0020F01B00200F
:105EF000F81B0020FC1B002080B582B000AF3B1DCA
:105F00001860054B1A683B1D19681000FEF7BBFEB0
:105F1000C046BD4602B080BDE81B0020F0B589B088
:105F200000AF08257B1900221A707B1900225A80C5
:105F300001F000FA0300FB611B26BC1901F030FBE5
:105F40000300237034003B191B78252B12D03B191A
:105F50001B781800FFF7A2FE031E0BD07B19082246
:105F60001A703B191B789AB27B195A807B191868F2
:105F7000FFF7C2FF494B1B78012B3DD1484B1A68F4
:105F8000484B1B68D31A1800FBF776FE04000D007F
:105F9000454B1B781800FBF76FFE02000B0000203A
:105FA0004249FAF725FC02000B00100019000022FC
:105FB0003F4BFBF71BFA02000B0020002900FAF709
:105FC0002FFF02000B0010001900FAF727FB030057
:105FD0007B6101F0AFF903003B61324B1A687B69CA
:105FE000D3183A699A4207D308217B1809221A70FC
:105FF0007B181868FFF780FF2E4B1B68FA69D31ACD
:106000002D4A93420ED92D4B1B78002B0AD1082123
:106010007B1801221A707B1800225A807B1818689E
:10602000FFF76AFFFEF788FF03001A00244B1B7876
:106030009A4207D1FEF796FF03001A001A4B1B780D
:106040009A4214D008243B190A221A70FEF774FFF2
:1060500003001A001A4B1B78D31A5A425341DBB281
:106060001A003B195A803B191868FFF745FF0C21AD
:106070007B180822BA1812681A607A18002311884F
:106080000904090C1B0C1B040B43528812041B044B
:106090001B0C13431800BD4609B0F0BDEC1B0020DB
:1060A000F41B0020F01B0020ED1B002000005940D5
:1060B0000000F03FF81B0020B70B0000FC1B002085
:1060C000EE1B0020B0B59CB000AF3B1D18603B1D1F
:1060D0001B785BB2012B00D0BDE050217B180E2253
:1060E0001A607B181800FFF77DFD6F23FB18012253
:1060F0001A70C14B01221A70FEF788FD03003B663F
:1061000054E04C217B184E221A707B1800225A70E2
:106110007B1800229A70B84B1A787B18DA707B18BB
:106120001800FFF75FFD01F005F90300FB65C046AD
:1061300001F036FA03001800FFF7B0FD031E08D186
:10614000FB6DFA2292009C1801F0F4F803009C42C7
:10615000EED8FB6DFA2292009C1801F0EBF80300D8
:106160009C4222D3A54B1B784E2B15D1A24B1B78FA
:106170000133DAB2A04B1A7048217B1800221A7042
:106180009E4BDB781A007B185A807B183A6E196890
:106190001000FEF778FD09E0984B1B78402B05D1E5
:1061A0006F23FB1800221A7000E0C0466F23FB1813
:1061B0001B78002BA5D1904B1B78013BDAB28E4B9C
:1061C0001A708D4B1B78180022F040F803001A005B
:1061D0008B4B1A600023BB6613E03B6E1800FEF782
:1061E00088FD03001A0058217B181A607B18598813
:1061F000834B1A68BB6ED318CAB21A70BB6E0133D8
:10620000BB667D4B1B781A00BB6E9342E5DB3B6E91
:106210001800FEF716FD7B4B01221A7054243B191F
:1062200006221A703B1900225A703B1900229A70FC
:10623000754B1B781A0013001B019B1A5B0064212D
:106240001800FAF787F80300DAB23B19DA703B1945
:106250001800FFF7C7FC3B1D1B785BB2092B1FD151
:106260006A4B00221A7001F065F80200684B1A6050
:1062700044217B1803221A707B1800225A707B1865
:1062800000229A70634B1A78634B1B78D318DBB2E9
:10629000013BDAB27B18DA707B181800FFF7A2FC1A
:1062A0003B1D1B785BB20B2B00D0C0E03B1D5B8815
:1062B0001B0A9BB21C003B1D5B881A00FF23134086
:1062C000564924257819220022F0AAF97B191800D2
:1062D000FEF776FC3B1D186800F0A0FE01F02AF8DE
:1062E00002004B4B1A603B1D5B881B0A9BB2002BC4
:1062F00070D03B1D5B881B0A9BB23F4A12789342C9
:1063000068D83B1D5B881A00FF23134000D18DE045
:106310003B1D5B881A00FF231A40394B19683B1D4F
:106320005B881B0A9BB2013BCB181B789A4200DDAD
:106330007CE0364B00221A703B1D5B881B0A9BB227
:10634000DAB2374B1A703B1D5B88DAB2354B1A70E4
:10635000304B01221A7000237B660DE0284B1A682F
:106360007B6ED3181A782B4B1B78D318DAB2294BD3
:106370001A707B6E01337B66294B1B78013B7A6E6A
:106380009A42EBDB20217B1803221A707B18002233
:106390005A707B1800229A701E4B1A78214B1B787A
:1063A000D318DBB2013BDAB27B18DA707B18180025
:1063B000FFF718FC642002F07DF91C217B180D22E8
:1063C0001A607B181800FFF70DFC164B1A78164B55
:1063D0001A702BE00D4B02221A7018217B180E2226
:1063E0001A607B181800FFF7FDFB0D4B00221A7096
:1063F0000C4B00221A701AE0101C0020001C002018
:106400000C1C0020FC1B0020EE1B0020EC1B0020BD
:10641000F01B0020061C0020071C0020989A061084
:10642000051C0020041C0020081C0020C0463B1D49
:106430001B785BB20A2B2CD1FEF794FD03001A00E7
:106440003F4B1A70FEF778FD03001A003D4B1A709F
:106450003B1D5B88002B1CD114243B1906221A70AB
:106460003B1900225A703B1900229A70354B1B7859
:106470001A0013001B019B1A5B0064211800F9F736
:1064800069FF0300DAB23B19DA703B191800FFF715
:10649000A9FB3B1D1B785BB2082B4BD12A4B1B7809
:1064A0003D2B47D1284BDA78284B1B789A4241D0B4
:1064B000254BDA78254B1A7000F03CFF0200244B84
:1064C0001A60244B1B78002B34D000233B6110232F
:1064D000FA18214B1100180007F0EFFD3B69FF226D
:1064E00013403B611D4B1A681A4B1B78013BD318B4
:1064F0001B781A003B695343013BFF211800F9F751
:106500009FFE03003B613B69DBB20133DAB2144BFF
:106510001A70144B00221A700E4B00221A70124B84
:1065200001221A700C217B180E221A607B181800A9
:10653000FFF758FB01231800BD461CB0B0BDC04694
:10654000ED1B0020EE1B0020001C0020081C00207A
:10655000F41B0020051C0020A42100200C1C00209E
:10656000071C0020041C0020EC1B002080B500AF9D
:10657000054B1B781B029BB2044A12789B189BB2F6
:106580001800BD4680BDC046051C0020041C00202C
:1065900080B500AF00F06FF90A2002F08BF800F030
:1065A00075F9C82002F086F8002000F027F900F005
:1065B0005BF9C046BD4680BD80B592B000AFF860C3
:1065C000B960FB1D1A70FB687A2B00DDC0E0BB6868
:1065D000382B00DDBCE0FB1D1B78FB63BB68002B88
:1065E00000DA0733DB10BB63BB685C4A134004D599
:1065F000013B08225242134301337B63BB680833DB
:10660000002B00DA0733DB103B63FB68FB62FB689F
:106610000633BB62FF227B6B9A4013007B62002330
:106620007B643AE0FA6A7B6CD3187B61BB6BDA015E
:106630007B69D3184A4AD35C5BB27A6A52B2D243BE
:1066400052B213405AB213203B181A704549FA6BE4
:1066500013005B009B185B00CA187B6CD3181B7877
:1066600019007A6A7B6B1A4113000B401A007B6B8E
:106670009A4013005AB23B181B785BB213435AB2CC
:106680003B181A70BB6BDA017B69D318344A39188E
:106690000978D1547B6C01337B64BA6AFB6AD31AE4
:1066A0007A6C9A42BEDB3A6BBB6B9A4250DD7B6BD5
:1066B0000822D31AFF221A4113003B6200233B64D5
:1066C00040E0FA6A3B6CD318FB613B6BDB015A1D5F
:1066D000FB69D31A224AD35C5BB23A6A52B2D24304
:1066E00052B213405AB21B203B181A701D49FA6B64
:1066F00013005B009B185B00CA183B6CD3181B7817
:1067000019007B6B0822D31A3A6A9A4013000B4097
:106710001A007B6B0821CB1A1A4113005AB23B189E
:106720001B785BB213435AB23B181A703B6BDB0108
:106730005A1DFB69D31A0A4A39180978D1543B6C9F
:1067400001333B64BA6AFB6AD31A3A6C9A42B8DBEB
:1067500000231800BD4612B080BDC046070000806F
:10676000181C0020449B061080B586B000AF7860EE
:106770007B68002B3CD000237B6100233B6100231E
:10678000FB602BE0FB687A68D3181B780A2B05D1D5
:106790007B6901337B6100233B611CE03B69152B66
:1067A00004D17B6901337B6100233B617B69082B4A
:1067B00020D03A6913005B009B185B0018007B69CE
:1067C000D900FB687A68D3181B781A00FFF7F4FE2B
:1067D0003B6901333B61FB680133FB60FB687A680E
:1067E000D3181B78002B06D0FB68AA2BCADD02E069
:1067F000C04600E0C046BD4606B080BD80B584B04E
:1068000000AF0200FB1D1A700023FB6011E0FB1DAE
:106810001B78012B05D10C4AFB68D318FF221A7094
:1068200004E0094AFB68D31800221A70FB680133A0
:10683000FB60FA688023DB009A42E8DBC046C04672
:10684000BD4604B080BDC046181C002080B500AF16
:1068500000F01CF8C046BD4680BD80B500AF00F01A
:1068600072F8C046BD4680BD80B500AF00F076F836
:10687000C046BD4680BD80B500AFFBF7BDFC00F053
:106880000DFDFFF76BF8C046BD4680BD80B500AF7B
:10689000AE2280213C20FFF77DF90A2000F0A0F80D
:1068A000A82280213C20FFF775F93F2280213C205F
:1068B000FFF770F9D32280213C20FFF76BF9082203
:1068C00080213C20FFF766F9402280213C20FFF721
:1068D00061F9A12280213C20FFF75CF9C0228021D0
:1068E0003C20FFF757F9DA2280213C20FFF752F9CC
:1068F000122280213C20FFF74DF9A42280213C2068
:10690000FFF748F9A62280213C20FFF743F98D22AA
:1069100080213C20FFF73EF9142280213C20FFF724
:1069200039F9D92280213C20FFF734F9F122802166
:106930003C20FFF72FF9AF2280213C20FFF72AF9F6
:10694000C046BD4680BD80B500AFAE2280213C2050
:10695000FFF720F9C046BD4680BD000080B584B079
:1069600000AF1E4BFB600023BB602FE0BB68DBB2B7
:106970000822D31ADBB25BB25022524213435BB2FD
:10698000DBB21A0080213C20FFF704F900228021AD
:106990003C20FFF7FFF8102280213C20FFF7FAF897
:1069A00000237B600CE0FB681B781A00C0213C20B0
:1069B000FFF7F0F8FB68013BFB607B6801337B600D
:1069C0007B687F2BEFDDBB680133BB60BB68072BA7
:1069D000CCDDC046C046BD4604B080BD17200020B7
:1069E00080B584B000AF786000F0A4FC0300FB60C9
:1069F000C04600F09FFC0200FB68D31A7A689A42F6
:106A0000F7D8C046C046BD4604B080BDF0B58FB0D3
:106A100000AFB64B1B78002B69D0B54B1A782025F8
:106A20007B191A70B34B1B78002B25D0B24B1B7807
:106A30005BB2DB005CB2B14B1B780F211800F9F799
:106A4000FFFB0300DBB25BB223405BB2DAB27B191F
:106A50009A70AB4B1A7829007B185A707B18002269
:106A6000DA707B1800221A717B1800225A71A14B30
:106A70001A787B189A7130E0FEF7F0FA0300013BB8
:106A80009AB21826BB1911001800FEF7FBFA202550
:106A90007B1900229A707B1900225A70964B1B7842
:106AA0005BB2DB005CB2954B1B780F211800F9F745
:106AB000C7FB0300DBB25BB223405BB2DAB27B19E7
:106AC000DA708F4B1A787B191A71BB195A797B19B6
:106AD0005A71BB199A797B199A712023FB1818688F
:106AE0005968FEF755FA814B00221A7011E20C2109
:106AF0007B180B221A707B1800225A8000237B63BC
:106B000003E2804B00229B5E013300D00CE1322374
:106B1000FB1800221A80FDE010243A193223FB18DA
:106B20001B8819001000FEF7D3FB31257B192000CC
:106B30003A1812781A703B189A782F23FB18D2084B
:106B40001A703B18DA782E23FB18D2081A703B18FB
:106B50009B7803221340DAB22D23FB18111C090184
:106B60008A1A1A703B18DB7803221340DAB22C23FE
:106B7000FB18111C09018A1A1A703B185A783B1825
:106B80001B799A420BD93B181A787B1901321A707B
:106B90007B191B780D2B02D17B1901221A70102151
:106BA0007B181A78524B1B789A420BD0504B1B78AB
:106BB0003122BA1812789A4204D07B181B78002B25
:106BC00000D0A1E010217B185A784D4B1B789A42D7
:106BD0000BD87B181A794A4B1B789A4205D37B183D
:106BE0005A787B181B799A4215D910217B185A784C
:106BF000434B1B789A4206D97B181A79404B1B7875
:106C00009A4200D280E010217B185A787B181B79B9
:106C10009A4200D878E0384B1B782F22BA181278A5
:106C20009A4206D2344B1B782E22BA1812789A4216
:106C300045D8314B1B782F22BA1812789A4206D1C8
:106C40002E4B1B782D22BA1812789A420DD92A4B56
:106C50001B782E22BA1812789A420ED1274B1B7835
:106C60002C22BA1812789A4207D92F23FA182E2309
:106C7000FB1812781B789A4221D11F4B1B782F21C9
:106C80007A1812789A423FD11C4B1B782D22BA18E1
:106C900012789A4238D8184B1B782E203A1812785E
:106CA0009A4231D1154B1B782C22BA1812789A428D
:106CB0002AD97A183B1812781B789A4224D11022CC
:106CC000BB185B791B029BB2BA1892799B189AB2D7
:106CD0000C217B185A807B181868FFF70DF93223B6
:106CE000FB1800229A5E074B1A801DE0242000202A
:106CF000202000202520002022200020232000200A
:106D0000212000202620002032217B181A887B18A1
:106D100001321A80FEF7C8FA03001A003223FB186A
:106D20001B88934200D2F7E67C4B00229B5E013326
:106D300000D1E7E0794B00229B5E9AB210257C19C6
:106D40003B0011001800FEF7C3FA3B0020001900B9
:106D500007231A0021F0F5FD30243B1928003A18CA
:106D600012781A703B189A782B23FB18D2081A70E5
:106D70003B18DA782A23FB18D2081A703B189B7844
:106D800003221340DAB22923FB18111C09018A1AC5
:106D90001A703B18DB7803221340DAB22823FB1861
:106DA000111C09018A1A1A703B185A783B181B7972
:106DB0009A420BD93B181A783B1901321A703B19C9
:106DC0001B780D2B02D13B1901221A7010217B1860
:106DD0001A78534B1B789A420BD0514B1B783022B8
:106DE000BA1812789A4204D07B181B78002B00D076
:106DF0007AE010217B185A784A4B1B789A420BD8BC
:106E00007B181A79474B1B789A4205D37B185A781E
:106E10007B181B799A4213D910217B185A78414B61
:106E20001B789A4205D97B181A793E4B1B789A42F7
:106E30005AD310217B185A787B181B799A4253D960
:106E4000394B1B782B22BA1812789A4206D2364B4D
:106E50001B782A22BA1812789A4253D8324B1B78E0
:106E60002B22BA1812789A4206D1304B1B7829226D
:106E7000BA1812789A420DD92B4B1B782A22BA18CD
:106E800012789A420ED1294B1B782822BA18127810
:106E90009A4207D92B23FA182A23FB1812781B7859
:106EA0009A422FD1204B1B782B217A1812789A42C4
:106EB0001AD11E4B1B782922BA1812789A4213D87D
:106EC000194B1B782A203A1812789A420CD1174B8A
:106ED0001B782822BA1812789A4205D97A183B18DA
:106EE00012781B789A420DD00C217B1800225A8010
:106EF0007B181868FFF700F8084B012252421A80ED
:106F000000237B637B6B01337B637B6B002B00DC9B
:106F1000F7E5C046BD460FB0F0BDC04626200020B4
:106F200020200020212000202220002023200020DB
:106F300080B500AF012205216F20FEF7E7FD024B6F
:106F40001B781800BD4680BD2020002080B500AF12
:106F5000012204216F20FEF7D9FD024B1B78180097
:106F6000BD4680BD2120002080B500AF0122022156
:106F70006F20FEF7CBFD024B1B781800BD4680BD8D
:106F80002220002080B500AF012201216F20FEF7F2
:106F9000BDFD024B1B781800BD4680BD232000209C
:106FA00090B585B000AF7860194B7A681A60FEF72B
:106FB000D5FC00F073F9802200216F20FEF748FD18
:106FC000082203216F20FEF743FD124B00221A60B6
:106FD0000C243B1900221A703B1900225A803B19DD
:106FE00009221A703B1900225A8000F0A3F902000E
:106FF000084B1A603B19186800F010F8064B012284
:1070000052421A8001231800BD4605B090BDC0460B
:10701000182000201C2000202620002080B582B0EF
:1070200000AF3B1D1860054B1A683B1D1968100026
:10703000FDF729FEC046BD4602B080BD18200020E5
:1070400080B584B000AF3B1D00221A703B1D0022AA
:107050005A8000F06FF90300FB60154B1B68FA685B
:10706000D31A144A93420CD93B1D09221A703B1DB6
:1070700000225A800E4BFA681A603B1D1868FFF711
:10708000CDFF08217B183A1D12681A607A18002378
:1070900011880904090C1B0C1B040B4352881204B1
:1070A0001B041B0C13431800BD4604B080BDC04632
:1070B0001C2000202F75000080B582B000AF3B1D62
:1070C00018603B1D1B785BB20B2B1BD101220521E5
:1070D0006F20FEF71BFD012204216F20FEF716FD35
:1070E000012202216F20FEF711FD012201216F20F4
:1070F000FEF70CFD634B01221A703B1D5B88DAB270
:10710000614B1A703B1D1B785BB2092B16D1012213
:1071100005216F20FEF7FAFC012204216F20FEF703
:10712000F5FC012202216F20FEF7F0FC0122012173
:107130006F20FEF7EBFC534B00221A703B1D1B78AF
:107140005BB2052B00D098E03B1D5B881B0A9BB20D
:10715000052B0BD000DD90E0042B1ED000DD8CE071
:10716000012B00D170E0022B2ED086E03B1D5B8806
:107170001B11DBB201221340DBB21A1C9200D318A0
:10718000DB18DAB23B1D5B88DBB20F210B40DBB2B0
:10719000D318DAB23D4B1A706FE03B1D5B881B11B0
:1071A000DBB203221340DBB21A1C9200D318DB18A7
:1071B000DAB23B1D5B88DBB20F210B40DBB2D31888
:1071C000DAB2334B1A7058E03B1D5B881A0040233B
:1071D000134022D03B1D5B885B11DBB201221340C0
:1071E000DBB20C225343DAB23B1D5B881B11DBB2CE
:1071F00001210B40DBB2191C8900CB18DB18DBB274
:10720000D318DAB23B1D5B88DBB20F210B40DBB237
:10721000D318DAB21F4B1A702FE03B1D5B881B118D
:10722000DBB203221340DBB21A1C9200D318DB1826
:10723000DAB23B1D5B88DBB20F210B40DBB2D31807
:10724000DAB2144B1A7018E03B1D5B881B11DBB2DD
:1072500007221340DBB21A1C9200D318DB18DAB2F3
:107260003B1D5B88DBB20F210B40DBB2D318DAB2D7
:10727000094B1A70FFF7CAFBC04601231800BD4630
:1072800002B080BD242000202520002020200020E6
:1072900021200020222000202320002080B584B05F
:1072A00000AF204B1B78002B01D0012336E03B00C0
:1072B000180010231A00002121F0CEFA1A4B1B4AA5
:1072C0001A60194B20225A60174B00229A60164B05
:1072D000174ADA60144B00221A61134B00229A619C
:1072E000114B180006F046FF031E01D0FAF7AEFF5F
:1072F0003B00802252011A603A000B4B110018002B
:1073000007F0B0F8031E01D0FAF7A0FF064B1800F3
:1073100006F074FF034B01221A7001231800BD46CA
:1073200004B080BD682000202820002000200040FC
:10733000E703000080B500AF054B1B78002B01D19F
:10734000002301E0034B1B681800BD4680BDC0460A
:10735000682000206420002080B500AF054B1B682A
:107360005A1C044B1A60044B180006F08DFFC046EF
:10737000BD4680BD642000202820002080B500AFDD
:107380003C4B1B68DB690822134003D0394B1B6858
:1073900008221A62374B1B68DB692022134030D069
:1073A000354B24229B5C01225340DBB2002B20D0C2
:1073B000304B1B68596A304B1B8C1A00C9B22E4BDC
:1073C00099542D4B1B8C01339AB22B4B1A842A4BA8
:1073D0001B8C1F2213409AB2274B1A84264B5A8CBF
:1073E000254B1B8C9A420CD1234B2422012199540A
:1073F00007E0204B1B689A691E4B1B6808210A4353
:107400009A611C4B1B68DB69402213402ED01B4B3A
:107410001A8C1A4B5B8C9A4204D1184B24229B5C29
:10742000002B1ED0154B5B8C1A00144B9A5C114B31
:107430001B689A62114B5B8C01339AB20F4B5A84D2
:107440000E4B5B8C1F2213409AB20C4B5A840B4B91
:1074500024229B5C002B09D0084B24220021995444
:1074600004E0044B1B6840221A62FFE7C046BD4699
:1074700080BDC0466C200020602100203821002003
:1074800080B500AF034B180007F06EFFC046BD4645
:1074900080BDC0468426002080B500AF3B4B1B78E2
:1074A000012B01D100236EE0FFF7F8FE374B0122DC
:1074B0001A70374B374A1A60354B962292015A6040
:1074C000334B00229A60324B0022DA60304B0022AC
:1074D0001A612F4B0C225A612D4B00229A612C4BC2
:1074E00000221A622A4B00225A62294B00229A6219
:1074F000274B00225A66264B180007F09DF9031E01
:1075000001D0FAF7A3FE224B0021180007F04CFE31
:10751000031E01D0FAF79AFE1D4B0021180007F058
:1075200083FE031E01D0FAF791FE194B1B685A68BF
:10753000174B1B68802109020A435A600022002170
:10754000092001F087F9092001F099F9124B002276
:107550005A84114B00221A840F4B24220021995483
:107560000E4B00225A840D4B00221A840B4B24220E
:1075700000219954064B1B681A68054B1B68602153
:107580000A431A6000231800BD4680BD86210020F2
:107590006C20002000500041382100206021002094
:1075A00080B582B000AF134B1A8C124B5B8C9A42A1
:1075B00004D1104B24229B5C002B16D00D4B5B8C0E
:1075C0001900FB1D0B4A525C1A700A4B5B8C01338D
:1075D0009AB2084B5A84074B5B8C1F2213409AB215
:1075E000044B5A84FB1D1B7800E025231800BD4680
:1075F00002B080BD6021002080B582B000AF0200E3
:10760000FB1D1A701F4B24229B5C01225340DBB2EE
:10761000002B31D01B4B1A8C1A4B5B8C9A420BD12E
:10762000194B1B68DB698022134005D0164B1B6881
:10763000FA1D12789A621DE0124B1B8C1900114B37
:10764000FA1D12785A540F4B1B8C01339AB20D4B12
:107650001A840C4B1B8C1F2213409AB2094B1A84BC
:10766000084B1A8C074B5B8C9A4203D1054B2422A2
:1076700001219954002300E025231800BD4602B0E3
:1076800080BDC046382100206C20002080B500AFAE
:1076900025231800BD4680BD80B582B000AF020032
:1076A000FB1D1A700BF0BAFA0300022B04D1FB1D6C
:1076B0001B781800FAF788FC25231800BD4602B095
:1076C00080BD80B500AF00231800BD4680BD80B5E9
:1076D00082B000AF786000200DF0AEFC08F0C4FE70
:1076E000031E01D0FAF7B2FD08F062FD08F054FE67
:1076F0000BF0CEF800200DF0A9FC00231800BD46C9
:1077000002B080BD80B500AF01235B4218000DF0D0
:10771000ADFCC046BD4680BD80B500AFC046BD468D
:1077200080BD80B500AFC046BD4680BD80B582B08B
:1077300000AF78607B681B691800BD4602B080BD51
:1077400080B584B000AF7860074B196E064B7A683D
:107750000A431A66044B1B6E7A681340FB60FB6891
:10776000C046BD4604B080BD0000404880B582B030
:1077700000AF7860064B1B6E7A6813407A689A42B5
:1077800001D1012300E000231800BD4602B080BDF6
:107790000000404880B582B000AF7860044B196C9F
:1077A000034B7A680A431A64C046BD4602B080BDE6
:1077B0000000404880B582B000AF7860054B1A6C7D
:1077C0007B68D943034B0A401A64C046BD4602B0E9
:1077D00080BDC0460000404880B586B000AFFAF7D3
:1077E0000BFD0300012B01D0FAF72AFD002000F069
:1077F00017FE022000F014FE00F09AF800F0B6F830
:1078000000F0EAF800F080F80020FFF760FFFAF7D8
:10781000C3FBFFF741FE00237B6113E0FDF7F6F9A0
:107820000100354B7A699200D150344B7A6992004D
:10783000D358314A796989008A58100098477B6982
:1078400001337B617B69032BE8DD00233B6112E0A0
:107850002B4B3A699200D358984703001A003B1DFE
:107860001A603B1D1B785BB2013301D1FAF7E8FCCB
:107870003B6901333B613B69032BE9DD0F23FB18B7
:1078800000221A7030E00F23FB1801221A70002327
:10789000BB6026E0184BBA689200D3581800FDF779
:1078A00028FA03001A003B001A60134BBA689200D2
:1078B000D3581800FDF76FFA031E03D00F23FB18EF
:1078C00000221A703B001B785BB2002B06D00D4BD8
:1078D000BA689200D2583B0018689047BB680133E1
:1078E000BB60BB68032BD5DD0F23FB181B78002B77
:1078F000C9D0FFF707FFA8E788210020E426002071
:10790000F42600200427002080B500AF064B074A6C
:107910001A60054B180003F0F1FB031E01D0FAF7C3
:1079200095FCC046BD4680BD98210020000030482F
:1079300080B582B000AF00237B600120FFF716FF07
:10794000031E08D10120FFF725FF0120FFF732FFBA
:107950000120FFF7F5FEC023DB057B603B1D18000F
:1079600003F02AFEC046BD4602B080BD80B582B09D
:1079700000AF3B00180008231A00002120F06CFF24
:107980000120FFF7F3FE031E08D10120FFF702FFDD
:107990000120FFF70FFF0120FFF7D2FEC0460C4B7E
:1079A0001800FFF7C3FE03000F2BF8D93B00A022FD
:1079B00052001A803B0001229A703B00054A5A602F
:1079C0003B00180004F01EFBC046BD4602B080BD5F
:1079D000001800601027000080B500AF064B074A72
:1079E0001A60054B180006F02DFB031E01D0FAF7B4
:1079F0002DFCC046BD4680BDA4210020000060488B
:107A000080B584B000AF7860074B196D064B7A687B
:107A10000A431A65044B1B6D7A681340FB60FB68D0
:107A2000C046BD4604B080BD0000404880B584B06B
:107A300000AF7860074B596D064B7A680A435A6568
:107A4000044B5B6D7A681340FB60FB68C046BD4623
:107A500004B080BD0000404880B584B000AF7860BD
:107A6000074B996D064B7A680A439A65044B9B6DE8
:107A70007A681340FB60FB68C046BD4604B080BD19
:107A80000000404880B584B000AF7860074B196EA5
:107A9000064B7A680A431A66044B1B6E7A681340D9
:107AA000FB60FB68C046BD4604B080BD0000404896
:107AB00080B582B000AF7860064B1B6E7A681340C9
:107AC0007A689A4201D1012300E000231800BD46E4
:107AD00002B080BD0000404880B582B000AF786041
:107AE000044B196C034B7A680A431A64C046BD46BE
:107AF00002B080BD0000404880B582B000AF786021
:107B0000054B1A6C7B68D943034B0A401A64C04684
:107B1000BD4602B080BDC0460000404880B500AF01
:107B200080235B001800FFF781FFC046BD4680BD83
:107B300090B589B000AF78600C243B19180014236D
:107B40001A00002120F088FE7B681A688223DB057A
:107B50009A4247D10420FFF753FF0820FFF750FF58
:107B60003B1902221A603B1912225A603B1900226B
:107B70009A603B190022DA603B1900221A613A1917
:107B80009023DB051100180001F044F821007B1858
:107B900001221A607B1812225A607B1800229A6018
:107BA0007B180022DA607B1800221A617A18902371
:107BB000DB051100180001F02DF80221002003F070
:107BC000F9FA0121002003F0F5FA0221002003F068
:107BD0001FFB0121002003F01BFB80239B031800E7
:107BE000FFF73AFFC046BD4609B090BD90B58FB0D3
:107BF00000AF78602423FB18180014231A0000211A
:107C000020F02AFE0C243B19180018231A0000212A
:107C100020F022FE7B681B68464A934200D084E035
:107C20003B1910221A603B190022DA603B19180038
:107C300006F030F9031E01D0FAF708FB80235B0041
:107C40001800FFF709FF0820FFF7DAFE24243B198C
:107C500008221A603B1902225A603B1900229A60DE
:107C60003B190022DA603B1901221A613B19324AA2
:107C70001900100000F0CEFF3B1980221A603B195A
:107C800002225A603B1900229A603B190022DA60F6
:107C90003B1903221A613B19274A1900100000F012
:107CA000B9FF8821012003F085FA8821012003F023
:107CB000AFFA00220121092000F0CCFD092000F0DC
:107CC000DEFD3B1901221A603B1902225A603B1962
:107CD00000229A603B190022DA603B1900221A61E7
:107CE0003B19154A1900100000F094FF21007B1881
:107CF00002221A607B1812225A607B1800229A60B6
:107D00007B180022DA607B1800221A617A1890230F
:107D1000DB051100180000F07DFF0121012003F0B8
:107D200049FA0221002003F073FAC046BD460FB0A5
:107D300090BDC046005000410000104880B582B0A0
:107D400000AF78607B681B68054A934204D18023AA
:107D50005B021800FFF754FEC046BD4602B080BD6E
:107D60000000304890B589B000AF786008243B1916
:107D7000180018231A00002120F06EFD7B681A6895
:107D8000C023DB059A422DD13B1901221A603B1911
:107D900004221A613B19180006F07CF8031E01D07A
:107DA000FAF754FA0120FFF783FE031E08D10120E1
:107DB000FFF792FE0120FFF79FFE0120FFF762FE12
:107DC0000DF04EF900220021122000F043FD122098
:107DD00000F055FD00220021192000F03BFD192084
:107DE00000F04DFDC046BD4609B090BD80B582B0E3
:107DF00000AF78607B681B68054A934204D18023FA
:107E0000DB021800FFF7FCFDC046BD4602B080BD96
:107E10000000604880B582B000AF78607B681B6866
:107E2000084A93420AD10120FFF700FE00220121F7
:107E30000A2000F00FFD0A2000F021FDC046BD46DB
:107E400002B080BD0020004080B500AFC046FDE715
:107E500080B500AFC046FDE780B500AFC046BD4667
:107E600080BD80B500AFC046BD4680BD80B500AFC7
:107E700000F0FAFBC046BD4680BD80B500AF902340
:107E8000DB050121180000F07DFBC046BD4680BD2A
:107E900080B500AF8023DB01064A1900100000F016
:107EA00071FB044B2021180000F06CFBC046BD465E
:107EB00080BDC0460000104880B500AF05F014FB3F
:107EC000C046BD4680BD80B500AF05F016FBC0467C
:107ED000BD4680BD80B500AF03F006FFC046BD467D
:107EE00080BD80B500AF03F020FFC046BD4680BD19
:107EF00080B586B000AFF860B9607A6000237B611E
:107F00000AE000E000BF0100BB685A1CBA60CAB2B8
:107F10001A707B6901337B617A697B689A42F0DB76
:107F20007B681800BD4606B080BD80B586B000AF46
:107F3000F860B9607A6000237B6109E0BB685A1C75
:107F4000BA601B78180000E000BF7B6901337B61D9
:107F50007A697B689A42F1DB7B681800BD4606B0FF
:107F600080BD80B582B000AF786001235B4218000D
:107F7000BD4602B080BD80B582B000AF7860396088
:107F80003B68802292015A6000231800BD4602B06F
:107F900080BD80B582B000AF786001231800BD4677
:107FA00002B080BD80B584B000AFF860B9607A607F
:107FB00000231800BD4604B080BD000080B586B027
:107FC00000AF7860144A154BD31A7B617B693B6123
:107FD000134B1B68002B02D1114B124A1A60104B35
:107FE0001A687B68D3183A699A4207D220F09CFC41
:107FF00003000C221A6001235B4209E0084B1B6856
:10800000FB60074B1A687B68D218054B1A60FB6847
:108010001800BD4606B080BD00600020000C0000C6
:10802000B82100204C4B002090B583B000AF020077
:108030003960FB1D1A70FB1D1B787F2B28D82F4A37
:10804000FB1D1B785BB29B08C0339B009B58FA1D3D
:108050001278110003220A40D200FF2191400A0049
:10806000D2431A4011003B689B01FF221A40FB1DBE
:108070001B78180003230340DB009A401F48FB1DB8
:108080001B785BB29B080A43C0339B001A5031E057
:108090001B4AFB1D1B7819000F230B40083B9B0854
:1080A00006339B00D31804331B68FA1D12781100A5
:1080B00003220A40D200FF2191400A00D2431A4015
:1080C00011003B689B01FF221A40FB1D1B78180022
:1080D00003230340DB009A400948FB1D1B781C006A
:1080E0000F232340083B9B080A4306339B00C31819
:1080F00004331A60C046BD4603B090BD00E100E005
:1081000000ED00E080B500AFBFF34F8FC046044BD9
:10811000044ADA60BFF34F8FC046C046FDE7C04651
:1081200000ED00E00400FA0590B587B000AF5E4AAC
:108130009423D358002B0ED15C4B1B69002B03D129
:108140005A4B9B6B002B06D0594B01229A60F8F7D3
:108150004BF8FFF7D7FF574B574A9A60554B9A6831
:10816000534B1A61514B5A68504B20210A435A60B5
:108170004E4B5A684D4B51490A405A60C0464B4BD2
:108180005B6904221340042BF9D1484BDB69302290
:1081900093431A00454B20210A43DA61434BDA69C5
:1081A000424B47490A40DA61404BDA693F4B802134
:1081B00049000A43DA61434B1B68434A934255D056
:1081C0001F233B610823FB600A23BB6003237B6002
:1081D000354BDB681E2293431900FB685A00324B73
:1081E0000A43DA60304BDA682F4B01210A43DA6028
:1081F0002D4BDB68354A134019003B691A062A4BA0
:108200000A43DA60284BDA68274B802109040A43C5
:10821000DA60264A9423D3582D4A1A40BB68990144
:10822000F0239B000B402149134394228B501F4A9B
:108230009423D3581D492022134394228B501B4A68
:108240009423D358234A1A407B68D902E0239B0128
:108250000B401649134394228B50144A9423D3584D
:1082600012498022D200134394228B501723FB180B
:1082700000221A700DE017243B191B785BB2032112
:108280001800FFF7D1FE21007B181A787B18013205
:108290001A701723FB181B781F2BECD962B6C04647
:1082A000C046BD4607B090BD0000404800005048A1
:1082B0000400002000ED00E000000410FFFEFFFFBE
:1082C000FFFBFFFFF81E0010CCECBCFCFFFFFFC063
:1082D0003FFCFFFFFFC7FFFF80B582B000AF134B2D
:1082E0009B685B08DAB2FB1D01210A401A700F4B34
:1082F0009B681B0ADAB2BB1D07210A401A70FB1DDE
:108300001B78002B07D0BB1D1B78013B084ADA40C5
:10831000084B1A6005E0BB1D1B78074ADA40054B85
:108320001A60C046BD4602B080BDC046000040484D
:108330000048E801142700200090D003104885462B
:10834000FFF7F2FE002103E00E4B5B58435004316F
:108350000D480E4B42189A42F6D30D4A02E0002314
:10836000136004320B4B9A42F9D30B4A02E000230C
:1083700013600432094B9A42F9D3FFF72DFAFEE756
:1083800000600020D8A70610142600201029002025
:108390009401002014260020C00000209401002039
:1083A000FEE7000080B500AF054B1B6810221340AC
:1083B000102B01D1012300E000231800BD4680BD31
:1083C0000000504880B582B000AF786039607B68AB
:1083D00004331A683B68D9437B6804330A401A6047
:1083E0007B6819687B683A680A431A60C046BD46D4
:1083F00002B080BD80B584B000AF7860074B196DC6
:10840000064B7A680A431A65044B1B6D7A68134061
:10841000FB60FB68C046BD4604B080BD000040481C
:1084200090B589B000AF0200FB1D1A70FB1D1B78D0
:10843000002B03D10820FFF7DDFF0AE0FB1D1B78AE
:10844000012B03D10820FFF7D5FF02E00820FFF73A
:10845000D1FFFB1D1A78284B5200D35A1A000C2466
:108460003B191A603B1901225A603B1901229A609C
:108470003B190222DA60FB1D1A78204B9200D35878
:108480003A191100180000F0C5FBFFF78BFF031E1F
:108490001FD0FB1D1A78194B9200D2589023DB0590
:1084A0009A4206D13B191B68154A19001000FFF7C4
:1084B00089FFFB1D1A78114B9200D358114A934241
:1084C00007D10C23FB181B680F4A19001000FFF797
:1084D00079FFFB1D1A78094B9200D058FB1D1A78C2
:1084E000054B5200D35A0122190000F038FE002338
:1084F0001800BD4609B090BD182700202027002095
:1085000020005048000010482800504880B582B034
:1085100000AF0200FB1D1A70FB1D1A78084B920079
:10852000D058FB1D1A78074B5200D35A002219006D
:1085300000F015FE00231800BD4602B080BDC04605
:10854000202700201827002080B582B000AF02004D
:10855000FB1D1A70FB1D1A78084B9200D058FB1DAA
:108560001A78074B5200D35A0122190000F0F7FD88
:1085700000231800BD4602B080BDC0462027002061
:108580001827002080B582B000AF78600A00BB1CBD
:108590001A80BB1C1A887B681100180000F0FCFDD3
:1085A000C046BD4602B080BD80B582B000AFFB1DA5
:1085B00000221A70032000F00FF8031E03D0FB1DE9
:1085C00001221A7001E0FFF7A9FAFB1D1B781800C1
:1085D000BD4602B080BD000090B585B000AF7860A8
:1085E0000F23FB1800221A701D4B1B78002B2CD078
:1085F00005F066FB04001A4B1B781900FA2398005B
:10860000F7F71EFE030019002000F7F719FE03001C
:10861000180000F044F9031E12D17B68032B0AD81E
:10862000796801235B420022180000F013F90D4B1A
:108630007A681A600DE00F23FB1801221A7008E017
:108640000F23FB1801221A7003E00F23FB180122ED
:108650001A700F23FB181B781800BD4605B090BD9B
:10866000302700202C27002080B500AF054B1B7859
:108670001A00054B1B68D218034B1A60C046BD4652
:1086800080BDC04630270020BC21002080B500AF4F
:10869000024B1B681800BD4680BDC046BC210020AF
:1086A00080B500AF024B1B681800BD4680BDC046B8
:1086B0002C27002080B584B000AF7860FFF7E6FF7C
:1086C0000300BB607B68FB60FB68013305D00A4B8D
:1086D0001B781A00FB689B18FB60C046FFF7D6FFAB
:1086E0000200BB68D31AFA689A42F7D8C046C0465F
:1086F000BD4604B080BDC0463027002080B582B0A2
:1087000000AF0200FB1D1A70FB1D1B787F2B09D8E0
:10871000FB1D1B781A001F231A40044B01219140B6
:108720000A001A60C046BD4602B080BD00E100E00C
:1087300090B583B000AF02003960FB1D1A70FB1DBD
:108740001B787F2B28D82F4AFB1D1B785BB29B0818
:10875000C0339B009B58FA1D1278110003220A4077
:10876000D200FF2191400A00D2431A4011003B6819
:108770009B01FF221A40FB1D1B78180003230340B6
:10878000DB009A401F48FB1D1B785BB29B080A4325
:10879000C0339B001A5031E01B4AFB1D1B781900A7
:1087A0000F230B40083B9B0806339B00D318043370
:1087B0001B68FA1D1278110003220A40D200FF2123
:1087C00091400A00D2431A4011003B689B01FF22EE
:1087D0001A40FB1D1B78180003230340DB009A405E
:1087E0000948FB1D1B781C000F232340083B9B08F6
:1087F0000A4306339B00C31804331A60C046BD46C3
:1088000003B090BD00E100E000ED00E080B582B073
:1088100000AF78607B685A1E80235B049A4201D3C4
:10882000012310E00A4B7A68013A5A6001235B4247
:1088300003211800FFF77CFF054B00229A60044BD0
:1088400007221A6000231800BD4602B080BDC04652
:1088500010E000E080B584B000AFB9607A600F210D
:108860007B18021C1A70BA687B181B785BB2110067
:108870001800FFF75DFFC046BD4604B080BD80B55F
:1088800082B000AF0200FB1D1A70FB1D1B785BB2AB
:108890001800FFF733FFC046BD4602B080BD80B56B
:1088A00082B000AF78607B681800FFF7AFFF03006D
:1088B0001800BD4602B080BD80B584B000AF7860BE
:1088C0000F217B1800221A707B6825229B5CDBB28B
:1088D000022B06D07B680422DA637B1801221A700F
:1088E0002AE07B681B681A687B681B680E218A4334
:1088F0001A607B681B681A687B681B6801218A43C1
:108900001A607B685B6C3C221A407B681B6C0121FF
:1089100091400A005A607B682522012199547B68A6
:108920002422002199547B689B6B002B04D07B6828
:108930009B6B7A68100098470F23FB181B78180070
:10894000BD4604B080BD80B582B000AF78607B6862
:1089500025229B5CDBB21800BD4602B080BD000042
:10896000B0B586B000AFF860B9607A601D4B1B7877
:10897000012B01D1022331E01A4B01221A70194B4D
:1089800000225A6017257C19FA239B00180000F07A
:108990002BF8030023707B191B78002B18D1FB6880
:1089A000002B06D17A68BB681100180000F056F859
:1089B00005E07A68BB681100180000F071F8172311
:1089C000FC18FA239B00180000F00EF80300237037
:1089D000044B00221A701723FB181B781800BD46A1
:1089E00006B0B0BDC021002080B584B000AF786073
:1089F000FFF74CFE0300FB600CE07B68013309D0FD
:108A0000FFF744FE0200FB68D31A7A689A4201D845
:108A100003231BE00F4B1B6901221340012BECD1F8
:108A20000C4B1B690C2213400C2B0ED1094B9A687E
:108A3000094B5B681A43084B5A60064B1A69054B91
:108A40000C210A431A61012300E000231800BD46EF
:108A500004B080BD00100040C021002080B582B06D
:108A600000AF786039600C4B1A690B4B0F210A4339
:108A70001A617B68094A944663449A08064B1204BB
:108A8000120C9A61044B3A681A64034B33221A6041
:108A9000C046BD4602B080BD001000400000FCEFA3
:108AA00080B584B000AF786039603B68FB60174BDD
:108AB0001A69164B0F210A431A617B68144A9446BF
:108AC00063449A08114B1204120C9A610F4AFB6816
:108AD0001B681364FB680433FB600C4AFB681B686B
:108AE0005364FB680433FB60084AFB681B689364AB
:108AF000FB680433FB60054AFB681B68D364034BC7
:108B0000CC221A60C046BD4604B080BD00100040B3
:108B10000000FCEFB0B584B000AF78603960274B3F
:108B20001B78012B01D1022343E0244B01221A7050
:108B3000224B00225A607B681B68FF2B0BD100F090
:108B40003FF80F23FC18FA239B001800FFF74CFF97
:108B50000300237027E03B68012252421A607B68C1
:108B60005B68BB6017E0BB68180000F039F80F25A0
:108B70007C19FA239B001800FFF736FF03002370CF
:108B80007B191B78002B03D03B68BA681A600AE097
:108B9000BB680133BB607B685A687B689B68D318ED
:108BA000BA689A42DFD3054B00221A700F23FB18D4
:108BB0001B781800BD4604B0B0BDC046C0210020DF
:108BC00080B500AF054B1A69044B0F210A431A61A7
:108BD000024B22221A60C046BD4680BD00100040F4
:108BE00080B582B000AF7860094B1A69084B0F213D
:108BF0000A431A617B68DB029A08054B1204120CC7
:108C00009A61034B11221A60C046BD4602B080BD76
:108C10000010004080B586B000AF78603960002356
:108C20007B6190E13B681B6801217A6991400A00F1
:108C30001340FB60FB68002B00D181E13B685B685F
:108C400003221340012B05D03B685B6803221340CD
:108C5000022B30D17B689B683B617B695B00032200
:108C60009A401300DA433B6913403B613B68DA6882
:108C70007B695B009A4013003A6913433B617B6850
:108C80003A699A607B685B683B6101227B699A4024
:108C90001300DA433B6913403B613B685B681B0987
:108CA00001221A407B699A4013003A6913433B61E1
:108CB0007B683A695A603B685B6803221340032B68
:108CC00017D07B68DB683B617B695B0003229A40BD
:108CD0001300DA433B6913403B613B689A687B6948
:108CE0005B009A4013003A6913433B617B683A6921
:108CF000DA603B685B6803221340022B23D17B6957
:108D0000DA087B6808329200D3583B617B690722FE
:108D100013409B000F229A401300DA433B69134033
:108D20003B613B681A697B6907210B409B009A40B5
:108D300013003A6913433B617B69DA087B680832A8
:108D400092003969D1507B681B683B617B695B008D
:108D500003229A401300DA433B6913403B613B68AE
:108D60005B6803221A407B695B009A4013003A69F2
:108D700013433B617B683A691A603B685A68C023B9
:108D80009B02134000D1DBE03B685A688023DB0282
:108D9000134030D08023DB05DB683B617A68902389
:108DA000DB059A4211D101227B699A401300DB4313
:108DB0001A003B6913403B6101227B699A40130012
:108DC0001A003B6913433B6111E001227B699A4021
:108DD00013001B04DB431A003B6913403B61012273
:108DE0007B699A4013001B043A6913433B6180235B
:108DF000DB053A69DA603B685A6880235B031340FD
:108E000030D08023DB051B693B617A689023DB054A
:108E10009A4211D101227B699A401300DB431A0068
:108E20003B6913403B6101227B699A4013001A00A1
:108E30003B6913433B6111E001227B699A401300B7
:108E40001B04DB431A003B6913403B6101227B6931
:108E50009A4013001B043A6913433B618023DB05EE
:108E60003A691A613B685A688023DB03134030D0AB
:108E70008023DB055B693B617A689023DB059A42BE
:108E800011D101227B699A401300DB431A003B6930
:108E900013403B6101227B699A4013001A003B6931
:108EA00013433B6111E001227B699A4013001B04CC
:108EB000DB431A003B6913403B6101227B699A4006
:108EC00013001B043A6913433B618023DB053A69B5
:108ED0005A613B685A6880235B02134030D080237C
:108EE000DB059B693B617A689023DB059A4211D1CF
:108EF00001227B699A401300DB431A003B6913404F
:108F00003B6101227B699A4013001A003B691343BD
:108F10003B6111E001227B699A4013001B04DB4393
:108F20001A003B6913403B6101227B699A401300A0
:108F30001B043A6913433B618023DB053A699A615C
:108F40007B6901337B613B681A687B69DA40131ED9
:108F500000D067E6C046C046BD4606B080BD80B5BD
:108F600086B000AF7860396000237B61CFE00122DA
:108F70007B699A403B681340FB60FB68002B00D183
:108F8000C2E08023DB059B693B617A689023DB05A7
:108F90009A4209D101227B699A401300DB431A00EF
:108FA0003B6913403B6109E001227B699A40130051
:108FB0001B04DB431A003B6913403B618023DB0544
:108FC0003A699A618023DB05DB683B617A6890230C
:108FD000DB059A4209D101227B699A401300DB43E9
:108FE0001A003B6913403B6109E001227B699A400A
:108FF00013001B04DB431A003B6913403B618023D1
:10900000DB053A69DA608023DB051B693B617A681E
:109010009023DB059A4209D101227B699A40130013
:10902000DB431A003B6913403B6109E001227B6985
:109030009A4013001B04DB431A003B6913403B6159
:109040008023DB053A691A618023DB055B693B619C
:109050007A689023DB059A4209D101227B699A4004
:109060001300DB431A003B6913403B6109E0012216
:109070007B699A4013001B04DB431A003B691340D1
:109080003B618023DB053A695A617B681A687B691A
:109090005B00032199400B001A437B681A607B69CF
:1090A000DA087B6808329200D3587A6907210A40AF
:1090B00092000F2191400A00D1437A69D2081940E9
:1090C0007B6808329200D1507B68DB687A69520075
:1090D000032191400A00D2431A407B68DA607B6822
:1090E0005B6801217A6991400A00D2431A407B688B
:1090F0005A607B689B687A695200032191400A009C
:10910000D2431A407B689A607B6901337B613A687D
:109110007B69DA40131E00D029E7C046C046BD4631
:1091200006B080BD80B584B000AF78600A00BB1C7B
:109130001A807B681B69BA1C1288134004D00F2365
:10914000FB1801221A7003E00F23FB1800221A708B
:109150000F23FB181B781800BD4604B080BD80B5F6
:1091600082B000AF786008001100BB1C021C1A809E
:109170007B1C0A1C1A707B1C1B78002B04D0BB1CA8
:109180001A887B689A6103E0BB1C1A887B689A6224
:10919000C046BD4602B080BD80B582B000AF7860E9
:1091A0000A00BB1C1A807A689023DB059A4209D119
:1091B0008023DB05DB69BA1C128813405A1E9341D9
:1091C000DBB209E08023DB05DB69BA1C12881204DC
:1091D00013405A1E9341DBB2002B17D07A689023BC
:1091E000DB059A4205D18023DB05BA1C1288DA61BF
:1091F00005E0BB1C1A888023DB051204DA61BB1C66
:109200001A887B681100180000F004F8C046BD46BB
:1092100002B080BD80B582B000AF78600A00BB1C90
:109220001A80C046BD4602B080BD000080B582B045
:1092300000AF78607B68002B01D101238FE07B6851
:1092400041229B5CDBB2002B07D17B6840220021CE
:1092500099547B681800FEF76BFC7B68412224213F
:1092600099547B681B681A687B681B6801218A43D4
:109270001A607B685A687B681B683B490A401A6120
:109280007B681B689A687B681B6838490A409A604B
:109290007B68DB68012B08D17B689A687B681B6858
:1092A000802109020A439A6007E07B689A687B681C
:1092B0001B68842109020A439A607B68DB68022BE1
:1092C00009D17B681B685A687B681B68802109018B
:1092D0000A435A6007E07B681B685A687B681B6812
:1092E00023490A405A607B681B685A687B681B6880
:1092F00020490A435A607B681B68DA687B681B68F0
:109300001A490A40DA607B681A697B685B691A430C
:1093100011007B689B691A027B681B680A43DA604C
:109320007B68D9697B681A6A7B681B680A431A6084
:109330007B681B681A687B681B6801210A431A60F6
:109340007B6800225A647B684122202199547B6803
:1093500000221A637B6842220021995400231800DE
:10936000BD4602B080BDC046FFFFFFF0FF7FFFFF9C
:10937000FFF7FFFF0080000290B587B002AFF860F2
:109380000C00100019000A23FB18221C1A80082365
:10939000FB18021C1A80BB1D0A1C1A80FB684122A4
:1093A0009B5CDBB2202B00D07DE03B6A002B04D01D
:1093B0002423FB181B88002B05D1FB688022920018
:1093C0005A64012370E0FB681B689A6980231B02C2
:1093D0001A4080231B029A4201D1022364E0FB68F9
:1093E00040229B5C012B01D102235DE0FB684022FF
:1093F00001219954FB68412221219954FB684222A2
:1094000040219954FB6800225A64FB6800221A85A7
:10941000FB683A6A5A62FB682422BA1812885A8595
:10942000FB68234ADA62FB68224A5A630A23FB1864
:109430001A88FB68DA64BB1D1B88012B0BD108233B
:10944000FB181B88DAB2FB681B689A62FB68012272
:1094500052421A650EE008217B181B881B0A9BB23A
:10946000DAB2FB681B689A627B181B88DBB21A00B1
:10947000FB681A65BB1D1B88DAB280235C040A23D3
:10948000FB181988F8680C4B0093230001F076FC58
:10949000FB68402200219954FB680121180001F06B
:1094A000A7FC002300E002231800BD4605B090BDD4
:1094B0000000FFFF719704100020008090B587B076
:1094C00002AFF8600C00100019000A23FB18221CE0
:1094D0001A800823FB18021C1A80BB1D0A1C1A8064
:1094E000FB6841229B5CDBB2202B00D078E03B6A1A
:1094F000002B04D02423FB181B88002B05D1FB680C
:10950000802292005A6401236BE0FB681B689A6911
:1095100080231B021A4080231B029A4201D102239E
:109520005FE0FB6840229B5C012B01D1022358E0E5
:10953000FB68402201219954FB6841222221995461
:10954000FB68422240219954FB6800225A64FB6860
:109550003A6A5A62FB682422BA1812885A85FB6854
:10956000224ADA62FB68224A5A630A23FB181A88E5
:10957000FB68DA64BB1D1B88012B0BD10823FB1889
:109580001B88DAB2FB681B689A62FB6801225242B0
:109590001A650EE008217B181B881B0A9BB2DAB201
:1095A000FB681B689A627B181B88DBB21A00FB6899
:1095B0001A65BB1D1B88DAB20A23FB181988F868E4
:1095C0000C4B0093002301F0D9FBFB6840220021E3
:1095D0009954FB680121180001F00AFC002300E007
:1095E00002231800BD4605B090BDC0460000FFFF35
:1095F000719704100020008080B584B000AF7860BF
:109600007B681B689B69FB607B681B681B68BB6091
:109610007B685B6B002B05D07B685B6BBA68F96875
:1096200078689847C046BD4604B080BD80B586B016
:1096300000AF78607B681B689B697B617B681B68F7
:109640001B683B617B691B0A1A000123134010D081
:109650003B69DB091A00012313400AD07B685B6C6D
:1096600001221A437B685A647B681B68802252007F
:10967000DA617B699B0A1A000123134010D03B6911
:10968000DB091A00012313400AD07B685B6C0822B7
:109690001A437B685A647B681B688022D200DA61B7
:1096A0007B695B0A1A000123134010D03B69DB0978
:1096B0001A00012313400AD07B685B6C02221A4314
:1096C0007B685A647B681B6880229200DA617B6841
:1096D0005B6CFB60FB680B22134005D0FA687B686B
:1096E0001100180001F0DEF9C046BD4606B080BD8D
:1096F00080B582B000AF7860C046BD4602B080BD84
:1097000080B582B000AF7860C046BD4602B080BD73
:1097100080B582B000AF7860C046BD4602B080BD63
:1097200080B582B000AF7860C046BD4602B080BD53
:1097300080B582B000AF786008001100FB1C021CED
:109740001A703B000A1C1A80C046BD4602B080BD9C
:1097500080B582B000AF7860C046BD4602B080BD23
:1097600080B582B000AF7860C046BD4602B080BD13
:1097700090B589B002AFF860B9607A60974B7B61B1
:10978000BB683B61FB6840229B5C012B01D102233B
:109790001FE1FB684022012199543B691B091A0013
:1097A0000123134014D07B681B091A0001231340C6
:1097B0000ED0FB681B681022DA61FB685B6C042228
:1097C0001A43FB685A64FB68180001F096FAE9E056
:1097D0003B699B081A000123134023D07B689B0838
:1097E0001A00012313401DD03B69042293433B61BF
:1097F000FB681B685A6AFB685B6AD2B21A70FB6826
:109800005B6A5A1CFB685A62FB681B8D013B9AB26B
:10981000FB681A85FB685B8D9BB2013B9AB2FB68C3
:109820005A85BFE03B695B081A00012313402CD026
:109830007B685B081A000123134026D0FB681B6D70
:10984000013318D1FB685B6A1A78FB681B689A625F
:10985000FB685B6A5A1CFB685A62FB681B8D013B04
:109860009AB2FB681A85FB685B8D9BB2013B9AB28A
:10987000FB685A8596E0FB681B68FA68126D9A626D
:10988000FB68012252421A658CE03B69DB091A0031
:10989000012313403ED07B689B091A00012313402B
:1098A00038D0FB685B8D9BB2002B2CD0FB681B8DE6
:1098B000002B28D1FB685B8D9BB2FF2B10D9FB6876
:1098C000FF221A85FB68DB6C99B2FB681B8DDAB24C
:1098D00080235B04F8680024009401F04FFA18E03C
:1098E000FB685B8D9AB2FB681A85FB68DB6C99B2EA
:1098F000FB681B8DDAB280239B04F8680024009477
:1099000001F03CFA05E0FB684021180001F0CAF8BC
:1099100048E047E03B699B091A000123134041D00E
:109920007B689B091A00012313403BD0FB6801218F
:10993000180001F0E7FAFB680221180001F058FA5C
:10994000FB6841229B5CDBB2222B01D1244B7B6163
:10995000FB685B8D9BB2FF2B11D9FB68FF221A8538
:10996000FB68DB6C99B2FB681B8DDAB280235C0468
:10997000F8687B690093230001F000FA12E0FB68AD
:109980005B8D9AB2FB681A85FB68DB6C99B2FB6849
:109990001B8DDAB280239C04F8687B690093230056
:1099A00001F0ECF93B695B091A00012313400BD06D
:1099B0007B685B091A000123134005D03A69FB68F4
:1099C0001100180000F0B2FDFB68402200219954FC
:1099D00000231800BD4607B090BDC046002000809F
:1099E0000024008080B586B000AFF860B9607A606E
:1099F000FB68DB6A7B61BB683B61FB6840229B5C68
:109A0000012B01D10223FBE0FB6840220121995484
:109A10003B695B091A00012313400CD07B685B098A
:109A20001A000123134006D03A69FB6811001800A0
:109A300000F04EFEDFE03B691B091A0001231340D2
:109A400054D07B681B091A00012313404ED0FB68D9
:109A50005B8D9BB2002B2DD1FB6841229B5CDBB25E
:109A6000282B0BD17A6980239B049A4206D13A694C
:109A7000FB681100180000F0BBFF36E0FB684122D4
:109A80009B5CDBB2292B10D17B695F4A93420CD0DF
:109A9000FB681B681022DA61FB68180001F02DF9E1
:109AA000FB68180000F0DCFC1FE0FB681B6810225C
:109AB000DA619DE0FB681B681022DA61FB685B6C71
:109AC00004221A43FB685A647B69002B05D07A692B
:109AD00080235B049A4200D08AE0FB685A6CFB68E2
:109AE0001100180000F0DEFF82E081E03B699B0876
:109AF0001A000123134031D07B689B081A00012310
:109B000013402BD0FB685B8D9BB2002B18D0FB68F9
:109B10001B685A6AFB685B6AD2B21A70FB685B6AA0
:109B20005A1CFB685A62FB681B8D013B9AB2FB68AA
:109B30001A85FB685B8D9BB2013B9AB2FB685A8524
:109B4000FB685B8D9BB2002B54D17B692E4A9342FC
:109B500050D0FB68180000F083FC4BE03B69DB0849
:109B60001A00012313400CD07B68DB081A00012384
:109B7000134006D03A69FB681100180000F08AFB18
:109B800039E03B695B081A000123134033D07B683E
:109B90005B081A00012313402DD0FB685B8D9BB23C
:109BA000002B18D0FB685B6A1A78FB681B689A6206
:109BB000FB685B6A5A1CFB685A62FB685B8D9BB250
:109BC000013B9AB2FB685A85FB681B8D013B9AB238
:109BD000FB681A850FE07A6980235B049A4202D001
:109BE0007B69002B07D1FB68180000F039FC02E00C
:109BF000C04600E0C046FB68402200219954002383
:109C00001800BD4606B080BD0000FFFF90B589B0CA
:109C100002AFF860B9607A60FB6840229B5C012B60
:109C200001D10223F7E0FB68402201219954BB686F
:109C30001B091A000123134019D07B681B091A0065
:109C40000123134013D0FB681B681022DA61FB6804
:109C50005B6C04221A43FB685A64FB6820211800DD
:109C600001F0C6F8FB68180001F047F8CEE0BB68C9
:109C7000DB091A000123134000D17EE07B689B09B9
:109C80001A000123134000D177E0FB681B681A68B3
:109C9000FB681B6840218A431A60FB685B8D9BB29E
:109CA000002B55D0FB681B685B689AB21223FB1827
:109CB0009205920D1A80FB685B8D9BB2FF2B06D933
:109CC000FB68FF221A8580235B047B6110E0FB6840
:109CD0005B8D9AB2FB681A85FB68DB6A504A934237
:109CE00003D0FB68DB6A7B6102E080239B047B611D
:109CF000FB681B8DDAB27C691223FB181988F8689F
:109D000000230093230001F039F8FB685B8D9AB2C1
:109D1000FB681B8DD31A9AB2FB685A85FB684122F7
:109D20009B5CDBB2222B09D1FB681B681A68FB68BD
:109D30001B68802109020A431A6067E0FB681B6800
:109D40001A68FB681B688021C9010A431A605DE03C
:109D5000FB681B685A6880239B041A4080239B047D
:109D60009A4204D0FB68180000F038FB4EE0FB6814
:109D70004021180000F096FE48E0BB689B091A00DD
:109D8000012313402ED07B689B091A000123134046
:109D900028D0FB685B8D9BB2002B1DD1FB681B6834
:109DA0005A6880239B041A4080239B049A422CD03B
:109DB000FB68DB6A1A4A934209D1FB681B685A6840
:109DC000FB681B688021C9010A435A601DE0FB68DB
:109DD000180000F003FB18E0FB684021180000F0B9
:109DE00061FE12E0BB685B091A00012313400DD02D
:109DF0007B685B091A000123134007D0BA68FB682F
:109E00001100180000F092FB00E0C046FB68402201
:109E10000021995400231800BD4607B090BDC046EC
:109E20000000FFFF90B589B002AFF860B9607A60BA
:109E30009A4B7B61FB6840229B5C012B01D1022382
:109E400027E1FB68402201219954BB681B091A00D5
:109E50000123134019D07B681B091A00012313400A
:109E600013D0FB681B681022DA61FB685B6C04226C
:109E70001A43FB685A64FB682021180000F0B8FF01
:109E8000FB68180000F039FFFEE0BB685B081A00B1
:109E9000012313400FD07B685B081A000123134095
:109EA00009D0FB681B68FA68126D9A62FB68012290
:109EB00052421A65E8E0BB68DB091A00012313402F
:109EC00065D07B689B091A00012313405FD0FB68B3
:109ED0000121180001F016F8FB681021180000F0AD
:109EE00087FFFB685B8D9BB2002B4AD0FB685B8DC4
:109EF0009BB2FF2B10D9FB68FF221A85FB68DB6C35
:109F000099B2FB681B8DDAB280235B04F8680024E9
:109F1000009400F033FF11E0FB685B8D9AB2FB68A0
:109F20001A85FB68DB6C99B2FB681B8DDAB2802363
:109F30009B04F8680024009400F020FFFB685B8D10
:109F40009AB2FB681B8DD31A9AB2FB685A85FB68DC
:109F500041229B5CDBB2222B09D1FB681B681A688B
:109F6000FB681B68802109020A431A608CE0FB68C9
:109F70001B681A68FB681B688021C9010A431A60C4
:109F800082E0FB684021180000F08CFD7CE0BB689B
:109F90009B091A000123134064D07B689B091A00B7
:109FA000012313405ED0FB680121180000F0AAFFD6
:109FB000FB681021180000F01BFFFB6841229B5C2E
:109FC000DBB2222B01D1364B7B61FB685B8D9BB2F0
:109FD000FF2B11D9FB68FF221A85FB68DB6C99B255
:109FE000FB681B8DDAB280235C04F8687B69009300
:109FF000230000F0C3FE12E0FB685B8D9AB2FB68A1
:10A000001A85FB68DB6C99B2FB681B8DDAB2802382
:10A010009C04F8687B690093230000F0AFFEFB68A6
:10A020005B8D9AB2FB681B8DD31A9AB2FB685A8576
:10A03000FB6841229B5CDBB2222B09D1FB681B68C9
:10A040001A68FB681B68802109020A431A601BE03A
:10A05000FB681B681A68FB681B688021C9010A43FA
:10A060001A6011E0BB685B091A00012313400BD092
:10A070007B685B091A000123134005D0BA68FB68AE
:10A080001100180000F052FAFB6840220021995498
:10A0900000231800BD4607B090BDC04600200080D8
:10A0A0000024008080B588B000AFF860B9607A60A5
:10A0B000FB68DB6ABB610023FB61FB6840229B5CA1
:10A0C000012B01D10223DEE0FB68402201219954DB
:10A0D000BB685B091A00012313400CD07B685B0945
:10A0E0001A000123134006D0BA68FB68110018005B
:10A0F00000F0EEFAC2E0BB681B091A00012313400E
:10A1000000D1A9E07B681B091A000123134000D18C
:10A11000A2E07B689B0B1A000123134006D17B68E9
:10A12000DB0B1A000123134000D18EE0FB68DB6BD0
:10A13000002B0DD07B68DB0B1A000123134007D0E6
:10A14000FB68DB6B1B685B68002B01D10123FB61A3
:10A15000FB689B6B002B0DD07B689B0B1A000123C7
:10A16000134007D0FB689B6B1B685B68002B01D119
:10A170000123FB61FB69012B2DD1FB6841229B5C14
:10A18000DBB2282B0BD1BA6980239B049A4206D1FB
:10A19000BA68FB681100180000F02AFC54E0FB6864
:10A1A00041229B5CDBB2292B10D1BB69384A934218
:10A1B0000CD0FB681B681022DA61FB68180000F005
:10A1C0009CFDFB68180000F04BF93DE0FB681B6844
:10A1D0001022DA613EE0FB681B681022DA61FB683E
:10A1E0005B6C04221A43FB685A641723FB18FA6855
:10A1F0004121525C1A70BB69002B04D0BA698023DC
:10A200005B049A4226D11722BB181B78212B03D05E
:10A21000BB181B78292B03D1FB6821221A630BE0A2
:10A220001722BB181B78222B03D0BB181B782A2BB4
:10A2300002D1FB6822221A63FB685A6CFB6811008A
:10A24000180000F02FFC05E004E0FB681B681022FA
:10A25000DA6113E0C04611E0BB68DB081A00012395
:10A2600013400BD07B68DB081A000123134005D094
:10A27000BA68FB681100180000F00CF8FB68402277
:10A280000021995400231800BD4608B080BDC04687
:10A290000000FFFFB0B584B000AF786039607B6824
:10A2A00041229B5CDBB21A0028231340282B00D0EC
:10A2B00088E07B681B689B691B0CDAB20F257B1951
:10A2C00001210A401A707B681B689B691B0C9AB2BB
:10A2D0000C203B18FE210A401A807B681B689B6893
:10A2E0009AB20A243B199205920D1A807B681B686A
:10A2F000DB689AB20823FB18FE210A401A807B68AB
:10A30000DB68022B48D121007B181B88DB099AB23D
:10A310003B181B8853409BB21A000623134020D1E0
:10A320003B187A1812881A807B689B6C5A1C7B68D1
:10A330009A647B689B6C022B4CD17B6800229A64E8
:10A340007B681B680822DA617B68402200219954EF
:10A350003B181A887B1919787B681800FFF7E8F911
:10A3600038E00C243B190822BA1812881A8080237E
:10A370001A027B681100180000F0C4FD7B684022BF
:10A38000002199543B191A880F23FB1819787B6810
:10A390001800FFF7CDF91DE080231A027B68110039
:10A3A000180000F0AFFD7B684022002199540C2377
:10A3B000FB181A880F23FB1819787B681800FFF721
:10A3C000B7F907E07B681B680822DA617B684022E6
:10A3D00000219954C046BD4604B0B0BD80B582B0DE
:10A3E00000AF78607B684222002199547B6841224B
:10A3F0009B5CDBB2212B17D17B6841222021995431
:10A400007B6811221A637B6800225A637B680121F2
:10A41000180000F077FD7B684022002199547B688A
:10A420001800FFF765F916E07B6841222021995456
:10A430007B6812221A637B6800225A637B680221C0
:10A44000180000F05FFD7B684022002199547B6872
:10A450001800FFF755F9C046BD4602B080BD0000A8
:10A4600080B584B000AF78607B681B681B68FB60B8
:10A470007B68422200219954FB689B0B1A00012340
:10A48000134008D07B681B681A687B681B682549E5
:10A490000A401A600DE0FB68DB0B1A000123134031
:10A4A00007D07B681B681A687B681B681E490A40D6
:10A4B0001A607B6841229B5CDBB2292B14D17B683C
:10A4C0004122282199547B6821221A637B6801214B
:10A4D000180000F017FD7B684022002199547B682A
:10A4E0001800FFF715F919E07B6841229B5CDBB28D
:10A4F0002A2B13D17B684122282199547B68222280
:10A500001A637B680221180000F0FCFC7B68402283
:10A51000002199547B681800FFF702F9C046BD4638
:10A5200004B080BDFFBFFFFFFF7FFFFF80B586B097
:10A5300000AF786039603B687B617B681B682022D4
:10A54000DA617B6841229B5CDBB2212B08D17B68FE
:10A550000121180000F0D6FC7B6811221A630DE07F
:10A560007B6841229B5CDBB2222B07D17B680221F6
:10A57000180000F0C7FC7B6812221A637B681B6816
:10A580005A687B681B6850490A405A607B68002201
:10A590005A637B684D4ADA627B691B091A00012302
:10A5A000134009D07B681B681022DA617B685B6C02
:10A5B00004221A437B685A647B6841229B5CDBB2AD
:10A5C000602B0BD17B699B081A000123134005D037
:10A5D0007B681B685B6ADBB2FB60FB687B6818000A
:10A5E00000F08BFB7B685B6C3B617B6841229B5C72
:10A5F000DBB2602B02D03B69002B07D07B685A6C22
:10A600007B681100180000F04DFA58E07B68412289
:10A610009B5CDBB2212B26D17B68412220219954FF
:10A620007B6800221A637B6842229B5CDBB2402B72
:10A630000CD17B684222002199547B684022002182
:10A6400099547B681800FBF7A3F838E07B68422236
:10A65000002199547B684022002199547B6818009E
:10A66000FFF746F82BE07B6841229B5CDBB2222B94
:10A6700025D17B684122202199547B6800221A63EE
:10A680007B6842229B5CDBB2402B0CD17B68422270
:10A69000002199547B684022002199547B6818005E
:10A6A000FBF7ACF80BE07B684222002199547B68F1
:10A6B0004022002199547B681800FFF721F8C0461A
:10A6C000BD4606B080BDC04600E800FE0000FFFFAA
:10A6D00080B586B000AF786039607B681B681B6806
:10A6E0003B613B687B617B68DB6AFB600B203B184E
:10A6F0007A684121525C1A707B681B682022DA61FB
:10A700003B181B78212B03D03B181B78292B09D130
:10A71000B04A7B681100180000F0F4FB7B6821222E
:10A720001A6320E00B22BB181B78222B03D0BB1826
:10A730001B782A2B09D1A84A7B681100180000F069
:10A74000E1FB7B6822221A630DE00B23FB181B78C8
:10A75000282B08D1A14A7B681100180000F0D2FB19
:10A760007B6800221A637B681B685A687B681B68D9
:10A77000802109020A435A607B681B685A687B681B
:10A780001B6897490A405A607B68180000F0B5FAC8
:10A790003B699B0B1A000123134013D07B681B6895
:10A7A0001A687B681B688F490A401A607B689B6B3C
:10A7B000002B20D07B689B6B1B685B689AB27B6820
:10A7C0005A8518E03B69DB0B1A000123134012D0B5
:10A7D0007B681B681A687B681B6883490A401A609B
:10A7E0007B68DB6B002B06D07B68DB6B1B685B68D0
:10A7F0009AB27B685A857B699B081A000123134033
:10A8000020D07B69042293437B617B681B685A6A72
:10A810007B685B6AD2B21A707B685B6A5A1C7B6881
:10A820005A627B681B8D002B0CD07B681B8D013B13
:10A830009AB27B681A857B685B8D9BB2013B9AB2AA
:10A840007B685A857B685B8D9BB2002B05D07B684B
:10A850005B6C04221A437B685A647B691B091A00EB
:10A860000123134051D03B691B091A0001231340F7
:10A870004BD07B685B8D9BB2002B2DD17B68412236
:10A880009B5CDBB2282B0BD1FA6880239B049A4295
:10A8900006D17A697B681100180000F0A9F834E04D
:10A8A0007B6841229B5CDBB2292B10D1FB684F4AAD
:10A8B00093420CD07B681B681022DA617B68180019
:10A8C00000F01BFA7B681800FFF7CAFD1DE07B68EB
:10A8D0001B681022DA6118E07B681B681022DA61BD
:10A8E0007B685B6C04221A437B685A64FB68002B0C
:10A8F00004D0FA6880235B049A4206D17B685A6CC4
:10A900007B681100180000F0CDF87B68422200211E
:10A9100099547B6800225A637B685B6C002B13D0D0
:10A920007B685A6C7B681100180000F0BBF87B68EC
:10A9300041229B5CDBB2282B47D17A697B681100EE
:10A94000180000F055F840E07B68DB6A274A934224
:10A9500016D07B681800FFF783FD7B68234ADA6214
:10A960007B684122202199547B6800221A637B680E
:10A970004022002199547B681800FEF7E9FE24E08C
:10A980007B6841229B5CDBB2222B0FD17B6841228A
:10A99000202199547B6800221A637B6840220021A1
:10A9A00099547B681800FEF7BBFE0EE07B684122DD
:10A9B000202199547B6800221A637B684022002181
:10A9C00099547B681800FEF7A3FEC046BD4606B04A
:10A9D00080BDC046018000000280000003800000AE
:10A9E00000E800FEFFBFFFFFFF7FFFFF0000FFFF4B
:10A9F00080B582B000AF786039607B68274ADA6240
:10AA00007B6800221A637B684122202199547B686D
:10AA10004222002199547B6800225A633B689B08BC
:10AA20001A000123134022D07B681B685A6A7B6896
:10AA30005B6AD2B21A707B685B6A5A1C7B685A6286
:10AA40007B681B8D002B12D07B681B8D013B9AB25B
:10AA50007B681A857B685B8D9BB2013B9AB27B68F1
:10AA60005A857B685B6C04221A437B685A640C4AE3
:10AA70007B681100180000F045FA7B681B68102203
:10AA8000DA617B684022002199547B681800FEF748
:10AA90005FFEC046BD4602B080BDC0460000FFFF5D
:10AAA0000380000080B584B000AF786039600F206B
:10AAB0003B187A684121525C1A707B68422200215F
:10AAC00099547B68724ADA627B6800225A857B68F7
:10AAD0005A6C3B681A437B685A643B181B78282BD6
:10AAE00007D03B181B78292B03D03B181B782A2B47
:10AAF0000CD17B680321180000F004FA7B68412226
:10AB0000282199547B68634A5A6332E0624A7B6821
:10AB10001100180000F0F6F97B68180000F0EDF85D
:10AB20007B6841229B5CDBB2602B1FD07B6841229B
:10AB3000202199547B681B689B6920221340202B9D
:10AB400014D17B681B689B6910221340102B09D11C
:10AB50007B681B681022DA617B685B6C04221A43F5
:10AB60007B685A647B681B682022DA617B6800225C
:10AB70005A637B681B6BBB607B689B6B002B3BD075
:10AB8000BB68112B02D0BB68212B35D17B681B68B9
:10AB90001A688023DB011A408023DB019A4207D127
:10ABA0007B681B681A687B681B683C490A401A600E
:10ABB0007B689B6B1800FDF7C6FE0300012B16D0C7
:10ABC0007B689B6B364A9A637B68402200219954CC
:10ABD0007B689B6B1800FDF76FFE031E51D07B68EE
:10ABE0009B6B9A6B7B689B6B1800904749E07B6876
:10ABF000180000F059F844E07B68DB6B002B3BD079
:10AC0000BB68122B02D0BB68222B35D17B681B6836
:10AC10001A6880231B021A4080231B029A4207D124
:10AC20007B681B681A687B681B681E490A401A60AB
:10AC30007B68DB6B1800FDF786FE0300012B16D046
:10AC40007B68DB6B164A9A637B684022002199542B
:10AC50007B68DB6B1800FDF72FFE031E13D07B68AB
:10AC6000DB6B9A6B7B68DB6B180090470BE07B68B3
:10AC7000180000F019F806E07B68180000F014F8DE
:10AC800002E0C04600E0C046C046BD4604B080BDFC
:10AC90000000FFFFE599041003800000FFBFFFFFE5
:10ACA0003FAD0410FF7FFFFF80B582B000AF78603A
:10ACB0007B6841229B5CDBB2602B0FD17B68412219
:10ACC000202199547B6800221A637B68402200216E
:10ACD00099547B681800FEF743FD0AE07B68002268
:10ACE0001A637B684022002199547B681800FAF7A8
:10ACF000E9FDC046BD4602B080BD80B582B000AF60
:10AD000078607B681B689B6902221340022B03D189
:10AD10007B681B6800229A627B681B689B69012222
:10AD20001340012B07D07B681B689A697B681B68FE
:10AD300001210A439A61C046BD4602B080BD80B57C
:10AD400084B000AF78607B689B6AFB60FB689B6B9C
:10AD5000002B03D0FB689B6B00229A63FB68DB6BC4
:10AD6000002B03D0FB68DB6B00229A63FB681800A2
:10AD7000FFF79AFFC046BD4604B080BD90B587B0CE
:10AD800000AFF860080011007B600A243B19021C28
:10AD90001A8009203B180A1C1A703B191B889B0556
:10ADA0009A0D3B181B781904FF231B040B401A4310
:10ADB0007B681A43BB6A13435B005B087B61FB68DB
:10ADC0001B685B68BA6A510D8022D2000A400749AD
:10ADD0000A43D2431A401100FB681B687A690A4390
:10ADE0005A60C046BD4607B090BDC046FF63FF0332
:10ADF00080B584B000AF78600A00BB1C1A800023C5
:10AE0000FB607B685A6B3C4B9A4235D07B685A6B2F
:10AE10003A4B9A4230D07B685A6B394B9A422BD0CE
:10AE2000BB1C00229B5E002B03DAFB68B822134395
:10AE3000FB60BB1C1B880122134003D0FB68F2227D
:10AE40001343FB60BB1C1B880222134003D0FB682A
:10AE5000F4221343FB60BB1C1B88102B03D1FB683F
:10AE600090221343FB60BB1C1B88202B37D1FB684F
:10AE700020221343FB6032E0BB1C00229B5E002BB0
:10AE800003DAFB68B8221343FB60BB1C1B8801225A
:10AE9000134003D0FB68F2221343FB60BB1C1B88EA
:10AEA0000222134003D0FB68F4221343FB60BB1C57
:10AEB0001B88102B03D1FB6890221343FB60BB1C43
:10AEC0001B88202B03D1FB6860221343FB60BB1C53
:10AED0001B88402B03D1FB6840221343FB607B6837
:10AEE0001B6819687B681B68FA680A431A60C046C9
:10AEF000BD4604B080BDC0460D9C0410A5A0041042
:10AF0000259E041080B584B000AF78600A00BB1C99
:10AF10001A800023FB60BB1C1B880122134010D049
:10AF2000FB6842221343FB607B6841229B5CDBB2DF
:10AF30001A0028231340282B03D0FB68B0221343A8
:10AF4000FB60BB1C1B880222134010D0FB6844220C
:10AF50001343FB607B6841229B5CDBB21A00282311
:10AF60001340282B03D0FB68B0221343FB60BB1CAB
:10AF700000229B5E002B03DAFB68B8221343FB60C0
:10AF8000BB1C1B88102B03D1FB6890221343FB6072
:10AF9000BB1C1B88202B03D1FB6820221343FB60C2
:10AFA000BB1C1B88402B03D1FB6840221343FB6072
:10AFB0007B681B681A68FB68D9437B681B680A407A
:10AFC0001A60C046BD4604B080BD000080B582B0A6
:10AFD00000AF786039607B6841229B5CDBB2202B3C
:10AFE00038D17B6840229B5C012B01D1022332E0E7
:10AFF0007B684022012199547B6841222421995485
:10B000007B681B681A687B681B6801218A431A6089
:10B010007B681B681A687B681B6811490A401A60C4
:10B020007B681B6819687B681B683A680A431A606A
:10B030007B681B681A687B681B6801210A431A60D9
:10B040007B684122202199547B6840220021995439
:10B05000002300E002231800BD4602B080BDC046B8
:10B06000FFEFFFFF80B584B000AF786039607B6888
:10B0700041229B5CDBB2202B39D17B6840229B5C58
:10B08000012B01D1022333E07B6840220121995436
:10B090007B684122242199547B681B681A687B686D
:10B0A0001B6801218A431A607B681B681B68FB6070
:10B0B000FB68114A1340FB603B681B02FA681343AC
:10B0C000FB607B681B68FA681A607B681B681A68FB
:10B0D0007B681B6801210A431A607B68412220219A
:10B0E00099547B68402200219954002300E00223F8
:10B0F0001800BD4604B080BDFFF0FFFF80B584B0EE
:10B1000000AF78600F23FB1800221A707B68002BB9
:10B1100045D07B681B79DBB2002B03D17B6818001C
:10B12000FCF70CFEFDF7B2FA0300BB607B6802225D
:10B130001A7111E07B681B6801221A60FDF7A6FAFC
:10B140000200BB68D21AFA239B009A4204D90F234B
:10B15000FB1803221A7006E07B681B681B6801223B
:10B160001340012BE6D10F23FB181B78002B0FD1C6
:10B170007B681B689A687B681B68D02149030A4377
:10B180009A607B6800229A607B6801221A710AE04B
:10B190007B6804229A607B6803221A7103E00F2304
:10B1A000FB1801221A700F23FB181B781800BD46EC
:10B1B00004B080BD80B584B000AF786039600F23E3
:10B1C000FB1800221A707B68002B03D07B68012BD0
:10B1D00008D00FE00D4B1A6A3B68D9430B4B0A406D
:10B1E0001A620CE0094B9A6A3B68D943074B0A4044
:10B1F0009A6204E00F23FB1801221A70C0460F2345
:10B20000FB181B781800BD4604B080BD00005048F4
:10B2100080B584B000AF786039600F23FB1800223E
:10B220001A707B68002B03D07B68012B08D00FE0DD
:10B230000D4B5A6A3B68D9430B4B0A405A620CE0EB
:10B24000094BDA6A3B68D943074B0A40DA6204E0EB
:10B250000F23FB1801221A70C0460F23FB181B781E
:10B260001800BD4604B080BD0000504880B582B0D3
:10B2700000AF7860044B1B68034B7A681A60C046C5
:10B28000BD4602B080BDC046C000002080B582B07F
:10B2900000AF7860074B5B68074A134019007B6872
:10B2A0001B021B041A0C034B0A435A60C046BD46DE
:10B2B00002B080BDC0000020FF00FFFF80B582B05B
:10B2C00000AF7860084B5B68084A134019007B6840
:10B2D0001A04FF231B041A40034B0A435A60C0465A
:10B2E000BD4602B080BDC046C0000020FFFF00FF89
:10B2F00080B582B000AF7860064B5B681B02190A0C
:10B300007B681A06034B0A435A60C046BD4602B02A
:10B3100080BDC046C000002080B582B000AF78601C
:10B32000074B9B68FF22934319007B68FF221A405A
:10B33000034B0A439A60C046BD4602B080BDC0467A
:10B34000C000002080B582B000AF7860074B9B68DA
:10B35000074A134019007B681B021B041A0C034B9D
:10B360000A439A60C046BD4602B080BDC0000020BE
:10B37000FF00FFFF80B582B000AF7860084B9B688C
:10B38000084A134019007B681A04FF231B041A4063
:10B39000034B0A439A60C046BD4602B080BDC0461A
:10B3A000C0000020FFFF00FF80B582B000AF7860D2
:10B3B000064B9B681B02190A7B681A06034B0A435B
:10B3C0009A60C046BD4602B080BDC046C0000020A5
:10B3D00080B582B000AF7860074BDB68FF229343F3
:10B3E00019007B68FF221A40034B0A43DA60C0460B
:10B3F000BD4602B080BDC046C000002080B582B00E
:10B4000000AF7860074BDB68074A134019007B6880
:10B410001B021B041A0C034B0A43DA60C046BD46EC
:10B4200002B080BDC0000020FF00FFFF80B582B0E9
:10B4300000AF7860084BDB68084A134019007B684E
:10B440001A04FF231B041A40034B0A43DA60C04668
:10B45000BD4602B080BDC046C0000020FFFF00FF17
:10B4600080B582B000AF7860084BDB68084A1340B3
:10B4700019007B681A06FC239B051A40034B0A43FC
:10B48000DA60C046BD4602B080BDC046C0000020A4
:10B49000FFFFFFC080B582B000AF7860074B1B692B
:10B4A000FF22934319007B68FF221A40034B0A4393
:10B4B0001A61C046BD4602B080BDC046C000002033
:10B4C00080B500AF044B5A69034B04210A435A610B
:10B4D000C046BD4680BDC046C000002080B500AF5C
:10B4E000044B5A69034B802109040A435A61C04640
:10B4F000BD4680BDC000002080B500AF044B5A6936
:10B50000034B802189050A435A61C046BD4680BD70
:10B51000C000002080B500AF044B5A69034B802166
:10B52000C9050A435A61C046BD4680BDC00000201F
:10B5300080B582B000AF7860074B9B697F22934350
:10B5400019007B687F221A40034B0A439A61C04668
:10B55000BD4602B080BDC046C000002080B582B0AC
:10B5600000AF78607B68DB68032293431A007B6836
:10B57000DA60C046BD4602B080BD80B582B000AF83
:10B5800078607B68DB68032293431A007B68DA608B
:10B59000C046BD4602B080BD80B582B000AF7860C5
:10B5A0007B689B6A034A1A407B689A62C046BD4624
:10B5B00002B080BDFFFFFFBF90B58DB000AF7860D7
:10B5C000144B7B61144B1B68144A93422AD1144BD1
:10B5D0001B681B0A0F221340FB62114B1B681B0BDD
:10B5E0000F221340BB620E4B1B681B0C0F22134033
:10B5F0007B620B4B1B681B0D072213403B62084B01
:10B600001B681B0E07221340FB611B23FB18012242
:10B610001A7018E0E8210020F81E0010CCECBCFCE9
:10B62000E81E00100823FB620723BB6208237B622D
:10B630001B217B1800221A7003233B620323FB614A
:10B640007B1801221A70FC4B00221A717B68002BB8
:10B6500003D07B681800FCF785FBC023DB051800CE
:10B66000FFF77CFFC023DB051800FFF786FFF34BD5
:10B670001800FFF791FFF24A9E239B00D3580F2238
:10B6800093431A007B6A0F210B40ED491A439E2316
:10B690009B00CA50EA4A9D239B00D358F022934353
:10B6A0001A00BB6A1B01FF210B40E5491A439D2389
:10B6B0009B00CA50E24A9D239B00D3580F2293431C
:10B6C0001A00FB6A0F210B40DD491A439D239B00A2
:10B6D000CA501B23FB181B78002B1ED0D84A92237C
:10B6E0009B00D358072293431A003B6A07210B4063
:10B6F000D3491A4392239B00CA50D14A92239B00FC
:10B70000D358382293431A00FB69DB0038210B40E1
:10B71000CB491A4392239B00CA50C94AA4235B0019
:10B72000D358FF229343C64955221A43A4235B00F2
:10B73000CA50C34AAA235B00D358FF229343C0498F
:10B7400066221A43AA235B00CA50BD4AB4235B0099
:10B75000D358FF229343BA4955221A43B4235B00BE
:10B76000CA50B74AC4235B00D358FF229343B4495D
:10B770001D221A43C4235B00CA50B14AC2235B0096
:10B78000D358FF229343AE4959221A43C2235B0088
:10B79000CA50AB4AC6235B00D358FF229343A84943
:10B7A00032221A43C6235B00CA50A54AB6235B0067
:10B7B000D358A34901221A43B6235B00CA50A04ABA
:10B7C000D0239B00D358FF2293439D491F221A4345
:10B7D000D0239B00CA509A4AD1239B00D358FF2202
:10B7E0009343974909221A43D1239B00CA50402012
:10B7F000FFF74CFD3F20FFF761FD0920FFF778FDC3
:10B800005A20FFF7B7FD3220FFF7CEFD5A20FFF791
:10B8100083FD3220FFF796FD1020FFF707FE102072
:10B82000FFF71EFE0420FFF735FE1420FFF7D0FDC2
:10B830000520FFF7E3FDFFF743FEFFF74FFEFFF79D
:10B840005BFE0020FFF774FE13203B1800221A70E5
:10B850003B181B783A18591C11701A007B699B1809
:10B8600001221A703B181B783A18591C11701A00E3
:10B870007B699B185E221A70714A9E239B00D158E7
:10B880003B181B7804003A18581C10701A007B698A
:10B890009B18CAB21A7020003B181B783A18591C22
:10B8A00011701A007B699B1801221A703B181B78D3
:10B8B0003A18591C11701A007B699B185D221A7086
:10B8C0005F4A9D239B00D1583B181B7804003A180F
:10B8D000581C10701A007B699B18CAB21A7020009D
:10B8E0003B181B783A18591C11701A007B699B1879
:10B8F00001221A703B181B783A18591C11701A0053
:10B900007B699B1852221A704D4A92239B00D15892
:10B910003B181B7804003A18581C10701A007B69F9
:10B920009B18CAB21A7020003B181B783A18591C91
:10B9300011701A007B699B1801221A703B181B7842
:10B940003A18591C11701A007B699B1812221A7040
:10B950003B4AA4235B00D1583B181B7804003A18DB
:10B96000581C10701A007B699B18CAB21A7020000C
:10B970003B181B783A18591C11701A007B699B18E8
:10B9800001221A703B181B783A18591C11701A00C2
:10B990007B699B1815221A70294AAA235B00D1588B
:10B9A0003B181B7804003A18581C10701A007B6969
:10B9B0009B18CAB21A7020003B181B783A18591C01
:10B9C00011701A007B699B1801221A703B181B78B2
:10B9D0003A18591C11701A007B699B181A221A70A8
:10B9E000174AB4235B00D1583B181B7804003A185F
:10B9F000581C10701A007B699B18CAB21A7020007C
:10BA00003B181B783A18591C11701A007B699B1857
:10BA100001221A703B181B783A18591C11701A0031
:10BA20007B699B1822221A70054AC4235B00D158F7
:10BA30003B181B78040005E0C000002000180060DF
:10BA4000001400603A18581C10701A007B699B188B
:10BA5000CAB21A7020003B181B783A18591C117092
:10BA60001A007B699B1801221A703B181B783A1840
:10BA7000591C11701A007B699B1821221A706D4A9B
:10BA8000C2235B00D1583B181B7804003A18581C9D
:10BA900010701A007B699B18CAB21A7020003B18FC
:10BAA0001B783A18591C11701A007B699B180122E7
:10BAB0001A703B181B783A18591C11701A007B69D0
:10BAC0009B1823221A705B4AC6235B00D1583B188F
:10BAD0001B7804003A18581C10701A007B699B18D8
:10BAE000CAB21A7020003B181B783A18591C117002
:10BAF0001A007B699B1801221A703B181B783A18B0
:10BB0000591C11701A007B699B181B221A70494A34
:10BB1000B6235B00D1583B181B7804003A18581C18
:10BB200010701A007B699B18CAB21A7020003B186B
:10BB30001B783A18591C11701A007B699B18012256
:10BB40001A703B181B783A18591C11701A007B693F
:10BB50009B1890221A70374AD0239B00D1583B186B
:10BB60001B7804003A18581C10701A007B699B1847
:10BB7000CAB21A7020003B181B783A18591C117071
:10BB80001A007B699B1801221A703B181B783A181F
:10BB9000591C11701A007B699B1891221A70254A52
:10BBA000D1239B00D1583B181B7804003A18581C2D
:10BBB00010701A007B699B18CAB21A703B191B7867
:10BBC0003A19591C11701A007B699B1800221A70CF
:10BBD000194A1A4B1A60184A184B5A60184A174BE0
:10BBE0009A60164B0022DA60144B1B681800FFF7AE
:10BBF0003DFB104B01221A61FFF78CFCC023DB05D3
:10BC00005B68FB60C023DB05FA685A600D4B5A6C19
:10BC10000C4B01210A435A640A4B1A6C094B01214F
:10BC20000A431A64C023DB055B68FB60C046BD465F
:10BC30000DB090BD00140060E8210020D821002044
:10BC4000E42100200018006080B586B000AF244ACF
:10BC5000A9239B00D358FB60214AAA239B00D358F9
:10BC6000BB60BB681B021B041A0CFB68FF210B4066
:10BC700013433B611A4AAB239B00D3587B603B695B
:10BC8000002B02D07B680B2B02D97F237B6120E045
:10BC90007A6813005B009B185B00773B7B6105E0D3
:10BCA0007B6906337B613B695B083B613B691E2B0B
:10BCB000F6D83A6913005B009B189B009B185B0148
:10BCC0009B18084A944663449B0A1A007B699B1898
:10BCD0007B617B695BB21800BD4606B080BDC04683
:10BCE00000140060A046000080B582B000AFC02301
:10BCF000DB05DB697B60C023DB055B683B60C02341
:10BD0000DB053A685A6000F0D3FC7A683B6813435D
:10BD1000180006F0A6FD00F0C5FCC023DB055B683B
:10BD20003B60C046BD4602B080BD80B500AF06F0A6
:10BD3000BDFBC046BD4680BD80B582B000AF0200ED
:10BD4000FB1D1A70FB1D1B787F2B09D8FB1D1B7870
:10BD50001A001F231A40044B012191400A001A6067
:10BD6000C046BD4602B080BD00E100E080B582B0B3
:10BD700000AF78607B68DB680322934302221A439A
:10BD80007B68DA60C046BD4602B080BD80B582B037
:10BD900000AF78607B68DB68032293431A007B68FE
:10BDA000DA60C046BD4602B080BD80B582B000AF4B
:10BDB00078607B68DB68032293431A007B68DA6053
:10BDC000C046BD4602B080BD80B582B000AF78608D
:10BDD00039607B683A681A61C046BD4602B080BDD2
:10BDE00080B582B000AF78607B689B6A8022D20504
:10BDF0001A437B689A62C046BD4602B080BD00000F
:10BE000080B582B000AF78607B689B6A034A1A40B5
:10BE10007B689A62C046BD4602B080BDFFFFFFBF8F
:10BE200080B582B000AF78607B681B6B8022D20542
:10BE30001A437B681A63C046BD4602B080BD00004D
:10BE400080B582B000AF78607B681B6B034A1A40F4
:10BE50007B681A63C046BD4602B080BDFFFFFFBFCE
:10BE600080B582B000AF78600A00FB1C1A70FB1C22
:10BE70001A787B689A60C046BD4602B080BD80B526
:10BE800082B000AF786039607B683A685A62C04619
:10BE9000BD4602B080BD80B582B000AF7860396029
:10BEA0007B683A68DA62C046BD4602B080BD80B5A4
:10BEB00082B000AF78607B681B691800BD4602B095
:10BEC00080BD80B582B000AF78607B689B6A8022BD
:10BED00092051A437B689A62C046BD4602B080BD97
:10BEE00080B582B000AF78600A00FB1C1A70084B66
:10BEF0009B6A072293431900FB1C1B7807221A40F8
:10BF0000034B0A439A62C046BD4602B080BDC0469C
:10BF10000018006080B582B000AF78607B689B6CD1
:10BF200001221A437B689A64C046BD4602B080BDB8
:10BF300080B582B000AF78607B68DB6C01221A4369
:10BF40007B68DA64C046BD4602B080BD80B582B071
:10BF500000AF78607B68DB6C01221340012B01D1BC
:10BF6000012300E000231800BD4602B080BD80B56B
:10BF700082B000AF786039607B683A685A60C0462A
:10BF8000BD4602B080BD80B582B000AF78607B68EE
:10BF900000229A60C046BD4602B080BD80B582B026
:10BFA00000AF78607B689B681800BD4602B080BD1A
:10BFB00080B582B000AF78607B68DB681800BD4652
:10BFC00002B080BD80B582B000AF78607B681B692D
:10BFD00001221A437B681A61C046BD4602B080BD8B
:10BFE00080B582B000AF78607B681B690122134086
:10BFF000012B01D1012300E000231800BD4602B04F
:10C0000080BD0000F0B583B000AF7860714B1800C0
:10C01000FFF78EFF6F4B1800FFF77CFF1720FFF72D
:10C020008BFE1420FFF788FE7B685B685A1E9341E5
:10C03000DBB21A00684B1A70674B1B78002B03D1D8
:10C040007B689B78002B02D000F00AFC10E0624B6A
:10C05000C82252031A62604BC8225203DA615E4B57
:10C060005E4A9A615C4B5E4A1A615B4B5D4A5A615B
:10C070007B685B68002B08D1A023DB05180000F06B
:10C0800023FB0200544B5A601DE07B685B681B0376
:10C090000A211800F4F7D4F803001A004E4B5A6036
:10C0A0004D4B5E68504B180000F00EFB03009E42A3
:10C0B00002D2494B5A6804E04B4B180000F004FBD5
:10C0C0000200454B5A60444B64229A60424B002266
:10C0D0001A737B681B881A003F4B9A663E4B9B6E17
:10C0E0009AB23D4B9B691900100000F02DFD3A4BB0
:10C0F0008422002199543849002200230A674B67A3
:10C10000344B1800FFF7D3FE0200334B80215A5006
:10C110003149002200238A67CB672F490022002380
:10C120008A62CB622C4B3422002199542A4B5868E6
:10C13000294B9B6919002D4B1A00F3F7C1FF020030
:10C14000254B1A63244B1978234B94229954224B84
:10C150008C2200219950204B9022012199541E4B92
:10C160009322002199541C4B9122002199541A4B7F
:10C17000922200219954184B612200219954164BA8
:10C18000622200219954144B6322002199541249D0
:10C19000002200238A65CB650F4B154A9A640E4B2B
:10C1A00000225A6500F0A6FA02000B000A4949680D
:10C1B0000C0000210D0012196B410E49080000F01F
:10C1C0001DFD054B0121180000F0FAFBC046BD46DD
:10C1D00003B0F0BD0018006010220020C2F5280056
:10C1E0008D5B0000ECEB6501FFEFFFFF2603000015
:10C1F000A5CB041050220020B0B590B000AF0F23A3
:10C20000FB1800221A70EFF310837B627B6ABB631A
:10C2100072B6C0469E4B61229B5C002B0FD09C4B9C
:10C220009C6DDD6D00F066FA02000B00AB4202D897
:10C2300005D1A24203D9964B612200219954BB6BD0
:10C240003B623B6A83F31088C0466EE0904B9122BC
:10C25000995C8F4B92229A5C2B2308201B18DB19C8
:10C260008A1A1A708A4B8C229B583A1811001800AF
:10C2700000F09AFE0200864B8C215A50BB68FB638B
:10C2800010E0FB6B1B69BB62FB6B00221A73FB6B3C
:10C290009B68002B04D0FB6B9B68FA6B10009847DF
:10C2A000BB6AFB63FB6B002BEBD1794B8C229B5859
:10C2B0000F243A191100180000F066FD0200744BBB
:10C2C0008C215A503B191B78012B21D1EFF310839D
:10C2D000FB61FB69FB6272B6C0466D4B91229B5CB1
:10C2E00001336B4A9221525C934203D1684B9122F5
:10C2F0009B5C04E0664B91229B5C0133DBB2644A99
:10C3000091215354FB6ABB61BB6983F31088C0461B
:10C310005F4B92229A5C2B2308215B18DB191B7858
:10C32000D318D9B25A4B92229954594B91229A5C04
:10C33000574B92215B5C9A420AD3554B91229A5CEF
:10C34000534B92215B5CD31A5A1E9341DBB20CE033
:10C350004F4B91229B5C19004D4B92229B5CCB1A58
:10C360000133FF335A1E9341DBB2002B00D06DE73F
:10C37000474B1B7B002B6AD0464B1800FFF730FE63
:10C38000031E00D17FE0424B00221A73404B9422DF
:10C390009B5C002B09D13E4B93229B5C002B04D06D
:10C3A0003B4B93220021995434E000F047FE384B78
:10C3B0008C229B580F243A191100180000F0E4FC5D
:10C3C0000200334B8C215A503B191B78012B21D191
:10C3D000EFF310837B617B697B6372B6C0462C4BA5
:10C3E00091229B5C01332A4A9221525C934203D1F1
:10C3F000274B91229B5C04E0254B91229B5C0133EF
:10C40000DBB2234A912153547B6B3B613B6983F33D
:10C410001088C0460F23FA181F4B1100180000F0B7
:10C42000C1FE1E4B180000F091F900F063F9020004
:10C430000B001749496839600021796038687968CC
:10C4400012184B411549080000F0D8FB1BE0104BB7
:10C450001B78002B17D000F04DF90D4B9A6ADB6A60
:10C46000FA246403002512196B41994203D80AD1BA
:10C47000904200D807E0094B180000F067F9074B1D
:10C48000180000F08FFBC046BD4610B0B0BDC046DE
:10C49000102200200010006068220020502200209E
:10C4A00080B582B000AF7860C023DB055B697A6835
:10C4B0001100180000F0E8FF02000B001000190046
:10C4C000BD4602B080BD0000F0B585B000AF786019
:10C4D00008001100FB1C021C1A70BB1C0A1C1A70FD
:10C4E0000F26BB1900221A70FB1C1B785A1E9341A1
:10C4F000D9B21B4B64229954BB1C1B785A1E934122
:10C50000D9B2174B60229954154B9A6ADB6A1449C9
:10C51000886AC96A7968091A0C0000210D0012198D
:10C520006B410F498A65CB650D4B612200219954FF
:10C530000B4B632200219954094B6222012199542B
:10C54000BA19084B1100180000F02CFE012000F071
:10C55000D3FCBB191B781800BD4605B0F0BDC04622
:10C560001022002068220020B0B588B000AFC023A0
:10C57000DB051800FFF70AFCC023DB051800FFF7F6
:10C5800014FC314B1800FFF73BFC304B61220021BB
:10C5900099542E4B6222002199542C4B6322002186
:10C5A0009954EFF31083BB60BB68BB6172B6C046A1
:10C5B000264B9C6DDD6D00F09DF802000B00A41A67
:10C5C0009D4122002B0021498420095C3960002113
:10C5D000796038687968121A8B413A617B61BB696E
:10C5E000FB60FB6883F31088C0467B69002B0CDC82
:10C5F0007B69002B02D13B69002B06D1172308224F
:10C600009B18DB1901221A7015E07B69002B0CDCEA
:10C610007B69002B02D13B690E2B06D81723082219
:10C620009B18DB1902221A7005E0172308229B18B9
:10C63000DB1900221A70172308229B18DB191B78BC
:10C640001800BD4608B0B0BD0018006010220020E0
:10C6500080B584B000AFEFF310833B603B68FB60B4
:10C6600072B6C0460E4B1800FFF721FC0300BB60FA
:10C67000BB689A1CC023DB0511001800FFF7A4FB60
:10C68000C023DB051800FFF771FBFB687B607B684C
:10C6900083F31088C046C046BD4604B080BDC04686
:10C6A0000018006080B500AFC046BD4680BD0000E8
:10C6B00080B500AF034B632200219954C046BD46AC
:10C6C00080BDC0461022002080B582B000AF7860E7
:10C6D000064BDB691900064A7B681800F3F7F0FC8B
:10C6E00003001800BD4602B080BDC04610220020E5
:10C6F0003506000080B582B000AF3A1D054B110031
:10C70000180000F0D9FA02000B0010001900BD4615
:10C7100002B080BD1022002090B587B000AFF86055
:10C720003A607B603A687B68F968080000F066FA56
:10C73000020017243B191A70012000F0DDFB3B19A1
:10C740001B781800BD4607B090BD000090B589B0B9
:10C7500000AF7860284B8C229B587A681100180033
:10C7600000F0F6FB0300FB610F217B1800221A701A
:10C770007B6800221A73204B8C229B58FA699A42DC
:10C7800031D00C007A18FB691100180000F0FCFA97
:10C790000200194B8C215A503B191B78002B26D0D4
:10C7A000EFF310837B617B69BB6172B6C046124BAD
:10C7B00091229B5C0133104A9221525C934203D137
:10C7C0000D4B91229B5C04E00B4B91229B5C01334F
:10C7D000DBB2094A91215354BB693B613B6983F346
:10C7E0001088C04603E0044B8C21FA695A50C046B9
:10C7F000BD4609B090BDC0461022002080B582B071
:10C8000000AF00237B607B68134B1800FFF718FB19
:10C81000124B91229B5C0133104A9221525C93424D
:10C8200003D10E4B91229B5C04E00C4B91229B5C4C
:10C830000133DBB2094A91215354074B1800FFF72B
:10C8400077FB054B1800FFF781FB03007B60C046B8
:10C85000BD4602B080BDC046001800601022002016
:10C8600080B500AFC0460B4B1800FFF7B9FB031EA5
:10C87000F9D0084B17211800FFF779FB064B180079
:10C8800000F01EF8054BDA69044B1A62C046BD463B
:10C8900080BDC04600100060202200201022002031
:10C8A00080B500AF054B1800FFF78CFB034B180059
:10C8B000FFF769FBC046BD4680BDC0460010006062
:10C8C00080B582B000AF7860FFF7EAFFC046074B43
:10C8D0001800FFF785FB031EF9D07B68180000F0F5
:10C8E00007F8C046BD4602B080BDC04600100060DB
:10C8F00080B58AB000AF78602E4B1800FFF74EFB72
:10C9000003007B6205E02B4B1800FFF747FB030099
:10C910007B62284B1800FFF741FB02007B6A9A42BA
:10C92000F1D17B6A002BEED0234BFB617B6A1B129B
:10C93000BB617B6AFF2213407B61FB69BA695A4382
:10C940007B69F9694B431B12D31810335A117B686A
:10C95000DA607A6A7B681A60184B3B61154B1800E5
:10C96000FFF726FB03003B6205E0124B1800FFF7C0
:10C970001FFB03003B620F4B1800FFF719FB02007F
:10C980003B6A9A42F1D13B6A002BEED03B6A9B1185
:10C99000FB60FB683A695343BB60BB6880331A1283
:10C9A0007B689A603A6A7B685A60C046BD460AB0A6
:10C9B00080BDC04600100060F6BC080053070000B0
:10C9C00090B585B000AF78600A00FB1C1A70384B38
:10C9D0009B7BDBB2002B00DA0733DB10DAB20F24CB
:10C9E0003B1901321A707B689B691900314B1A00A0
:10C9F0001B20F3F765FB02002D4BD2B25A712C4B72
:10CA00009B79DBB2180000F06DF80300D9B27B68A7
:10CA10003D229954264B1B7ADBB21A003B191B7836
:10CA2000D318180000F05EF80300D9B27B683822F2
:10CA300099541F4B5B7ADBB21A003B191B78D31851
:10CA4000180000F04FF80300D9B27B6839229954DE
:10CA5000174B9B7ADBB2180000F044F80300D9B200
:10CA60007B683A229954124BDB7ADBB2180000F053
:10CA700039F80300D9B27B683B229954FB1C1B7820
:10CA8000002B10D00A4B1B7ADBB21A003B191B7823
:10CA9000D318180000F010F80300DBB21B33D9B232
:10CAA0007B683C229954C046BD4605B090BDC04647
:10CAB000C00000202603000080B584B000AF78607D
:10CAC0007B6868225343FB607B68DB225343BB6077
:10CAD000FB681A0ABB681B0CD3181800BD4604B0CB
:10CAE00080BD0000B0B588B000AFF8601549496955
:10CAF000396000217960F9680A0000210B0038686C
:10CB00007968F3F75DFD02000B00100019000200C8
:10CB10000B0092185B4112184B41BA61FB61BA6974
:10CB2000FB698020C004002112184B415901D40E2A
:10CB30000C43DD0E23007B617B691800BD4608B005
:10CB4000B0BDC0461022002080B584B000AF020006
:10CB50003960BB1D1A80BB1D1B8839680E4A18003E
:10CB6000F3F7AEFA0300FB60FA6880235B019A4298
:10CB700001DB0A4BFB60FB680F2B01DC1023FB6021
:10CB8000FB681B11DBB2064A19001000FFF768F9B9
:10CB9000C046BD4604B080BD26030000FF0F000064
:10CBA00000180060B0B582B000AF7860114B1B7BFD
:10CBB00001225340DBB2002B08D00E4B1B78002B18
:10CBC00001D0FFF76DFE0B4B01221A73FFF792FDA8
:10CBD00002000B00074989680C0000210D001219A2
:10CBE0006B410549080000F009F8C046BD4602B097
:10CBF000B0BDC046102200205022002090B589B060
:10CC000000AFF8603A607B601323FB1800221A70B3
:10CC1000FB681B7B002B01D0012347E0F9683A68D1
:10CC20007B680A604B60FB6801221A73214B8C22DF
:10CC30009B58FA681100180000F02EF90200FB68FA
:10CC4000934230D113243A19FB681100180000F008
:10CC50009BF80200174B8C215A503B191B78002B74
:10CC600021D0EFF31083BB61BB69FB6172B6C04694
:10CC7000104B91229B5C01330E4A9221525C9342ED
:10CC800003D10C4B91229B5C04E00A4B91229B5CEC
:10CC90000133DBB2074A91215354FB697B617B6905
:10CCA00083F31088C0461323FB181B781800BD4679
:10CCB00009B090BD10220020B0B58AB000AFF86076
:10CCC000B960EFF310837B617B69FB6172B6C0468C
:10CCD000FB681A6F5B6F3A627B62294B1800FFF7A3
:10CCE000E6F80200BB681A60BB681A68FB6880211E
:10CCF0005B58D31ABB61FB68DB691900214ABB6929
:10CD00001800F3F7DDF903003B6000237B603A6A0B
:10CD10007B6A3868796812184B413A627B62FB681B
:10CD20009A6FDB6F796A994205D3796A994215D176
:10CD3000396A914212D2FB68DB691900114A01235A
:10CD40005B421800F3F7BCF903001C0000231D0030
:10CD50003A6A7B6A12196B413A627B62F9683A6AF5
:10CD60007B6A8A67CB67FB693B613B6983F3108809
:10CD7000C0463A6A7B6A10001900BD460AB0B0BDD1
:10CD80000018006035060000B0B58AB000AF7860CA
:10CD900039607B687B627B683B623B6800221A706B
:10CDA00033E07B6A1B7B002B2CD0EFF31083FB60FE
:10CDB000FB68FB6172B6C0467B6A1C685D68FFF762
:10CDC00099FC02000B00A41A9D4122002B003A613D
:10CDD0007B617B69002B05DC7B69002B08D13B69FB
:10CDE000002B05D03B690121180000F01DF802E07E
:10CDF0003B6801221A70FB69BB60BB6883F3108833
:10CE0000C04605E07B6A1B697B627B6A002BC8D148
:10CE10003B681B78002B01D03B6A00E07B6A18005E
:10CE2000BD460AB0B0BD000080B584B000AF7860E8
:10CE30000A00FB1C1A70154B9B691900144A7B6889
:10CE40001800F3F73DF903007B607B68202B00D2CC
:10CE500020237B600F4B1800FFF729F80300FB60CD
:10CE60007A68FB68D31808330A4A19001000FFF7E4
:10CE700012F8084B1800FFF724F8064B1800FEF7CD
:10CE8000CFFFFB681800BD4604B080BD1022002013
:10CE9000260300000018006080B586B000AF7860FF
:10CEA00039607B687B6100233B617B68FB6004E049
:10CEB0007B693B617B691B697B617B69002B0AD0C5
:10CEC0007B691A685B683968086849689942EFD8D5
:10CED00001D19042ECD83B687A691A613B69002B1A
:10CEE00002D13B68FB6002E03B693A681A61FB686B
:10CEF0001800BD4606B080BD80B582B000AF02000C
:10CF0000FB1D1A70FB1D1B78002B10D00E4B9022BE
:10CF10009B5C01225340DBB2002B10D00B4B18005E
:10CF2000FFF740FE084B90220121995407E0074B80
:10CF30001800FFF70BFC044B902200219954C046C7
:10CF4000BD4602B080BDC046102200205022002005
:10CF500080B586B000AF786039607B687B61002364
:10CF60003B617B68FB6004E07B693B617B691B691B
:10CF70007B617B69002B03D07A693B689A42F3D1CD
:10CF80007B69002B0BD07A697B689A4203D17B695D
:10CF90001B69FB6003E07B691A693B691A61FB68E6
:10CFA0001800BD4606B080BDB0B588B000AF78604F
:10CFB00039607B68FB610023BB617B687B613B68F8
:10CFC0007A681A6000233B6121E0FB691B7B002B20
:10CFD00015D0FB691C685D68FFF78CFB02000B0035
:10CFE000A41A9D4122002B00BA60FB60FB68002B55
:10CFF00011DCFB68002B02D1BB68052B0BD8FB6949
:10D00000BB61FB691B69FB613B6901333B61FB69E8
:10D01000002BDAD100E0C0463B69002B05D0BB698C
:10D0200000221A61FB697B6102E03B6800221A6002
:10D030007B691800BD4608B0B0BD000080B590B057
:10D0400000AF284B1B78002B37D03B001800FFF7B0
:10D050004FFC244B9B6E9AB23B009B68190010005A
:10D06000FFF772FDEFF310833B633B6BBB6372B65C
:10D07000C0461C4B3422012199543B005A68194B7D
:10D080005A613B009A68174B9A613B001A68154B2E
:10D090001A613B00DA68134BDA61124B180000F09A
:10D0A00023F8BB6B7B637B6B83F31088C0460D4B0F
:10D0B00000211800FFF784FC10E0EFF31083BB623F
:10D0C000BB6AFB6372B6C046064B180000F00CF852
:10D0D000FB6BFB62FB6A83F31088C046C046BD460B
:10D0E00010B080BD10220020B0B588B000AF7861CC
:10D0F0002A4B1800FEF7DBFE0300FB617B691B6A0D
:10D10000BB617B699C6ADD6A7B6980229B58FA69F6
:10D11000D31A234AB9691800F2F7D2FF0300BB60A3
:10D120000023FB60BA68FB6812196B4179690A67D2
:10D130004B677B691B78002B1DD17B6980229B5834
:10D14000FA69D21A7B691B6B9A4214D2144AB969E4
:10D1500001235B421800F2F7B3FF01007B691A6FED
:10D160005B6F3960002179603868796812184B412B
:10D1700079690A674B677B698021FA695A507B6934
:10D180001A6F5B6F79698A62CB627B69DA697B6946
:10D190001A62C046BD4608B0B0BDC0460018006067
:10D1A00035060000B0B58AB000AF786039603B68E2
:10D1B00000221A707B689B7A002B00D170E03A4BFA
:10D1C0009A6ADB6A384949680C0000210D0012197F
:10D1D0006B413A627B62EFF31083FB60FB68FB619B
:10D1E00072B6C046FFF786FA02000B003A617B6117
:10D1F0007B681A685B68386A796AC824A4020025CB
:10D2000000196941994212D801D190420FD83A6A67
:10D210007B6AB9204000002112184B41796999427C
:10D2200005D87969994235D13969914232D97B68FB
:10D230001A685B684C204042C117801859413A690E
:10D240007B690A24002512196B41994202D81AD130
:10D25000904218D97B681A685B6810007B68197B5C
:10D260007B681B7A1A0000F021F803001A003B6863
:10D270001A707B6800229A727B6801225A727B685E
:10D280000122DA7206E0084B6222002199543B68C1
:10D2900001221A70FB69BB60BB6883F31088C0462B
:10D2A000C046BD460AB0B0BD1022002080B58AB08D
:10D2B00000AF786008001100FB1C021C1A70BB1C38
:10D2C0000A1C1A70FB1C1B78002B15D0BB1C1B788A
:10D2D000002B08D0674B38229B5C3B62654B3C229D
:10D2E0009B5CFB611DE0634B39229B5C3B62614BA5
:10D2F0003C229B5CFB6114E0BB1C1B78002B08D01C
:10D300005C4B3A229B5C3B625A4B3C229B5CFB6130
:10D3100007E0584B3B229B5C3B62564B3C229B5C9C
:10D32000FB610C23FA18534B11001800FFF7C4FCE3
:10D3300002000B007B689B1A7B614E4B9B691900B6
:10D340004D4A7B691800F2F7BBFE03003B61494B75
:10D350009A6EFB69D318C8337A699A422FD9474B22
:10D360005B79DBB21A003B699A1A3B6AD31A7B627B
:10D37000FA687B6AD318424A19001000FEF77FFD55
:10D380003F4B00211800FEF7ABFDC023DB05180062
:10D39000FEF7FCFCC023DB051800FEF706FD384B4A
:10D3A0001800FEF71DFD364B1800FEF78AFD334BC3
:10D3B0005B79DBB21A003B6A9B183B6221E02D4B84
:10D3C0003D229B5C1A003B699A1A3B6AD31A7B6226
:10D3D000FA687B6AD218C023DB0511001800FEF73B
:10D3E000F3FC274B1800FEF70BFDC023DB051800EC
:10D3F000FEF7BCFC1F4B3D229B5C1A003B6A9B184E
:10D400003B62FA683B69D2181A4B88215A507A6AF3
:10D410003B6AD2183B6A05339A4212D2C023DB051D
:10D420001800FEF7B3FCC023DB051800FEF7BDFCB7
:10D43000134B1800FEF7E4FC1B23FB1801221A70A3
:10D4400010E00C4BDB6919000E4A3B6A1800F2F73A
:10D4500037FE0300D9B2074B842299541B23FB18D3
:10D4600000221A701B23FB181B781800BD460AB057
:10D4700080BDC0461022002026030000C00000200E
:10D480000018006035060000B0B584B000AF7860C9
:10D4900039600823FA18124B11001800FFF70CFC32
:10D4A00002000B0039680A604B60BA687B68D01ACA
:10D4B0000B4BDB6919000B4B1A00F2F701FE03005E
:10D4C000FB603B681A685B68F9680C0000210D007E
:10D4D000121BAB4110001900BD4604B0B0BDC046E0
:10D4E000102200203506000080B500AFFFF786F956
:10D4F00005F0B0F9C046BD4680BD80B582B000AF32
:10D5000000237B607B68C023DB055A6FC023DB05EB
:10D5100001210A435A67C023DB055B6F7B60C0466D
:10D52000BD4602B080BD000080B582B000AF78601B
:10D53000084B9A6A7B68D943064B0A409A62054BAE
:10D54000DA6A7B68D943034B0A40DA62C046BD46BB
:10D5500002B080BD0000504880B500AF044B1A688F
:10D56000034B802149020A431A60C046BD4680BD74
:10D570000000404880B500AF044B1A68034B0449D3
:10D580000A401A60C046BD4680BDC0460000404803
:10D59000FFFFFEFF80B500AF074B1A6880239B0298
:10D5A0001A4080239B029A4201D1012300E000230C
:10D5B0001800BD4680BDC0460000404880B582B01E
:10D5C00000AF78600B4A9823D3580B4A1A407B6807
:10D5D0001B020849134398228B50064A9823D358BC
:10D5E00004498022134398228B50C046BD4602B0A6
:10D5F00080BDC04600004048FFC0FFFF80B582B03C
:10D6000000AF7860074A9823D358702293431A00DA
:10D6100004497B68134398228B50C046BD4602B034
:10D6200080BDC0460000404880B500AF074B9A68F7
:10D63000064B04218A439A60044B9A68034B0221EB
:10D640008A439A60C046BD4680BDC046000040483F
:10D6500080B500AF074B9A68064B02210A439A60D7
:10D66000044B9A68034B04210A439A60C046BD46A6
:10D6700080BDC0460000404880B500AF074B1A6827
:10D680008023DB001A408023DB009A4201D1012372
:10D6900000E000231800BD4680BDC04600004048A1
:10D6A00080B582B000AFC0460F4B1A6880239B0242
:10D6B0001340F9D00C4B9A680B4B02210A439A6035
:10D6C00000237B6003E0C0467B6801337B607B689E
:10D6D000052BF8DD044B9A68034B04210A439A603A
:10D6E000C046BD4602B080BD0000404880B582B053
:10D6F00000AF7860064B9B68064A13401900044B44
:10D700007A680A439A60C046BD4602B080BDC046F2
:10D7100000004048FF7FFEFF80B500AF044B1A6851
:10D72000034B10210A431A60C046BD4680BDC04667
:10D730000000404880B500AF044B1A68034B10212D
:10D740008A431A60C046BD4680BDC04600004048BE
:10D7500080B500AF054B1B6820221340202B01D160
:10D76000012300E000231800BD4680BD00004048B2
:10D7700080B500AF044B1A68034B40210A431A607E
:10D78000C046BD4680BDC0460000404880B500AFE1
:10D79000044B1A68034B40218A431A60C046BD46B9
:10D7A00080BDC0460000404880B500AF054B1B68F7
:10D7B00040221340402B01D1012300E00023180038
:10D7C000BD4680BD0000404880B582B000AF7860A3
:10D7D000064BDB68602293431900044B7A680A43C6
:10D7E000DA60C046BD4602B080BDC0460000404879
:10D7F00080B500AF044B1A68034B04210A431A603A
:10D80000C046BD4680BDC0460000404880B500AF60
:10D81000044B1A68034B04218A431A60C046BD4674
:10D8200080BDC0460000404880B500AF054B1B6876
:10D8300008221340082B01D1012300E00023180027
:10D84000BD4680BD0000404880B500AF044B1A685B
:10D85000034B802189010A431A60C046BD4680BD42
:10D860000000404880B500AF044B1A68034B0449E0
:10D870000A401A60C046BD4680BDC0460000404810
:10D88000FFDFFFFF80B500AF074B1A688023DB0185
:10D890001A408023DB019A4201D1012300E00023DA
:10D8A0001800BD4680BDC0460000404880B582B02B
:10D8B00000AF7860064B9B68E02293431900044B4D
:10D8C0007A680A439A60C046BD4602B080BDC04631
:10D8D0000000404880B584B000AF78607B68002BC2
:10D8E00001D101233CE17B681B681022134033D037
:10D8F0007B689B68002B02D1FFF796FE01E0FFF7E3
:10D90000A7FE7B689B68042B13D1FAF7BFFE0300C8
:10D91000FB6008E0FAF7BAFE0200FB68D31A642B3A
:10D9200001D903231CE1FFF7A7FE0300012BF1D06F
:10D9300012E0FAF7ABFE0300FB6008E0FAF7A6FE80
:10D940000200FB68D31A642B01D9032308E1FFF717
:10D9500093FE0300012BF1D17B681B680122134069
:10D9600039D02020FFF72AFE3020FFF747FE7B68E2
:10D970005A6880235B029A4202D1FFF7EDFD01E075
:10D98000FFF7F8FD7B685B68002B12D0FAF77EFE8C
:10D990000300FB6008E0FAF779FE0200FB68D31A87
:10D9A000642B01D90323DBE0FFF7F4FD031EF2D063
:10D9B00011E0FAF76BFE0300FB6008E0FAF766FE81
:10D9C0000200FB68D31A642B01D90323C8E0FFF7D8
:10D9D000E1FD031EF2D17B681B68042213403AD09C
:10D9E0007B681B69002B22D0FFF710FFC046FFF7B2
:10D9F0001BFF031EFBD1FFF79DFE80235B02180077
:10DA0000FFF774FEFFF7F4FEFAF740FE0300FB6039
:10DA100008E0FAF73BFE0200FB68D31A022B01D99B
:10DA200003239DE0FFF700FF031EF2D013E0FFF792
:10DA3000EDFEFAF72BFE0300FB6008E0FAF726FE86
:10DA40000200FB68D31A022B01D9032388E0FFF7F9
:10DA5000EBFE031EF2D17B681B680222134047D005
:10DA6000FFF7D4FEFFF766FEC046FFF771FE031E08
:10DA7000FBD1C0239B011800FFF756FD80231B023A
:10DA80001800FFF733FE2020FFF79EFE7B68DB685F
:10DA9000102B02D1FFF740FE01E0FFF74BFE7B6841
:10DAA000DB68002B12D0FAF7F1FD0300FB6008E001
:10DAB000FAF7ECFD0200FB68D31A642B01D90323AB
:10DAC0004EE0FFF745FE031EF2D011E0FAF7DEFD4F
:10DAD0000300FB6008E0FAF7D9FD0200FB68D31AE7
:10DAE000642B01D903233BE0FFF732FE031EF2D182
:10DAF0007B681B680822134031D07B685B69402B30
:10DB000002D1FFF735FE01E0FFF740FE7B685B695D
:10DB1000002B12D0FAF7BAFD0300FB6008E0FAF719
:10DB2000B5FD0200FB68D31A642B01D9032317E06B
:10DB3000FFF73AFE031EF2D011E0FAF7A7FD03004B
:10DB4000FB6008E0FAF7A2FD0200FB68D31A642B21
:10DB500001D9032304E0FFF727FE031EF2D10023BF
:10DB60001800BD4604B080BD80B584B000AF7860B9
:10DB700039607B68002B01D1012398E04E4B5B6834
:10DB80003022934319004C4B3A680A435A607B6831
:10DB90001B68022B0ED1FFF747FDFFF76DFD031E3B
:10DBA00001D1012383E0FFF75DFE7B685B6818000D
:10DBB000FFF77CFE7B681B68002B24D1FFF75CFD20
:10DBC000031E01D1012372E0FFF7E4FC031E01D123
:10DBD00001236CE0FFF738FEFAF758FD0300FB6005
:10DBE00008E0FAF753FD0200FB68D31A022B01D9B3
:10DBF00003235CE0FFF746FE031EF2D07B685B6800
:10DC00001800FFF753FE7B681B68012B17D1FFF745
:10DC100047FDFFF731FD031E01D0012347E0FFF769
:10DC2000B9FC031E01D1012341E0244B9B68E02293
:10DC3000934319007B685A68204B0A439A601E4B35
:10DC40005B68302213403A689A421DD01A4B5B68D9
:10DC5000302293431900184B3A680A435A60FAF786
:10DC600015FD0300FB6008E0FAF710FD0200FB68F9
:10DC7000D31A022B01D9032319E00F4B5B68302222
:10DC800013403A689A42EFD10023BB6003E0C046DC
:10DC9000BB680133BB60BB68052BF8DDFAF71CFBE2
:10DCA000FAF7FEFC03001800FAF796FC03001800D0
:10DCB000BD4604B080BDC046001000400000404892
:10DCC00080B500AF024B1B681800BD4680BDC04642
:10DCD0001427002080B500AF074B1A6880239B02F1
:10DCE0001A4080239B029A4201D1012300E00023C5
:10DCF0001800BD4680BDC0460000404880B500AF5A
:10DD0000054B9B6808221340082B01D1012300E03A
:10DD100000231800BD4680BD0000404880B582B099
:10DD200000AF7860064B9B68064A13401900044B0D
:10DD30007A680A439A60C046BD4602B080BDC046BC
:10DD400000004048FF7FFEFF80B500AF034B9A689C
:10DD5000C0235B0213401800BD4680BD0000404850
:10DD600080B582B000AF7860064B1B6E04229343EF
:10DD70001900044B7A680A431A66C046BD4602B0D1
:10DD800080BDC0460000404880B500AF034B1B6E0D
:10DD9000042213401800BD4680BDC0460000404824
:10DDA00080B582B000AF7860064B9B68064A13408E
:10DDB0001900044B7A680A439A60C046BD4602B017
:10DDC00080BDC04600004048FFEFFFFF80B500AFB8
:10DDD000034B9A6880235B0113401800BD4680BD49
:10DDE0000000404880B582B000AF7860064B9B6869
:10DDF000064A13401900044B7A680A439A60C046E9
:10DE0000BD4602B080BDC04600004048FFDFFFFFB6
:10DE100080B500AF034B9A6880239B011340180024
:10DE2000BD4680BD0000404880B582B000AF78603C
:10DE3000064B9B68064A13401900044B7A680A4354
:10DE40009A60C046BD4602B080BDC0460000404852
:10DE5000FFFF3FFF80B500AF034B9A68C0231B0450
:10DE600013401800BD4680BD0000404880B500AF9B
:10DE7000074B1A688023DB011A408023DB019A429A
:10DE800001D1012300E000231800BD4680BDC0463B
:10DE90000000404880B582B000AF78607B681B68A6
:10DEA0000122134004D07B681B691800FFF758FF5C
:10DEB0007B681B680222134004D07B685B691800F2
:10DEC000FFF76EFF7B681B680822134004D07B6855
:10DED0005B681800FFF7A8FF7B681B6810221340DF
:10DEE00004D07B68DB681800FFF77CFF7B689B68C9
:10DEF0002022134004D07B689B681800FFF70EFFB8
:10DF000000231800BD4602B080BD000080B584B07B
:10DF100000AF78600023FB607B68202B00D97BE09A
:10DF20007B689A00404BD3181B689F46FFF72CFF75
:10DF3000031E02D0042B03D071E03C4BFB6002E0D7
:10DF40003B4BFB60C0466AE0FFF740FF031E04D076
:10DF500080225201934203D061E0364BFB6002E025
:10DF6000354BFB60C0465AE0FFF7C8FE031E05D0E4
:10DF7000FFF7B0FE031E07D1002351E0FFF776FF45
:10DF8000031E01D100234BE0FFF764FF0300BB60D9
:10DF9000BB68002B01D1264BFB60BA688023DB03F2
:10DFA0009A4201D1214BFB60BA6880231B049A423C
:10DFB00034D1224BFB6031E0FFF72AFF02008023BF
:10DFC0009B019A4203D180231B02FB6002E0184BA5
:10DFD000FB60C04623E0FFF7B7FE0300C0225202F9
:10DFE000934214D0C0225202934213D880221202CC
:10DFF000934204D080225202934204D00AE080234C
:10E000001B02FB6007E0FA23DB01FB6003E00C4B23
:10E01000FB6000E0C04602E0C04600E0C046FB688E
:10E020001800BD4604B080BD64A206100048E80197
:10E030000024F40000127A0000093D000090D00393
:10E04000127A000080B582B000AF78607B68002B48
:10E0500001D101232DE07B685B7ADBB2002B06D176
:10E060007B6800221A727B681800F9F7BFFE7B6894
:10E0700002225A727B681B6800221A607B681B6848
:10E080001B680822934319007B685A687B681B68E9
:10E090000A431A607B681B681A687B681B68042146
:10E0A0008A431A607B6801225A727B680022DA6018
:10E0B00000231800BD4602B080BD80B584B000AF1B
:10E0C000786039600F23FB1800221A707B681B7A76
:10E0D000012B01D1022349E07B6801221A727B687F
:10E0E0005B7ADBB2012B34D17B6802225A72FAF7D9
:10E0F000CDFA0300BB6018E0FAF7C8FA0200BB686B
:10E10000D31A022B11D97B681B685B68012213406C
:10E11000012B0AD07B6801225A727B680222DA60E6
:10E120007B6800221A72012320E07B681B685B6811
:10E1300001221340012BDFD17B681B689A687B6842
:10E140001A617B681A693B681A607B6801225A72FF
:10E1500006E07B680422DA600F23FB1801221A70A4
:10E160007B6800221A720F23FB181B781800BD462B
:10E1700004B080BD80B582B000AF78607B68002BB2
:10E1800001D1012336E07B6835229B5CDBB2002B9A
:10E1900007D17B683422002199547B681800F9F775
:10E1A00039FE7B683522022199547B681A687B68A6
:10E1B00004331900100000F039FA7B683B2201217A
:10E1C00099547B683622012199547B6837220121BA
:10E1D00099547B683822012199547B6839220121A6
:10E1E00099547B683A22012199547B683522012198
:10E1F000995400231800BD4602B080BD80B584B09C
:10E2000000AF78607B6835229B5CDBB2012B01D0CC
:10E21000012330E07B683522022199547B681B681A
:10E22000DA687B681B6801210A43DA607B681B6837
:10E23000134A934216D17B681B689B68114A1340AE
:10E24000FB60FB68062B15D0FA6880235B029A42BC
:10E2500010D07B681B681A687B681B6801210A4321
:10E260001A6007E07B681B681A687B681B680121DD
:10E270000A431A6000231800BD4604B080BDC046A2
:10E28000002000400700010080B584B000AF786036
:10E290007B681B68DB68FB607B681B681B69BB6075
:10E2A000BB680222134021D0FB68022213401DD01C
:10E2B0007B681B68032252421A617B6801221A772D
:10E2C0007B681B689B690322134004D07B6818009D
:10E2D00000F094F907E07B68180000F087F97B688C
:10E2E000180000F093F97B6800221A77BB680422BB
:10E2F000134022D0FB68042213401ED07B681B68A9
:10E30000052252421A617B6802221A777B681B68D9
:10E310009A69C0239B00134004D07B68180000F06A
:10E320006DF907E07B68180000F060F97B68180061
:10E3300000F06CF97B6800221A77BB680822134052
:10E3400021D0FB68082213401DD07B681B6809227E
:10E3500052421A617B6804221A777B681B68DB696A
:10E360000322134004D07B68180000F047F907E04F
:10E370007B68180000F03AF97B68180000F046F955
:10E380007B6800221A77BB681022134022D0FB68FA
:10E39000102213401ED07B681B68112252421A6162
:10E3A0007B6808221A777B681B68DA69C0239B00A8
:10E3B000134004D07B68180000F020F907E07B6868
:10E3C000180000F013F97B68180000F01FF97B6853
:10E3D00000221A77BB68012213400CD0FB6801228F
:10E3E000134008D07B681B68022252421A617B6886
:10E3F000180000F0F3F8BB68802213400CD0FB68D3
:10E400008022134008D07B681B68812252421A6127
:10E410007B68180000F008FABB68402213400CD05B
:10E42000FB684022134008D07B681B68412252429F
:10E430001A617B68180000F0F1F8BB6820221340D5
:10E440000CD0FB682022134008D07B681B68212277
:10E4500052421A617B68180000F0DEF9C046BD46E2
:10E4600004B080BD80B584B000AF786039600F2300
:10E47000FB1800221A707B6834229B5C012B01D1AF
:10E480000223A2E07B683422012199547B68352263
:10E49000022199547B681B689B68BB60BB684D4A2E
:10E4A0001340BB60BB684C4A1340BB607B681B6871
:10E4B000BA689A603B681B688022920193422FD011
:10E4C00080229201934200D96EE080225201934251
:10E4D00000D16EE080225201934265D8702B08D0A3
:10E4E00062D8602B40D05FD8402B4DD0502B2BD022
:10E4F0005AE07B6818683B6899683B685A683B68D3
:10E50000DB6800F069F97B681B689B68BB60BB68CF
:10E5100077221343BB607B681B68BA689A6049E046
:10E520007B6818683B6899683B685A683B68DB6899
:10E5300000F052F97B681B689A687B681B68802131
:10E54000C9010A439A6035E07B6818683B685968DE
:10E550003B68DB681A0000F0C5F87B681B68502137
:10E56000180000F01FF925E07B6818683B685968BF
:10E570003B68DB681A0000F0E3F87B681B686021E9
:10E58000180000F00FF915E07B6818683B685968BF
:10E590003B68DB681A0000F0A5F87B681B68402127
:10E5A000180000F0FFF805E00F23FB1801221A7095
:10E5B00000E0C0467B683522012199547B683422F3
:10E5C000002199540F23FB181B781800BD4604B096
:10E5D00080BDC04688FFFEFFFF00FFFF80B582B010
:10E5E00000AF7860C046BD4602B080BD80B582B045
:10E5F00000AF7860C046BD4602B080BD80B582B035
:10E6000000AF7860C046BD4602B080BD80B582B024
:10E6100000AF7860C046BD4602B080BD80B582B014
:10E6200000AF7860C046BD4602B080BD80B584B002
:10E6300000AF786039607B681B68FB607B68254AA7
:10E64000934208D1FB6870229343FB603B685B6890
:10E65000FA681343FB607B681E4A934207D07B68CD
:10E660001D4A934203D07B681C4A934208D1FB6841
:10E670001B4A1340FB603B68DB68FA681343FB608E
:10E68000FB68802293431A003B685B691343FB607D
:10E690007B68FA681A603B689A687B68DA623B6854
:10E6A0001A687B689A627B680A4A934207D07B6843
:10E6B000094A934203D07B68084A934203D13B68DE
:10E6C0001A697B681A637B6801225A61C046BD469D
:10E6D00004B080BD002000400050004000600040B9
:10E6E000FFFCFFFF80B586B000AFF860B9607A60CC
:10E6F000FB681B6A7B61FB681B6A012293431A005B
:10E70000FB681A62FB689B693B613B69F02293439B
:10E710003B617B681B013A6913433B617B690A22B9
:10E7200093437B617A69BB6813437B61FB683A69F9
:10E730009A61FB687A691A62C046BD4606B080BD20
:10E7400080B586B000AFF860B9607A60FB681B6A7C
:10E750007B61FB681B6A102293431A00FB681A62F4
:10E76000FB689B693B613B690D4A13403B617B68D9
:10E770001B033A6913433B617B69A02293437B618E
:10E78000BB681B017A6913437B61FB683A699A6134
:10E79000FB687A691A62C046BD4606B080BDC046B5
:10E7A000FF0FFFFF80B584B000AF786039607B68F1
:10E7B0009B68FB60FB6870229343FB603A68FB68D0
:10E7C000134307221343FB607B68FA689A60C046D4
:10E7D000BD4604B080BD000080B586B000AFF860D3
:10E7E000B9607A603B60FB689B687B617B69094A22
:10E7F00013407B613B681A027B681A43BB68134372
:10E800007A6913437B61FB687A699A60C046BD46AA
:10E8100006B080BDFF00FFFF80B582B000AF78601A
:10E82000C046BD4602B080BD80B582B000AF786002
:10E83000C046BD4602B080BD80B582B000AF7860F2
:10E840007B68002B01D1012355E07B6888229B580F
:10E85000002B16D17B688422002199547B68180014
:10E8600000F09EF87B68C4229B58002B03D17B6884
:10E87000C421234A5A507B68C4229B587A681000EE
:10E8800098477B688822242199507B681B681A6806
:10E890007B681B6801218A431A607B689B6A002B96
:10E8A00003D07B68180000F033FA7B68180000F092
:10E8B000C7F80300012B01D101231CE07B681B6812
:10E8C0005A687B681B680F490A405A607B681B685E
:10E8D0009A687B681B682A218A439A607B681B6858
:10E8E0001A687B681B6801210A431A607B6818005C
:10E8F00000F0C2FA03001800BD4602B080BDC04659
:10E90000ED7B0410FFB7FFFF80B582B000AF7860E9
:10E91000C046BD4602B080BD80B582B000AF786011
:10E92000C046BD4602B080BD80B582B000AF786001
:10E93000C046BD4602B080BD80B582B000AF7860F1
:10E94000C046BD4602B080BD80B582B000AF7860E1
:10E95000C046BD4602B080BD80B582B000AF7860D1
:10E96000C046BD4602B080BD80B582B000AF7860C1
:10E97000C046BD4602B080BD80B582B000AF7860B1
:10E98000C046BD4602B080BD80B582B000AF7860A1
:10E990000A00BB1C1A80C046BD4602B080BD000004
:10E9A00080B582B000AF78607B689421184A5A50D5
:10E9B0007B689821174A5A507B689C21164A5A5006
:10E9C0007B68A021154A5A507B68A421144A5A50EA
:10E9D0007B68A821134A5A507B68AC21124A5A50CE
:10E9E0007B68B021114A5A507B68B421104A5A50B2
:10E9F0007B68B8210F4A5A507B68BC210E4A5A5096
:10EA00007B68C0210D4A5A50C046BD4602B080BD49
:10EA100019E9041009E9041039E9041029E904107E
:10EA200049E9041059E9041069E9041079E904106E
:10EA300079F1041089F1041099F1041089E90410A6
:10EA4000B0B590B000AF78621B2320229B18DB1971
:10EA500000221A707B6A9A687B6A1B691A437B6A78
:10EA60005B691A437B6ADB691343FB637B6A1B6840
:10EA70001B68A14A134019007B6A1A68FB6B0B43A1
:10EA800013607B6A1B685B689C4A134018007B6AB2
:10EA9000D9687B6A1A6803000B4353607B6A9B69E1
:10EAA000FB637B6A1B68964A934204D07B6A1B6AAD
:10EAB000FA6B1343FB637B6A1B689B68914A1340A4
:10EAC00019007B6A1A68FB6B0B4393607B6A1B68B7
:10EAD000DB6A0F22934318007B6A596A7B6A1A68C3
:10EAE00003000B43D3627B6A1B68854A93426DD156
:10EAF0001020FFF70BFA03007B637B6B002B00D128
:10EB0000E3E07B6A5A6A804B5200D35A1900786B53
:10EB1000F1F796FB0300BB627B6A5A6813005B0047
:10EB20009B18BA6A9A4205D37B6A5B681B03BA6A70
:10EB30009A4206D91B2320229B18DB1901221A7046
:10EB4000C3E07B6BBB610023FB617B6A5A6A6E4B3F
:10EB50005200D35A3B6100237B613A697B69B869F3
:10EB6000F969F1F70DFD02000B00110E1D020D43B6
:10EB700014027B6A5B685B08BB600023FB60B868BB
:10EB8000F968001969417B6A5B683B6000237B6020
:10EB90003A687B68F1F7F4FC02000B0013003B635A
:10EBA0003A6BC0239B009A4209D33A6B80235B03E4
:10EBB0009A4204D27B6A1B683A6BDA6085E01B23B9
:10EBC00020229B18DB1901221A707EE07B6ADA6929
:10EBD00080231B029A4248D14C4B7B637B6B002BFA
:10EBE00000D172E07B6A5A6A474B5200D35A19002F
:10EBF000786BF1F725FB03005A007B6A5B685B08C2
:10EC0000D2187B6A5B6819001000F1F719FB03004A
:10EC10003B633B6B0F2B21D93A6B80235B029A42FB
:10EC20001CD23B6B9AB20E2020240319DB190F2152
:10EC30008A431A803B6B5B089BB20722134099B250
:10EC40000319DB190219D21912880A431A807B6A48
:10EC50001B680219D2191288DA6036E01B232022C1
:10EC60009B18DB1901221A702FE0284B7B637B6B0A
:10EC7000002B2AD07B6A5A6A234B5200D35A1900C0
:10EC8000786BF1F7DDFA03001A007B6A5B685B08BA
:10EC9000D2187B6A5B6819001000F1F7D1FA030003
:10ECA0003B633B6B0F2B0AD93A6B80235B029A4282
:10ECB00005D23B6B9AB27B6A1B68DA6005E01B23C6
:10ECC00020229B18DB1901221A707B6A6A2201211B
:10ECD00099527B6A6822012199527B6A00225A6705
:10ECE0007B6A00229A671B2320229B18DB191B7862
:10ECF0001800BD4610B0B0BDF369FFCFFFCFFFFFD6
:10ED000000500041FFF4FF11E8A206100024F400B7
:10ED100080B582B000AF78607B689B6A08221340A0
:10ED20000BD07B681B685B684A4A134019007B68FC
:10ED30009A6B7B681B680A435A607B689B6A012256
:10ED400013400BD07B681B685B68434A1340190073
:10ED50007B68DA6A7B681B680A435A607B689B6A37
:10ED6000022213400BD07B681B685B683B4A134050
:10ED700019007B681A6B7B681B680A435A607B68C2
:10ED80009B6A042213400BD07B681B685B68344A83
:10ED9000134019007B685A6B7B681B680A435A60F2
:10EDA0007B689B6A102213400BD07B681B689B68B2
:10EDB0002C4A134019007B68DA6B7B681B680A4396
:10EDC0009A607B689B6A202213400BD07B681B688B
:10EDD0009B68254A134019007B681A6C7B681B6886
:10EDE0000A439A607B689B6A402213401DD07B686F
:10EDF0001B685B681D4A134019007B685A6C7B686E
:10EE00001B680A435A607B685A6C80235B039A42F2
:10EE10000BD17B681B685B68154A134019007B683F
:10EE20009A6C7B681B680A435A607B689B6A8022E5
:10EE300013400BD07B681B685B680E4A13401900B7
:10EE40007B68DA6C7B681B680A435A60C046BD4623
:10EE500002B080BDFF7FFFFFFFFFFDFFFFFFFEFF52
:10EE6000FFFFFBFFFFEFFFFFFFDFFFFFFFFFEFFFF6
:10EE7000FFFF9FFFFFFFF7FF80B592B002AF786002
:10EE80007B68902200219950F9F700FC0300FB6396
:10EE90007B681B681B6808221340082B2DD1FB6B75
:10EEA000802291037868474A0092002200F08EF891
:10EEB000031E22D0EFF310837B627B6ABB630123C6
:10EEC000BB62BB6A83F31088C0467B681B681A6804
:10EED0007B681B6880218A431A60BB6BFB62FB6AFC
:10EEE00083F31088C0467B688822202199507B6874
:10EEF000842200219954032360E07B681B681B680F
:10EF000004221340042B46D1FB6B8022D103786886
:10EF10002C4A0092002200F059F8031E3BD0EFF378
:10EF20001083FB60FB687B6301233B613B6983F3D8
:10EF30001088C0467B681B681A687B681B6822497A
:10EF40000A401A607B6B7B617B6983F31088C04643
:10EF5000EFF31083BB61BB693B630123FB61FB697A
:10EF600083F31088C0467B681B689A687B681B68BF
:10EF700001218A439A603B6B3B623B6A83F31088B2
:10EF8000C0467B688C22202199507B688422002116
:10EF90009954032312E07B688822202199507B68D2
:10EFA0008C22202199507B680022DA667B6800223F
:10EFB0001A677B6884220021995400231800BD46FB
:10EFC00010B080BDFFFFFF01DFFEFFFF80B584B002
:10EFD00000AFF860B9603B60FB1D1A7051E0BB697F
:10EFE00001334ED0F9F752FB02003B68D31ABA69DD
:10EFF0009A4202D3BB69002B01D1032351E0FB6885
:10F000001B681B68042213403BD0BB68802B38D0A0
:10F01000BB68402B35D0FB681B68DB6908221340B6
:10F02000082B11D1FB681B6808221A62FB681800C4
:10F0300000F03CF8FB68902208219950FB6884227C
:10F040000021995401232CE0FB681B68DA698023B6
:10F050001B011A4080231B019A4212D1FB681B68D6
:10F06000802212011A62FB68180000F01FF8FB688A
:10F07000902220219950FB68842200219954032377
:10F080000FE0FB681B68DB69BA681340BA68D31AE3
:10F090005A425341DBB21A00FB1D1B789A429ED0A4
:10F0A00000231800BD4604B080BD000080B58EB0BE
:10F0B00000AF7860EFF310837B617B697B63012392
:10F0C000BB61BB6983F31088C0467B681B681A6804
:10F0D0007B681B6826490A401A607B6BFB61FB69F1
:10F0E00083F31088C046EFF310833B623B6A3B63B7
:10F0F00001237B627B6A83F31088C0467B681B68B0
:10F100009A687B681B681B490A409A603B6BBB622C
:10F11000BB6A83F31088C0467B68DB6E012B18D175
:10F12000EFF31083BB60BB68FB620123FB60FB68ED
:10F1300083F31088C0467B681B681A687B681B686D
:10F1400010218A431A60FB6A3B613B6983F3108894
:10F15000C0467B688C22202199507B680022DA66A9
:10F160007B6800225A67C046BD460EB080BDC046CF
:10F17000DFFEFFFFFEFFFFEF80B582B000AF7860DB
:10F18000C046BD4602B080BD80B582B000AF786099
:10F19000C046BD4602B080BD80B582B000AF786089
:10F1A000C046BD4602B080BD80B584B000AF786077
:10F1B00039607B6884229B5C012B01D102232EE005
:10F1C0007B688422012199547B68882224219950EC
:10F1D0007B681B681B68FB607B681B681A687B6820
:10F1E0001B6801218A431A607B681B689B68DB00EF
:10F1F000D9087B681B683A680A439A607B681800E4
:10F2000000F054F87B681B68FA681A607B688822F3
:10F21000202199507B6884220021995400231800F2
:10F22000BD4604B080BD000080B584B000AF7860FA
:10F2300039607B6884229B5C012B01D102232FE083
:10F240007B688422012199547B688822242199506B
:10F250007B681B681B68FB607B681B681A687B689F
:10F260001B6801218A431A607B681B689B680E4AF1
:10F27000134019007B681B683A680A439A607B68F0
:10F28000180000F013F87B681B68FA681A607B6846
:10F290008822202199507B688422002199540023E0
:10F2A0001800BD4604B080BDFFFFFFF1F0B585B08A
:10F2B00000AF78607B685B6E002B08D17B686A22A8
:10F2C000012199527B6868220121995243E00F265F
:10F2D000BB1908221A700E203B1808221A707B688E
:10F2E0001B689B685B0EDAB20D243B1907210A40AC
:10F2F0001A707B681B689B685B0FDAB20C257B1960
:10F3000007210A401A703B181B787A1912781449A1
:10F310008A5C5A4310007B191B78124AD35C19008F
:10F32000F1F718F8030099B27B686A229952BB1969
:10F330001B783A1912780A498A5C5A4310003B1923
:10F340001B78084AD35C1900F1F704F8030099B25E
:10F350007B6868229952C046BD4605B0F0BDC046E4
:10F3600000A3061008A3061080B588B000AF78602F
:10F370007B681B68DB69FB617B681B681B68BB6182
:10F380007B681B689B687B61FB69B34A13403B61E8
:10F390003B69002B17D1FB692022134013D0BB69B6
:10F3A0002022134004D17A6980235B0513400AD0E0
:10F3B0007B689B6C002B00D14AE17B689B6C7A6870
:10F3C0001000984744E13B69002B00D100E17B69C4
:10F3D000A24A134005D1BA6990235B00134000D1C3
:10F3E000F6E0FB69012213400ED0BA6980235B006E
:10F3F000134009D07B681B6801221A627B68DB6DB1
:10F4000001221A437B68DA65FB69022213400DD0A2
:10F410007B690122134009D07B681B6802221A62B3
:10F420007B68DB6D04221A437B68DA65FB69042282
:10F4300013400DD07B690122134009D07B681B6803
:10F4400004221A627B68DB6D02221A437B68DA654C
:10F45000FB690822134011D0BB692022134003D15D
:10F460007B697E4A134009D07B681B6808221A62B8
:10F470007B68DB6D08221A437B68DA65FA698023B2
:10F480001B0113400FD0BA698023DB0413400AD05C
:10F490007B681B68802212011A627B68DB6D802208
:10F4A0001A437B68DA65FA6980239B0113401AD0FE
:10F4B0007B690122134016D07B6859229B5CDBB22A
:10F4C000222B05D17B681B68802292011A62CAE058
:10F4D0007B681B68802292011A627B68DB6D2022A8
:10F4E0001A437B68DA657B68DB6D002B00D1B1E0E5
:10F4F000FB692022134011D0BB692022134004D1A4
:10F500007A6980235B05134008D07B689B6C002BD5
:10F5100004D07B689B6C7A68100098477B68DB6D31
:10F5200008221340FB607B681B689B6840221340E5
:10F53000402B02D0FB68002B40D07B68180000F005
:10F54000ADF87B681B689B6840221340402B30D18C
:10F550007B681B689A687B681B6840218A439A60B5
:10F560007B681B6D002B08D07B681B6D00229A63A3
:10F570007B681B6D1800F9F79FF97B685B6D002BAA
:10F5800012D07B685B6D364A9A637B685B6D1800AE
:10F59000F9F792F9031E19D07B685B6D9A6B7B6853
:10F5A0005B6D1800904711E07B68180000F06EF862
:10F5B0000CE07B68180000F069F807E07B68180031
:10F5C00000F064F87B680022DA6543E0C04641E061
:10F5D000FB698022134012D0BB698022134004D102
:10F5E0007A6980231B04134009D07B68DB6C002BF5
:10F5F00038D07B68DB6C7A681000984732E0FB6992
:10F600004022134008D0BB694022134004D07B68DD
:10F61000180000F078F826E0FA6980231B041340F4
:10F6200009D0BA698023DB05134004D07B68180039
:10F6300000F0B4F817E0FA6980235B04134012D09D
:10F64000BB69002B0FDA7B68180000F09FF80AE016
:10F65000C04608E0C04606E00F2800000100001088
:10F66000DDF60410C046BD4608B080BD80B582B04E
:10F6700000AF7860C046BD4602B080BD80B582B0A4
:10F6800000AF7860C046BD4602B080BD80B582B094
:10F6900000AF7860C046BD4602B080BD80B582B084
:10F6A00000AF78607B681B681A687B681B68094933
:10F6B0000A401A607B681B689A687B681B68064969
:10F6C0000A409A607B68592201219954C046BD4680
:10F6D00002B080BD1FFEFFFFFEFF7FEF80B584B04C
:10F6E00000AF78607B689B6AFB60FB680022DA866B
:10F6F000FB680022DA85FB681800FFF7C7FFC046E9
:10F70000BD4604B080BD80B582B000AF78607B6834
:10F710001B681A687B681B6840218A431A607B68F3
:10F720001B689A687B681B6801218A439A607B6822
:10F730000022DA647B6859229B5CDBB2122B14D165
:10F740007B681B6808221A627B681B689A697B6861
:10F750001B6808210A439A617B6859220121995448
:10F760007B681800FFF782FF0CE07B68DB8E9BB2A2
:10F77000002B07D17B685922012199547B6818001E
:10F78000FFF77CFFC046BD4602B080BD80B582B0A9
:10F7900000AF7860C046BD4602B080BD80B582B083
:10F7A00000AF7860C046BD4602B080BD80B582B073
:10F7B00000AF78600C4B1B79012B02D101235B4217
:10F7C0000DE0094B1B791A00074B92007968D15064
:10F7D000054B1B790133DAB2034B1A710023180071
:10F7E000BD4602B080BDC046A8220020F0B589B059
:10F7F00000AF78600A00BB1C1A801F23FB18002290
:10F800001A707B681B78042B03D07B681B78822BD3
:10F8100048D17B6801333B617B681B78042B03D1A3
:10F820003B690233BB6105E07B680133FB60FB6829
:10F830000333BB613B691B78FF2B33D1BB69BB60D2
:10F84000BB681A785B781B0213439BB21A00FC2337
:10F850001B021A40C0231B019A4223D11723FB1815
:10F8600000221A7015E017257B191A78144B9200A4
:10F87000D3581F26BC19BA6810009847030023709C
:10F88000BB191B78012B0CD07B191A787B1901321C
:10F890001A700B4B1B791722BA1812789A42E2D3CE
:10F8A00000E0C0461F23FB181B78002B03D17B68A8
:10F8B000180003F01DF8C046BD4609B0F0BDC046B3
:10F8C000A822002080B582B000AF0200BB1D1A80C4
:10F8D000BB1D1B88180007F09FF8C046BD4602B04C
:10F8E00080BD80B582B000AF0200FB1D1A70FB1D09
:10F8F0001B78180007F0D4FAC046BD4602B080BDA0
:10F9000080B582B000AF786039603A687B681100DA
:10F91000180006F0ABF803001800BD4602B080BD29
:10F9200080B582B000AF786039603A687B681100BA
:10F93000180006F0C5F803001800BD4602B080BDEF
:10F9400080B582B000AF0200BB1D1A80BB1D1B88B2
:10F9500018000AF003FCC046BD4602B080BD80B569
:10F9600082B000AF0200BB1D1A80BB1D1B881800AF
:10F970000AF044FCC046BD4602B080BD80B500AF71
:10F980000AF006FD03001800BD4680BD80B500AF3B
:10F990000AF002FD03001800BD4680BD80B500AF2F
:10F9A00006F0B0F803001800BD4680BD80B582B0F7
:10F9B00000AF786039603A687B681100180006F083
:10F9C00053FC03001800BD4602B080BD80B582B074
:10F9D00000AF786039603A687B681100180006F063
:10F9E00073FC03001800BD4602B080BD80B582B034
:10F9F00000AF786039603A687B681100180006F043
:10FA00007FFC03001800BD4602B080BD80B582B007
:10FA100000AF786039603A687B681100180006F022
:10FA20008BFC03001800BD4602B080BD80B582B0DB
:10FA300000AF786039603A687B681100180006F002
:10FA4000BBFC03001800BD4602B080BD80B582B08B
:10FA500000AF786039603A687B681100180006F0E2
:10FA6000F1FC03001800BD4602B080BD80B582B035
:10FA700000AF786039603A687B681100180006F0C2
:10FA800011FD03001800BD4602B080BD80B582B0F4
:10FA900000AF786039603A687B681100180006F0A2
:10FAA0001FFD03001800BD4602B080BD80B500AF49
:10FAB00011F020FE03001800BD4680BD80B582B065
:10FAC00000AF78607B68180012F00BFE030018008E
:10FAD000BD4602B080BD80B582B000AF0200FB1D04
:10FAE0001A70FB1D1B78180013F0FAFA03001800B7
:10FAF000BD4602B080BD80B582B000AF0200FB1DE4
:10FB00001A70FB1D1B7818000AF026FE030018006F
:10FB1000BD4602B080BD80B582B000AF0200FB1DC3
:10FB20001A70FB1D1B7818000BF075FE03001800FF
:10FB3000BD4602B080BD80B582B000AF0200BB1DE3
:10FB40001A80BB1D1B8818000CF0B0FCC046BD46D7
:10FB500002B080BD80B500AF0DF082FCC046BD464E
:10FB600080BD80B500AF0DF083FCC046BD4680BDB2
:10FB700080B500AF0DF084FCC046BD4680BD80B5A9
:10FB800000AF0DF0C1FCC046BD4680BD80B582B05F
:10FB900000AF78607B6818000EF0DEF8C046BD4606
:10FBA00002B080BD80B582B000AF78607B6818007D
:10FBB0000EF056F9C046BD4602B080BD80B582B099
:10FBC00000AF0200BB1D1A80BB1D1B8818000EF081
:10FBD00047FFC046BD4602B080BD80B582B000AFD1
:10FBE0000200FB1D1A70FB1D1B7818000FF005F9B1
:10FBF00003001800BD4602B080BD80B500AF0FF015
:10FC0000B7F803001800BD4680BD80B582B000AFD4
:10FC10000200FB1D1A70FB1D1B7818000FF0B2F8D4
:10FC200003001800BD4602B080BD80B582B000AFB1
:10FC30000200FB1D1A70FB1D1B7818000FF08CFCD6
:10FC4000C046BD4602B080BD80B584B000AFF8604C
:10FC5000B9607A607A68B968FB68180010F04AFDEC
:10FC6000C046BD4604B080BD80B582B000AF7860AC
:10FC70007B68180010F0CAFE03001800BD4602B0F1
:10FC800080BDB0B58AB008AF05000C0010001900A7
:10FC9000FB1D2A1C1A70BB1D221C1A707B1D021C26
:10FCA0001A703B1D0A1C1A703B1D1C787B1D1A78AC
:10FCB000BB1D1978FB1D18783023FB181B780693A1
:10FCC0002C23FB181B7805932823FB181B7804931F
:10FCD0002423FB181B7803932023FB181B78029323
:10FCE0001C23FB181B7801931823FB181B78009327
:10FCF000230011F04FF9C046BD4602B0B0BD80B53B
:10FD000082B000AF0200BB1D1A80BB1D1B8818000B
:10FD100012F0EAFCC046BD4602B080BD80B582B09C
:10FD200000AF0200BB1D1A80BB1D1B88180012F01B
:10FD3000BFFDC046BD4602B080BD80B500AF12F029
:10FD400017FFC046BD4680BD80B500AF07F066FC1A
:10FD5000C046BD4680BD80B582B000AF0200BB1D6D
:10FD60001A80BB1D1B88180007F0C4FCC046BD46A6
:10FD700002B080BD80B582B000AF0200BB1D1A800A
:10FD8000BB1D1B88180007F029FDC046BD4602B008
:10FD900080BD80B582B000AF0200BB1D1A80BB1DC4
:10FDA0001B88180008F046F8C046BD4602B080BD6A
:10FDB00080B582B000AF0200BB1D1A80BB1D1B883E
:10FDC000180009F021F9C046BD4602B080BD80B5DB
:10FDD00082B000AF0200BB1D1A80BB1D1B8818003B
:10FDE00009F0CCF9C046BD4602B080BD80B582B0F6
:10FDF00000AF0200BB1D1A807B1D0A1C1A707B1D00
:10FE00001A78BB1D1B881100180005F049FB030080
:10FE10001800BD4602B080BD80B582B000AF0200C0
:10FE2000FB1D1A70FB1D1B78180005F0C4FB0300B6
:10FE30001800BD4602B080BDB0B586B004AF050065
:10FE40000C0010001900FB1D2A1C1A70BB1D221C7F
:10FE50001A707B1D021C1A703B1D0A1C1A703B1D78
:10FE60001C787B1D1A78BB1D1978FB1D1878202380
:10FE7000FB181B7802931C23FB181B780193182393
:10FE8000FB181B780093230005F09EFB030018006D
:10FE9000BD4602B0B0BD80B582B000AF020039608F
:10FEA000BB1D1A803A68BB1D1B881100180005F0A5
:10FEB000CFFB03001800BD4602B080BD80B582B004
:10FEC00000AF78607B68180005F0CEFB03001800D7
:10FED000BD4602B080BD80B582B000AF78607B685F
:10FEE000180005F0C5FB03001800BD4602B080BD38
:10FEF00080B582B000AF78600A00BB1C1A80BB1CC2
:10FF00001A887B681100180005F0B6FB0300180082
:10FF1000BD4602B080BD80B582B000AF78607B681E
:10FF2000180005F0ADFB03001800BD4602B080BD0F
:10FF3000B0B584B002AF05000C0010001900BB1D65
:10FF40002A1C1A803B1D221C1A80BB1C021C1A8012
:10FF50007B1C0A1C1A707B1C1C78BB1C1A883B1D5E
:10FF60001988BB1D1888FB6901931823FB181B888F
:10FF70000093230005F088FB03001800BD4602B083
:10FF8000B0BDB0B584B002AF05000C001000190080
:10FF9000BB1D2A1C1A803B1D221C1A80BB1C021C84
:10FFA0001A803B000A1C1A803B001C88BB1C1A8864
:10FFB0003B1D1988BB1D18881823FB181B8800934C
:10FFC000230005F0D7FC03001800BD4602B0B0BD09
:10FFD00080B594B000AFF860B9607A603023FB1848
:10FFE000BB642023FB187B641023FB183B640023B5
:10FFF000FB640DE0FB6C7A68D218FB6C0F21CB1A06
:020000041005E5
:100000001900BB6C5B1812781A70FB6C0133FB642F
:10001000FB6C0F2BEEDD0023FB643DE0FB6C032249
:10002000D31A9B00FA68D3181A68FB6C9B0019005E
:100030007B6C5B18D2B21A70FB6C0322D31A9B0044
:10004000FA68D3181B68190AFB6C9B0001337A6CA1
:10005000D318CAB21A70FB6C0322D31A9B00FA6839
:10006000D3181B68190CFB6C9B0002337A6CD318F5
:10007000CAB21A70FB6C0322D31A9B00FA68D31819
:100080001B68190EFB6C9B0003337A6CD318CAB241
:100090001A70FB6C0133FB64FB6C032BBEDD102379
:1000A000FA183023F9182023FB18180000F094F8F0
:1000B0000023FB6428E0FB6C9B0003333A6CD318ED
:1000C0001B781A06FB6C9B000233396CCB181B782B
:1000D0001B041A43FB6C9B000133396CCB181B7853
:1000E0001B021A43FB6C9B0019003B6C5B181B78CE
:1000F0001800FB6C0321CB1A9B00B968CB18024394
:100100001A60FB6C0133FB64FB6C032BD3DDC04630
:10011000C046BD4614B080BD80B584B000AF7860E5
:10012000074B196E064B7A680A431A66044B1B6E1E
:100130007A681340FB60FB68C046BD4604B080BDD2
:100140000000404880B582B000AF7860064B1B6E5F
:100150007A6813407A689A4201D1012300E00023B3
:100160001800BD4602B080BD0000404880B582B096
:1001700000AF7860044B196C034B7A680A431A6429
:10018000C046BD4602B080BD0000404880B582B088
:1001900000AF7860054B1A6C7B68D943034B0A406B
:1001A0001A64C046BD4602B080BDC046000040484B
:1001B00080B500AF0120FFF7C5FF031E08D1012065
:1001C000FFF7D4FF0120FFF7E1FF0120FFF7A4FFB5
:1001D00000231800BD4680BD90B587B000AFF86021
:1001E000B9607A60314B1B78DBB20133DAB22F4B46
:1001F0001A7017243B192D4A12781A70C023DB0598
:10020000BA6812689A62BB681A1DC023DB051268BF
:10021000DA62BB6808331A00C023DB0512681A6370
:10022000BB680C331A00C023DB0512685A63C02375
:10023000DB05FA6812689A63FB681A1DC023DB05A8
:100240001268DA63FB6808331A00C023DB05126802
:100250001A64FB680C331A00C023DB0512685A6469
:1002600000F026F8C023DB059A6C7B681A60C02377
:10027000DA057B680433D26C1A60C023DA057B6828
:100280000833126D1A60C023DA057B680C33526D97
:100290001A60064B1B78DBB23A1912789A42A8D141
:1002A00000231800BD4607B090BDC046B022002014
:1002B00080B582B000AFFB1D64221A70C023DB053D
:1002C000180000F01CF8FB1D1B78DBB2013BDAB212
:1002D000FB1D1A70C023DB05180000F01EF8031E7A
:1002E00005D0FB1D1B78DBB2002BECD100E0C04633
:1002F000FB1D1B78DBB21800BD4602B080BD80B587
:1003000082B000AF78607B689B6D01221A437B68E6
:100310009A65C046BD4602B080BD80B582B000AFD0
:1003200078607B68DB6D01221340012B01D1012332
:1003300000E000231800BD4602B080BD80B582B049
:1003400000AF78607B681B68802252031A437B6889
:100350001A60C046BD4602B080BD80B582B000AF15
:1003600078607B681B68802212031A437B681A60DE
:10037000C046BD4602B080BD80B582B000AF786097
:100380007B681B68802292021A437B681A60C04611
:10039000BD4602B080BD000080B500AF01F098FC02
:1003A000074B1800FFF7CAFF054B1800FFF7D5FFF2
:1003B000034B1800FFF7E0FFC046BD4680BDC046B6
:1003C0000000304880B584B000AF7860074B196DED
:1003D000064B7A680A431A65044B1B6D7A68134012
:1003E000FB60FB68C046BD4604B080BD00004048CD
:1003F00080B582B000AF78607B681B6804229343AD
:100400001A007B681A60C046BD4602B080BD80B548
:1004100082B000AF78607B685B6801221340012BDB
:1004200001D1012300E000231800BD4602B080BDC9
:1004300080B582B000AF78607B685B6804221340AF
:10044000042B01D1012300E000231800BD4602B0B7
:1004500080BD80B582B000AF78607B689B689BB23E
:100460001800BD4602B080BD80B500AF8023DB021E
:100470001800FFF7A7FF0B4B1800FFF7B9FFC046A6
:10048000084B1800FFF7C3FF031EF9D0054B1800F7
:10049000FFF7CEFF031E01D0012300E00023180068
:1004A000BD4680BD0000604880B582B000AF786076
:1004B000C046094B1800FFF7AAFF031EF9D0064BF0
:1004C0001800FFF7C6FF03001A007B681A8000239C
:1004D0001800BD4602B080BD0000604890B585B0F0
:1004E00000AF78607B68FB60C046114B1800FFF7D7
:1004F0008EFF031EF9D00E4B1800FFF7AAFF030072
:100500001A00FB681A80C046094B1800FFF77FFFEE
:10051000031EF9D0FB689C1C054B1800FFF799FFE0
:100520000300238000231800BD4605B090BDC046DF
:100530000000604880B584B000AF78607B681B68BD
:10054000FB607B6800221A817B6800225A817B68ED
:1005500000229A817B6800229A73FB68BB60BB68AB
:100560001B78FF2B0CD17B685B689AB2FB689BB24F
:10057000D31A9BB2043B9AB27B689A81002328E08D
:10058000BB681B78FE2B06D17B681B8901339AB2AE
:100590007B681A810CE0BB681B78002B06D17B6856
:1005A0005B8901339AB27B685A8101E0032310E032
:1005B000BB685B880333032213431A00FB68D3181C
:1005C0000133FB60FB685A1D7B685B689A42C4D3A9
:1005D00000231800BD4604B080BD80B586B000AFD2
:1005E000F8607A603B600B23FB180A1C1A7020200D
:1005F0003B181B88002B0AD010217A183B181B8847
:1006000053807B18FE221A707B187B6102E0FB6826
:100610005B687B61FB685A68FB689B689A4203D2FF
:100620007B691B78FF2B01D104234BE0FB681B7B0C
:10063000002B03D0FB6800221A7319E0FB685B688B
:100640007A695288033203210A439B185A1CFB68BB
:100650005A60FB685B687B61FB685A68FB689B6853
:100660009A4203D27B691B78FF2B01D1042329E036
:100670007B691B78002B23D07B691B78FE2B01D074
:1006800003231FE00B22BB181B78FF2B05D07B69CF
:100690005B78BA1812789A42C8D1FB685B68043359
:1006A0001A007B681A607B695A883B681A807B6AEB
:1006B000002B03D07B695A787B6A1A70002301E013
:1006C000C046B3E71800BD4606B080BDF0B58BB09C
:1006D00002AFF860080011007B600B23FB18021CBE
:1006E0001A7008221000BB180A1C1A80FB6B00222B
:1006F0001A801F26BC191622BD181822BA180B23FF
:10070000FB181978FB689C467B6C019338231B18F7
:10071000DB191B8800932B006046FFF75EFF030088
:100720002370BB191B78002B02D0BB191B7827E064
:100730001623FB181B880822BA1812889A4201D384
:1007400006231DE0BA6908243B191B88D118302301
:1007500008229B18DB191A881623FB181B8818001F
:100760003B191B88C31A9A4200DD1A007B681800E7
:1007700018F0E7F81623FB181A88FB6B1A80002381
:100780001800BD4609B0F0BD90B589B000AFF86063
:100790007A600A203B180A1C1A807B68BB61010042
:1007A0007B181B889B089AB216203B1892001A806F
:1007B0007B181B88D9B23B181B88DAB21523FB18AB
:1007C0008A1A1A700023FB6113E0FB69BA69D11819
:1007D0001023FB180422180018F0B3F8FA69FB681C
:1007E000D3183A6919000020F8F7BAF8FB69043306
:1007F000FB6116243B191B88FA699A42E5DB012349
:100800005B423B613B191B88BA69D1181523FB1861
:100810001A781023FB18180018F093F83B191A885F
:10082000FB68D3183A6919000020F8F799F8C04618
:10083000BD4609B090BDF0B587B000AFF8600800C4
:1008400011007B600B257B19021C1A7008243B19D0
:100850000A1C1A801023FB187B613B191B88013B83
:100860009BB21BB2032213431BB29AB23B19013253
:100870001A807B69FE221A707B697A1912785A7085
:100880003A1920250826AB1908218C46BC4463443C
:1008900012881B88D3189AB27B695A803A69FB6820
:1008A00019000020F8F75CF8FB68181D7A683B19FE
:1008B0001B881900FFF768FF3B191A88FB68D318DB
:1008C000181D7A6BAB1908218C46BC4463441B8805
:1008D0001900FFF759FF00231800BD4607B0F0BD0F
:1008E00080B586B000AFF86008007A6019000A236E
:1008F000FB18021C1A800823FB180A1C1A80FB68CC
:100900005B687B61FB685A68FB689B689A4203D20C
:100910007B691B78FF2B01D104232AE0FB681B7B3A
:10092000002B03D17B691B78FE2B01D0052320E02F
:100930007B695B880A22BA1812889A4201D306237F
:1009400017E0FB6800221A730A23FB181A88FB6859
:100950005B68D318043319000823FB181A887B68D6
:10096000180017F06BFF031E01D1002301E00123E3
:100970005B421800BD4606B080BD90B587B000AFA1
:10098000F86008007A6019000A23FB18021C1A801C
:1009900008231800FB180A1C1A80BB6A00221A8060
:1009A00024221318DB191B88002B0BD010217B1875
:1009B0001218D21912885A807B18FE221A707B18DE
:1009C0007B6102E0FB685B687B61FB685A68FB68DF
:1009D0009B689A4203D27B691B78FF2B01D10423C9
:1009E00033E0FB681B7B002B03D17B691B78FE2B5C
:1009F00001D0052329E07B695B880A22BA18128896
:100A00009A4201D3062320E0FB6800221A730A24CD
:100A10003B191A88FB685B68D31804331800082355
:100A2000FB181A887B695B8819003B191B88CB1A55
:100A30009A4200DD1A007B680100180017F081FF60
:100A40007B695A88BB6A1A8000231800BD4607B02C
:100A500090BD000080B584B000AF7860064BFB60AD
:100A6000FA687B6819000020F7F77AFF0023180066
:100A7000BD4604B080BDC04600FFFFFFB0B584B0E6
:100A800000AF78607B685B68FB607B685A687B6856
:100A90009B689A4203D2FB681B78FF2B01D1042389
:100AA00041E0FB681B78FE2B3CD1FB680B257C19D1
:100AB0001800FFF7CFFF030023707B191B78002B72
:100AC00002D07B191B782EE07B681B781A0018492E
:100AD00013009B009B189B00CB1808331B88013B1D
:100AE00098B2134913009B009B189B00CB18083346
:100AF000021C1A807B681B781A000D4913009B00AA
:100B00009B189B00CB180A331B88013398B2084905
:100B100013009B009B189B00CB180A33021C1A8001
:100B2000002300E005231800BD4604B0B0BDC04658
:100B3000B422002080B588B000AF78600A00FB1CAA
:100B40001A707B680D4A94466344DB0AFB611021EE
:100B50007B1800221A60FA697B185A60FB1C1A780D
:100B60007B189A600C23FA187B1811001800F7F70D
:100B7000D1FFC046BD4608B080BDC0460000FCEFB6
:100B800080B586B000AFF860B9607A607B685B05BD
:100B90005B0D07D1FB687A68B968180017F04EFE44
:100BA000031E26D07B68013B144A13430133DB0A42
:100BB000DAB2FB6811001800FFF7BCFF00237B616D
:100BC00012E07A69FB68D1187B69002B00DA0333E5
:100BD0009B109B00BA68D3181B681A000020F7F717
:100BE000BFFE7B6904337B617B697A689A42E8D8EF
:100BF00000E0C046BD4606B080BDC046FF0700000D
:100C000080B582B000AF78607B6801221A707B6883
:100C100000225A807B6800229A80C046BD4602B0FE
:100C200080BDF0B58DB004AFF860B9603B60BB1D0E
:100C30001A801E23FB1800221A80BB1D1A88BB686D
:100C4000FF21180017F008FE1023FB18FE221A706F
:100C5000BA1D1E257B1912881B88D31A9AB21C2331
:100C6000FB18043A1A80BB6B1B78002B4ED07B1903
:100C70001B880433BA68D118BB6B9B881B26BC1930
:100C8000F8681022BA180132039202931622BB1898
:100C900001931C23FB181B8800930B000022FF21EB
:100CA000FFF714FD030023701622BB181A88BB6BD4
:100CB0009A80BB191B78002B06D03B687A191288E2
:100CC0001A80BB191B78A1E01623FB181A88102183
:100CD0007B185A801E257B191B88BA68D3180C0014
:100CE00079180422180017F02CFE3B195B88033397
:100CF0009BB21BB2032213431BB29AB27B191B880F
:100D0000D3189AB27B1901321A8031E0BB6B598833
:100D10001E23FB181B88BA68D518BB6B9B881B2643
:100D2000BC191C22BA181288F86801931623FB1804
:100D3000009313002A00FFF720FE03002370BB1965
:100D40001B78002B02D0BB191B785FE01623FB1821
:100D50001A88BB6B5B88D31A9BB2013B9BB21BB258
:100D6000032213431BB29AB21E23FB1801321A80CE
:100D70001623FB181A88BB6B5B88D31A9BB2013B06
:100D80009BB21BB2032213431BB29AB218217B18E9
:100D900001321A807A181C217B1812881B889A420B
:100DA00010D9BB6B00221A70BB6B5A887B181B884A
:100DB000D3189AB2BB6B5A803B68BA1D12881A804E
:100DC000002323E01823FA181C23FB1812881B8821
:100DD0009A420BD1BB6B01221A70BB6B00225A8066
:100DE0003B68BA1D12881A8000230FE01823FA18F6
:100DF0001C23FB1812881B889A4200D328E7BB6B80
:100E000001221A70BB6B00225A8021E71800BD46F0
:100E100009B0F0BDF0B5604CA54402AF02005F4BD5
:100E2000842109015B18DB191A705C4B5B18DB1914
:100E30001A785B4913009B009B189B00CB180A3360
:100E40001B88002B01D10023A0E0564BFC18564D07
:100E50007A19524B842109015B18DB191B781100A8
:100E6000180000F0D3FC030023707B195B684F4A25
:100E7000BA1813604E4BFB181800FFF7C1FE494E1D
:100E8000BC194C4BFD1880231A010C23F918464B52
:100E9000F818474BFB1800932B00FFF7C2FE030026
:100EA0002370BB191B78042B06D0BB191B78002BB1
:100EB00002D0BB191B7869E03E4BFB181A888023CF
:100EC0001B019A4204D0374BFB181B78002BD6D05D
:100ED000384ABB181B88002B19D0BB181B881A0076
:100EE0000C23F918314C3B191B681800FFF748FE1A
:100EF0002200BB181B68802109018C466344BA1884
:100F00001360284BFB181B78002B02D1B7E7C046B3
:100F100000E0C046244BFB189B68013B264A1A435D
:100F200022497B181B68D31A0133DA0A23483B187D
:100F30001A707B181B68224A94466344DA0A214CD3
:100F40003B191A70812109017B1800221A603B1994
:100F50001A787B185A603B181A787B189A601A4BDB
:100F6000FA187B1811001800F7F7D4FD0B4B8422F8
:100F700012019B18DB191A7813009B009B189B0029
:100F8000074A9B181800FFF7D5FA03001800BD4662
:100F90000E4B9D44F0BDC046B4F7FFFFC7F7FFFFFF
:100FA000B42200203B080000240800003C08000098
:100FB0001C08000036080000FF0700003A08000087
:100FC0000000FCEF390800000C0800004408000095
:100FD000F0B57A4CA54402AF7860794BFB1800223B
:100FE0001A70784BFB1800221A700023764ABA1840
:100FF000136023E07B689968734BFB181A68130031
:101000005B009B189B00CA1870497B1812781A70F5
:101010007B181A786E4913009B009B189B00CB1815
:101020000A331B88002B03D0664BFB1801221A7071
:10103000654ABB181B680133BA1813607B681B79BB
:101040001A00614BFB181B689342D3DB5D4BFB1806
:101050001B78002B01D10023ABE080231A01082369
:10106000FB18FF21180017F0F7FB0023564ABA18A7
:10107000136051E07B68996853483B181A68130065
:101080005B009B189B00CA18504D7B1912781A7090
:101090007B6899683B181A6813005B009B189B00DB
:1010A000CB185B6882221201BA181360494EBC1932
:1010B00081231B01FA187B191B781100180000F01E
:1010C000A5FB03002370BB191B78002B01D0002364
:1010D0006FE0414D7B191800FFF792FD0823FA18C5
:1010E000822000013B181B68D1183B181B689BB27B
:1010F00080221201D31A9AB2384BFC1881231B01AB
:10110000F8187B1900932300FFF78BFD2E4ABB18BC
:101110001B680133BA1813607B681B791A002A4CCC
:101120003B191B689342A5DB7B681B688022120178
:10113000082179181800FFF723FD00233A191360DE
:101140002CE07B689968204BFB181A6813005B0041
:101150009B189B00CA181D497B1812781A707B18BF
:101160001A7813009B009B189B00194A9B18194D75
:101170007C191800FFF7DEF9030023702A00BB1862
:101180001B78002B04D00E4BFB18BA1812781A707B
:101190000D4ABB181B680133BA1813607B681B79B2
:1011A0001A00094BFB181B689342CADB044BFB185F
:1011B0001B781800BD460A4B9D44F0BDC4F7FFFFE5
:1011C0002F0800002708000028080000260800005B
:1011D000B422002025080000080800000E080000C6
:1011E0003408000090B587B000AF02003960FB1DE5
:1011F0001A7000237B6116E00B2439192E487A6996
:1012000013005B009B189B00C31806331B780B7000
:101210003A19FB1D12781B789A4201D1022346E04D
:101220007B6901337B617B69012BE5DD00233B6139
:1012300039E00023FB6026E020493A6913005B0097
:101240009B189B00CB1808331968FA6813005B00E1
:101250009B189B00CA180B217B1812781A707A18F9
:10126000FB1D12781B789A420AD13A6913005B0081
:101270009B189B00114A9A183B681A60012316E0DC
:10128000FB680133FB600D493A6913005B009B1852
:101290009B00CB1804331B781A00FB689342CBDB0E
:1012A0003B6901333B613B69002BC2DB0023180023
:1012B000BD4607B090BDC04610A30610E022002036
:1012C000F0B53D4CA54402AF020039603B4B832191
:1012D00009015B18DB191A7080231A012423FB18FB
:1012E000FF21180017F0B8FA0023354ABA18136026
:1012F0004BE03B689968324C3B191A6813005B005D
:101300009B189B00CA182F497B1812781A707A18FC
:101310002A4B832000011B18DB1912781B789A4294
:101320002DD014257A197B181B781100180000F0B5
:101330006DFA3B6899683B191A6813005B009B18AB
:101340009B00CB185B68204C3A1913600C26BB1924
:101350001800FFF755FC2423FA183B191B68D11815
:101360003B191B689BB280221201D31A9AB2122336
:10137000FC187819BB1900932300FFF752FC104AA0
:10138000BB181B680133BA1813603B681B791A003D
:101390000B4BFB181B689342ABDB3B681B6880223E
:1013A0001201242179181800FFF7EAFB0023180026
:1013B000BD46064B9D44F0BDC4F7FFFFD7F7FFFFC6
:1013C0002C0800002B08000024080000340800004E
:1013D000F0B589B002AFF860080011007B600B2304
:1013E000FB18021C1A7008203B180A1C1A80010006
:1013F0007B181B88013B9BB21BB2032213431BB219
:101400009AB27B1801321A80FB685B685A1DFB6830
:101410009B689A4210D3FB681B7819004A4A0B005C
:101420009B005B189B00D3180A331B88002B01D04C
:101430000B2384E0022382E0FB685B687B617B69AD
:101440001B78FF2B1CD1FB689A68FB685B68D31A7A
:1014500080225202934200D33C4B12217A1813800F
:10146000C04608231800FB181A8828231B18DB190C
:101470001B88D318DA1C7B181B889A4227DB15E0DF
:101480007B691B78FE2B05D07B691B78002B01D074
:10149000032354E0FB685B687A69528803320321B6
:1014A0000A439B185A1CFB685A60ADE7FB681B781F
:1014B0001900254A0B009B005B189B00D3180A33C8
:1014C0001B88002B01D00B2339E0022337E0FB6897
:1014D00058681126BC197D6808231A00FB181B8860
:1014E0009C460B23FB1819787B6B019328239B18D0
:1014F000DB191B8800932B006246FFF79CF9030061
:101500002370BB191B78002B02D0BB191B7816E087
:10151000FB681B781A000C4913009B009B189B006A
:10152000CB1808331B88013398B2074913009B007E
:101530009B189B00CB180833021C1A80002318004C
:10154000BD4607B0F0BDC046B4220020FFFF00003A
:10155000B0B588B000AF0023FB61CDE0A849FA69BF
:1015600013005B009B189B005B58FB600023BB6172
:10157000B1E0A349FA6913005B009B189B00CB18EC
:1015800008331968BA6913005B009B189B00CA18DE
:1015900013203B1812781A709949FA6913005B00FE
:1015A0009B189B00CB1808331968BA6913005B00BD
:1015B0009B189B00CB185B68BB609149FA691300CC
:1015C0005B009B189B00CB1808331968BA6913009D
:1015D0005B009B189B00CA18BB1D12891A803B1820
:1015E0001A78884913009B009B189B005B58002BBE
:1015F00003D13B181B78012B01D90123FCE01324F4
:101600003B191A78F968BB68C8187E4913009B001B
:101610009B189B0058507A49FA6913005B009B188D
:101620009B00CB1804331B78013BBA699A420ED158
:101630003B191A78FB688021090159187148130079
:101640009B009B189B00C318043319601DE06C4974
:10165000FA6913005B009B189B00CB1808331968CC
:10166000BB695A1C13005B009B189B00CB18596880
:101670001323FB181A78FB68C918624813009B00F3
:101680009B189B00C3180433196013203B181A7869
:101690005C4913009B009B189B00CB181033BA1DAC
:1016A00012881A803B181A7813009B009B189B0025
:1016B000544A9B1812257C191800FEF73BFF0300C3
:1016C00023707B191B78002B02D07B191B7893E0C9
:1016D000BB690133BB614A49FA6913005B009B187F
:1016E0009B00CB1804331B781A00BB69934200DAC5
:1016F0003FE7FB690133FB61FB69002B00DA2DE753
:1017000000237B6174E0132439193F487A69130080
:101710005B009B189B00C31806331B780B703B19AA
:101720001A78384913009B009B189B005B58002BCC
:1017300003D13B191B78012B01D901235CE0132451
:101740003B191A78304879690B005B005B189B00E5
:1017500018582C4913009B009B189B0058502A498D
:101760007A6913005B009B189B00595826487A69D8
:1017700013005B009B189B00C31804331B881800E0
:101780003B191A7809181F4813009B009B189B00EF
:10179000C318043319603B191A781B4879690B0088
:1017A0005B005B189B00C3180833188815491300A9
:1017B0009B009B189B00CB181033021C1A803B190E
:1017C0001A7813009B009B189B000E4A9B18122549
:1017D0007C191800FEF7AEFE030023707B191B78FE
:1017E000002B02D07B191B7806E07B6901337B61FB
:1017F0007B69012B87DD00231800BD4608B0B0BD12
:10180000E0220020B422002010A3061080B582B090
:1018100000AF02003960FB1D1A70FB1D1B78012B05
:1018200001D9012320E0FB1D1A78114913009B0008
:101830009B189B005A583B685A60FB1D1A780C494C
:1018400013009B009B189B00CB1804331A683B685D
:101850009A603B6801221A733B68FA1D12781A706D
:101860003B6800225A7300231800BD4602B080BDB9
:10187000B422002090B589B004AFF86008001100D0
:101880007B600B23FB18021C1A700823FB180A1C30
:101890001A80FB681B781900124A0B009B005B182A
:1018A0009B00D3180E331B78002B01D00A2315E0C0
:1018B0007C680823FB181A880B23FB181978F86832
:1018C00000230393002302937B6A01932023FB18D8
:1018D0001B8800932300FEF7F9FE03001800BD46A5
:1018E00005B090BDB422002090B587B002AFF8607B
:1018F00008007A6019000A23FB18021C1A800823CA
:10190000FB180A1C1A80FB681B7819000F4A0B0091
:101910009B005B189B00D3180E331B78002B01D063
:101920000A230FE00823FB181C887A680A23FB1897
:101930001988F868002301933B6A00932300FFF79E
:101940001CF803001800BD4605B090BDB42200206D
:10195000F0B5C64600B588B002AFF86008001100C7
:101960007B600B231C00FB18021C1A7008203B181C
:101970000A1C1A801726B046B8447D683B181A889E
:101980002300FB181978F8687B6B0193282308243F
:101990001B19DB191B8800932B00FFF719FD0300AF
:1019A00042461370BB191B78002B02D0BB191B7861
:1019B0002CE0FB681B781900174A0B009B005B1892
:1019C0009B00D3180C331A8808231800F918282311
:1019D0001B18DB1909881B88CB189BB2013B9BB2F3
:1019E0001BB203210B431BB29BB2D31A9BB2FA6802
:1019F00012781100053B98B2074A0B009B005B1858
:101A00009B00D3180C33021C1A8000231800BD461B
:101A100006B080BCB846F0BDB422002080B582B0CC
:101A200000AF78607B681800FFF728F80300180003
:101A3000BD4602B080BD0000B0B58CB000AF020062
:101A4000FB1D1A702B257C191823FA18FB1D1B7817
:101A500011001800FFF7C6FB030023707B191B78E9
:101A6000022B46D1FB1D1A78424913009B009B189C
:101A70009B005B587B62FB1D1A783E4913009B005C
:101A80009B189B00CB1804331B683B627B6A3A4A65
:101A900094466344DA0A1F203B181A703B6A013BE4
:101AA000364A1A437B6AD31A0133DA0A1E243B19D9
:101AB0001A700C217B1800221A603B181A787B18C8
:101AC0005A603B191A787B189A600823FA187B1819
:101AD00011001800F7F71EF8FB1D1A7813009B0081
:101AE0009B189B00234A9B181800FEF723FD002338
:101AF0003BE02B23FB181B78012B35D1BA692A2533
:101B00007C19FB1D1B7811001800FFF7D9FB03009F
:101B100023707B191B78002B22D10023FB6219E074
:101B2000BB699968FA6A13005B009B189B00CA188E
:101B300029217B1812781A707B181A7813009B00E1
:101B40009B189B000B4A9B181800FEF7F3FCFB6ADE
:101B50000133FB62BB691B791A00FB6A9342DFDB2E
:101B60002A23FB181B7800E001231800BD460CB0A7
:101B7000B0BDC046B42200200000FCEFFF0700000B
:101B8000B0B584B000AF0200FB1D1A700F257C19A0
:101B90000823FA18FB1D1B7811001800FFF722FB21
:101BA000030023707B191B78022B06D1FB1D1B78C9
:101BB0001800FFF72FF903000BE00F23FB181B7829
:101BC000012B05D1BB681800FFF702FA030000E003
:101BD00001231800BD4604B0B0BD000090B583B02D
:101BE00000AFFC1D00F016F803002370FB1D1B78EE
:101BF0007F2B08D8FB1D1B781800FFF7C1FF044B93
:101C0000180016F003FD00231800BD4603B090BD78
:101C1000AC9A061080B582B000AF2B4B00229A56CA
:101C2000FB1D1A70FB1D1A78284913009B009B1896
:101C30009B00CB180A331B88002B28D0FB1D1A7879
:101C4000224913009B009B189B00CB180C3319886A
:101C5000FB1D1A781D4813009B009B189B00C3189E
:101C600010331B88994212D2FB1D1B780133DBB263
:101C70005AB2154B1A70144B1B785BB2022B02D16F
:101C8000114B00221A70FB1D1B785BB217E0FB1D85
:101C90001A78FB1D01321A70FB1D1B78022B02D132
:101CA000FB1D00221A70FB1D1B78074A127852B2E6
:101CB0009342B7D1044B00221A7001235B421800F3
:101CC000BD4602B080BDC046DC220020B422002008
:101CD00080B500AF034B01221A6000231800BD46F7
:101CE00080BDC04634270020F0B587B000AFBA6091
:101CF0007B600F243B19021C1A700E23FB180A1C70
:101D00001A70BB6800221A807B6800221A803B6B25
:101D100000221A803B191B780522134046D0172554
:101D20007C19254B1800FEF7C9F8030023707B19B6
:101D30001B78002B02D07B191B7838E01F4B180052
:101D4000FEF7E9F803001A00BB681A801C4B180064
:101D5000FEF7E1F803001A007B681A801426BC190C
:101D6000154B1800FEF7B7F8030023803B6B0022E9
:101D70001A800E23FB181B78022B11D117257C1912
:101D8000BB191A880F4B11001800FEF7B1F80300B9
:101D900023707B191B78002B02D07B191B7806E07F
:101DA000094B1A000821002000F010F80023180049
:101DB000BD4607B0F0BDC0460428002050270020D3
:101DC00074270020BC27002028A3061090B585B0FA
:101DD00000AF3A60BB1D021C1A803B1D0A1C1A8012
:101DE0000C4B1800FEF797F803001A000E203B1862
:101DF00001321A803C683B1D1A88BB1D19883B18AC
:101E00001888230000F02EF803001800BD4605B026
:101E100090BDC0465027002090B585B000AF3A6015
:101E2000BB1D021C1A803B1D0A1C1A800C4B18009B
:101E3000FEF771F803001A000E203B1801321A80D9
:101E40003C683B1D1A88BB1D19883B181888230065
:101E500000F008F803001800BD4605B090BDC0466C
:101E600074270020B0B586B000AF04000800110050
:101E70007B600E23FB18221C1A800C23FB18021C0B
:101E80001A800A23FB180A1C1A801723FB18002249
:101E90001A7021E01723FB181A781300DB009B1837
:101EA0009B00434A9B1814257C191800FEF733F851
:101EB000030023807B191B88002B07D07B191B880C
:101EC0005A1C0E23FB181B889A420BD017217B1833
:101ED0001A787B1801321A701723FB181B78042B11
:101EE000D8D900E0C0461723FB181B78052B01D179
:101EF000122359E00C23FB181A880A23FB181B88AD
:101F0000D1181723FB181A7829481300DB009B18F7
:101F10009B00C31820331B689B88994201DD122364
:101F200042E01723FB181A7821491300DB009B18A5
:101F30009B00CB1820331B68002B01D1122333E008
:101F400017243B191A781A491300DB009B189B00D1
:101F5000CB1820331B689A680C23FB181B88D018F9
:101F60000A257B191A887B68190016F0EAFC3B19D0
:101F70001A780F491300DB009B189B00CB18203305
:101F80001B681B781A00022313400CD03B191A78E7
:101F900007491300DB009B189B00CB1820331B68FC
:101FA0007A1912885A8000231800BD4606B0B0BDC9
:101FB00050270020F0B585B000AF02003960FB1D4E
:101FC0001A703B6800221A800F257C19384B1800C4
:101FD000FDF774FF030023707B191B78002B02D0E0
:101FE0007B191B7860E00C26BC19314B1800FDF7FB
:101FF00072FF03002380FB1D1B780122134011D0C8
:102000000F257C19BB191A882A4B11001800FDF7FF
:102010006FFF030023707B191B78002B02D07B1904
:102020001B7841E0234B1800FDF775FF03001A00F1
:102030003B681A800F257C190C23FB181A881E4B4D
:1020400011001800FDF754FF030023707B191B7863
:10205000002B02D07B191B7826E00F257C190C235E
:10206000FB181A88154B11001800FDF741FF0300FB
:1020700023707B191B78002B02D07B191B7813E08F
:102080000F257C190C23FB181A880D4B1100180022
:10209000FDF72EFF030023707B191B78002B02D065
:1020A0007B191B7800E000231800BD4605B0F0BD89
:1020B000482800208CA30610B0A30610D4A3061055
:1020C000F8A3061080B582B000AF0200FB1D1A70A5
:1020D000FB1D1B787F2B09D8FB1D1B781A001F23C3
:1020E0001A40044B012191400A001A60C046BD46C7
:1020F00002B080BD00E100E080B582B000AF020018
:10210000FB1D1A70FB1D1B787F2B10D8FB1D1B7845
:102110001A001F231340084901229A40130080220D
:102120008B50BFF34F8FC046BFF36F8FC046C04682
:10213000BD4602B080BDC04600E100E080B500AF02
:10214000054B5B6904221340042B01D1012300E0FD
:1021500000231800BD4680BD0000504880B500AF88
:10216000034BDA698023DB0013401800BD4680BDB5
:102170000000504880B582B000AF7860064BDB6944
:10218000064A13401900044B7A680A43DA61C046D4
:10219000BD4602B080BDC04600005048FFFDFFFFB5
:1021A00080B500AF074BDA6980239B001A4080237B
:1021B0009B009A4201D1012300E000231800BD4694
:1021C00080BDC0460000504880B582B000AF786046
:1021D000064BDB690F2293431900044B7A680A43CC
:1021E000DA61C046BD4602B080BDC046000050481E
:1021F00080B582B000AF78608023DB05996B8023C7
:10220000DB057A680A439A63C046BD4602B080BDCA
:1022100080B582B000AF78608023DB059A6B7B6865
:10222000D9438023DB050A409A63C046BD4602B00D
:1022300080BD80B582B000AF02003960FB1D1A700E
:10224000FB1D1B78002B09D18023DB05DA6A3B6874
:10225000D9438023DB050A40DA6207E08023DB05EF
:10226000D96A8023DB053A680A43DA62C046BD4674
:1022700002B080BD80B582B000AF02003960FB1DA6
:102280001A70FB1D1B78042B60D89A00314BD318B1
:102290001B689F468023DB05196B8023DB053A68AA
:1022A0000A431A638023DB055A6B3B68D9438023BA
:1022B000DB050A405A6349E08023DB051A6B3B6863
:1022C000D9438023DB050A401A638023DB05596B61
:1022D0008023DB053A680A435A6337E08023DB0535
:1022E0001A6B3B68D9438023DB050A401A638023BD
:1022F000DB055A6B3B68D9438023DB050A405A63F0
:1023000024E08023DB051A6B3B68D9438023DB057F
:102310000A401A638023DB055A6B3B68D94380234C
:10232000DB050A405A6311E08023DB051A6B3B682A
:10233000D9438023DB050A401A638023DB05596BF0
:102340008023DB053A680A435A63FFE7C046BD466F
:1023500002B080BD1CA4061080B582B000AF7860CA
:102360008023DB05DB6B7A6813407A689A4201D1DF
:10237000012300E000231800BD4602B080BD80B5F7
:1023800082B000AF78608023DB057A68DA63C046EC
:10239000BD4602B080BD000080B584B000AF78605B
:1023A000074B596D064B7A680A435A65044B5B6DBF
:1023B0007A681340FB60FB68C046BD4604B080BD30
:1023C0000000404880B500AF1F231800BD4680BD07
:1023D00080B500AF1F231800BD4680BD80B582B018
:1023E00000AF0200FB1D1A70FB1D1B78002B1DD0D7
:1023F0002D4B1B78002B29D12B4B01221A708023E7
:102400005B001800FFF7C8FF01210220FFF732FF31
:1024100001210020FFF70DFF0120FFF7E9FE012059
:10242000FFF7ADFF1920FFF74DFE0FE01E4B1B78A5
:10243000012B0BD11C4B00221A700120FFF7E8FE84
:102440001920FFF759FE0120FFF799FFFFF7A8FEBB
:10245000031E24D1FFF782FE02008023DB009A4294
:102460001DD080239B001800FFF784FEC046FFF7B5
:1024700065FE031EFBD1FB1D1B78002B03D00E2035
:10248000FFF7A2FE02E00420FFF79EFE0020FFF708
:1024900071FEC046FFF752FE031EFBD000E0C046AF
:1024A000BD4602B080BDC0462723002080B500AFE6
:1024B000164B1B78002B25D00120FFF74DFF031E84
:1024C00021D0134AA6239B00D358102213400AD0D0
:1024D0000F4A95239B00D3580D4902221A43952396
:1024E0009B00CA500AE00A4A95239B00D35808492A
:1024F000022293431A0095239B00CA500120FFF744
:102500003EFF00E0C046BD4680BDC04627230020F8
:102510000014006080B500AF8023DB051B680F222C
:1025200013401800BD4680BD80B500AF8023DB0599
:102530001B681B090F2213401800BD4680BD80B5E3
:1025400000AF8023DB055B681800BD4680BD00003E
:1025500080B500AF034B1B681B041B0C1800BD4665
:1025600080BDC0461410004080B582B000AF00238B
:102570007B607B681800BD4602B080BD80B584B02A
:1025800000AF78607B68FF221A70FFF7D8FF030066
:10259000FB60FB68184A934202D17B6805221A70DF
:1025A000FFF7C2FF0300DAB27B685A70FFF7B2FF91
:1025B0000300DAB27B689A70FFF7C1FF02007B6804
:1025C0005A60FFF7C5FF030001339A007B689A60E9
:1025D000FFF7CAFF031E07D0FFF7C6FF0300013352
:1025E0009A037B68DA6003E07B68C022D201DA607C
:1025F000C046BD4604B080BD4180020280B500AF38
:10260000BFF34F8FC046044B044ADA60BFF34F8FCD
:10261000C046C046FDE7C04600ED00E00400FA05F4
:1026200080B500AF00F0E4FDFFF752FB030001337B
:1026300001D1EFF70BFEC046BD4680BDF0B599B0A5
:1026400004AF4F23FB1800221A703C23FB1818001C
:1026500006231A00002116F0FFF84E23FB1806226D
:102660001A703A23FB18A02292001A803A1D5B4B85
:102670001000190034231A0016F063F94D257C1957
:102680003B1D180003F0F2FB030023707B191B783D
:10269000002B01D0EFF7DAFD3C217B1834221A70B1
:1026A0007B1812225A707B182A229A707B18E1221A
:1026B000DA707B1808221A717B1800225A714D2596
:1026C0007C197B181A000621002003F0C7F80300CC
:1026D00023707C191F21002003F0C4F8030023702D
:1026E0007C194A23FB1819000120FFF763FC030043
:1026F00023704C217B1800221A707B187A181278EC
:1027000001210A431A707C194F22BB181B78002143
:10271000180002F0BDFE030023702E007C19462530
:102720007D194823FA184F203B1819784C23FB18C1
:1027300018784423FB1800932B00FFF7D5FA030009
:10274000237035007C19264B1A0019210020FFF751
:102750003DFB030023707C193A23FB181A00022169
:102760000020FFF759FB030023701E4B01221A7053
:102770001C4B1B787C191800FDF74EFB03002370DF
:10278000184B01225A70174B0822DA70154B102291
:102790001A71144B01229A70124B9878114B597888
:1027A000104BDB780F4A12792E007C190025029518
:1027B0000192009300230122FDF73EFB03002370EA
:1027C000084B9B78002B05D0BC19012002F08AFE33
:1027D00003002370C046BD4615B0F0BDD09A061068
:1027E00030A406102823002080B500AF012101206D
:1027F00002F060FDC046BD4680BD80B500AF01203F
:1028000002F01AFC03F04EFA012002F01FFCC04651
:10281000BD4680BD80B500AFF9F7EEFCC046BD46B1
:1028200080BD80B500AF0021022002F043FDC0460C
:10283000BD4680BD80B500AFFFF7D0F9C046BD46AC
:1028400080BD80B500AF0121042002F033FDC046F9
:10285000BD4680BD80B500AFFFF7E3FFC046BD4673
:1028600080BD80B582B000AF78607B6818000EF044
:102870001BF9FFF7D6FFFFF7E4FFC046BD4602B0E5
:1028800080BD80B500AFFFF7AFFFC046BD4680BD3D
:1028900080B500AF124B1A000021012002F0E6FCC7
:1028A000104B1A000021022002F0E0FC0E4B1A002F
:1028B0000021042002F0DAFCFFF7B2FEFFF7BEFEB3
:1028C0000A4B00229A73094B012252429A8100F06E
:1028D00081FC012000F0ACF9C046BD4680BDC04679
:1028E000FB27051015280510352805102823002082
:1028F000F0B599B004AF78604B23FB1886221A70AC
:102900007B681B78042B04D07B681B78822B00D05B
:1029100032E17B6801337B647B681B78042B03D135
:102920007B6C0233FB6405E07B6801333B643B6CEA
:102930000333FB647B6C1B78FF2B00D1A4E000DD2C
:102940001CE13E2B2DD000DD18E1052B03D0102B10
:1029500000D108E112E17B6C0233FB60FB685A781E
:102960009B781B0213439AB2874B9B899A4206D1EC
:10297000854B012252429A81834B00229A7300F0C8
:102980002BFA824B01221A70FB685A789B781B0243
:1029900013439AB27D4B5A807C4B180000F0FCFB2D
:1029A000EFE07B6C02337B627B6A1B780C2B0BD0D5
:1029B00068DC0A2B0ED065DC012B37D0032B61D1EC
:1029C0007B6A0133BB615EE07B6A01333B6200F0EE
:1029D00003FA58E07B6A0133FB61FB691C78FB69F1
:1029E0005A789B781B0213439DB2FB691E79FB69E1
:1029F00005339C46FB69DA7D1B7E1B0213439AB2AA
:102A0000FB69597E9B7E1B020B4399B2FB69D87E02
:102A10001B7F1B0203439BB202930191009263460A
:102A200032002900200000F0BFF82CE07B6A01335F
:102A30007B617B691C787B695A789B781B02134306
:102A40009DB27B691E797B6905339C467B69DA7A86
:102A50001B7B1B0213439AB27B69597B9B7B1B0236
:102A60000B4399B27B69D87B1B7C1B0203439BB24F
:102A7000029301910092634632002900200000F089
:102A800093F800E0C0467CE0FB6CFB63FB6B1A78BC
:102A90005B781B0213439BB23D4A93423BD03C4AB6
:102AA00093425ADC8022120193421CD080221201F0
:102AB000934252DC374A934251D0364A93424CDC1F
:102AC000354A934213D08122D200934245DA334AE9
:102AD000934210D0314A93423FDC042B41D0304A1C
:102AE000934214D039E0FB6B02333B633AE0FB6B5B
:102AF0000233FB6236E0244B9B894B22BC18294AE7
:102B000011001800FDF7C7F9030023702AE0FB6BE2
:102B10000233BB6226E0FB6B0233BB6337243B19F5
:102B200008221A70BB6B1A785B781B02134398B2A9
:102B3000BB6B9A78DB781B02134399B2BB6B1A7993
:102B40005B791B0213439AB23B191B780024019452
:102B500000240094FDF7ECF904E0C04611E0C04603
:102B60000FE0C0460DE07B6C02333B613B691B7894
:102B7000032B05D8FFF742FDC04602E0C04600E047
:102B8000C046BD4615B0F0BD2823002038230020E4
:102B9000190C00000A0400000704000002040000F1
:102BA0000104000007B2010090B583B000AF04003B
:102BB000080011003B60FB1D221C1A703B1D021C0B
:102BC0001A80BB1D0A1C1A70FB1D1B78002B03D03A
:102BD000104B00229A7319E00E4B9B7B012B03D103
:102BE0000C4B03229A7302E00A4B02229A73094BA0
:102BF0003A1D12889A81084B00221A70064B3A1D22
:102C000012885A80044B180000F0C6FABD4603B083
:102C100090BDC046282300203823002080B500AF97
:102C2000024B9B7B1800BD4680BDC0462823002078
:102C3000B0B594B00CAF0200FB1D1A708023FB618D
:102C4000A023BB61FB1D1B78052B34D89A005F4B7A
:102C5000D3181B689F468023FB61A023BB6104231C
:102C60007B612BE0C823DB00FB61FA231B01BB6106
:102C700005237B6122E000237B611FE0C8239B00CA
:102C8000FB61C8239B00BB6100237B61FA235B00CF
:102C90003B6113E04E4B9B890F257C1913211800D3
:102CA000FDF7A4F8030023707B191B78002B04D1D7
:102CB00000F09AF801E0C04600E0C046FB1D1B781A
:102CC000062B00D178E000DD78E0042B61D000DD38
:102CD00074E0012B02DC002B03DA6FE0022B46D0FC
:102CE0006CE00823FB18180006231A00002115F0D9
:102CF000B3FD0F257C19FA6900230A930023099379
:102D000001230893002307930123069300230593CF
:102D100000230493002303930023029307230193CA
:102D2000BB690093130013220221002002F006FC6D
:102D3000030023707B191B78002B03D17B69DAB267
:102D4000234B9A730F257C19224B1022032100205C
:102D500002F029FC030023707C190823FB181A00D9
:102D60000121012002F023FC0300237029E00F253C
:102D70007C1900220021002002F019FC03002370BE
:102D80007B191B78002B1BD17B69DAB2104B9A732D
:102D900016E00F4B9889FB6999B2BB699AB27B69BF
:102DA0009DB23B699BB20F243C1900932B00FDF7A9
:102DB000E8F80300237004E0C04602E0C04600E0EB
:102DC000C046C046BD4608B0B0BDC0464CA40610C3
:102DD000282300207028002080B500AF012002F0D9
:102DE00095FAC046BD4680BD80B500AF012002F017
:102DF000ABFAC046BD4680BD80B58EB000AF7860EE
:102E00003723FB1800221A707B681A785B781B0244
:102E100013439BB2624A94466344192B00D9B1E034
:102E20009A00604BD3181B689F467B6802333B6255
:102E30003B6A1A785B781B0213439AB20C217B1809
:102E40009A813B6A1A795B791B0213439AB27B1809
:102E5000DA813B6A9A79DB791B0213439BB2DAB2BF
:102E60007B181A723B6A08331A007B185A603B6A57
:102E70001A795B791B0213439BB21A004A4B9B8859
:102E800001339A420BD13723FB1801221A707B18A9
:102E900001221A707B18180000F014F974E03B6AE4
:102EA0001A795B791B0213439BB21A003E4BDB88F5
:102EB00001339A4268D13723FB1801221A700C2182
:102EC0007B1803221A707B18180000F0FBF85BE0F7
:102ED0007B680233FB62FB6A1A795B791B0213433E
:102EE0009BB21A00304B5B8801339A420CD13723D6
:102EF000FB1801221A700C217B1800221A707B1813
:102F0000180000F0DFF841E0FB6A1A795B791B02D8
:102F100013439BB21A00244BDB8801339A4235D10C
:102F20003723FB1801221A7030E07B6802333B63C1
:102F30003B6B5A799B791B0213439BB21A001A4BC5
:102F40009B8801339A4204D13723FB1801221A705F
:102F50001EE03B6B5A799B791B0213439BB21A000C
:102F6000114BDB8801339A4212D13723FB1801221F
:102F70001A700DE07B680233BB620AE07B680233A3
:102F80007B6206E0C04604E0C04602E0C04600E0C6
:102F9000C0463723FB181B781800BD460EB080BD15
:102FA000FFF3FFFFF8A406103C23002090B583B088
:102FB00000AFFB1D12221A70174B1800FCF7F6FB2E
:102FC000FC1D164B1800FCF779FF03002370134B10
:102FD0001800FCF780FF03001A00114B1A80114BF8
:102FE0001800FCF798FF03001A000D4B5A800E4B97
:102FF0001800FCF790FF03001A00094B9A800B4B56
:103000001800FCF788FF03001A00054BDA80C04661
:10301000BD4603B090BDC046F92D0510D0A40610E2
:103020003C23002064A4061088A40610ACA406105B
:1030300080B584B000AF02003960FB1D1A700F2309
:10304000FB1800221A70FB1D1B78022B1FD02BDCF3
:10305000002B02D0012B0DD026E03B6819683B689D
:103060001B795A1E9341DBB21A00134B180015F05E
:1030700068FC1AE03B6819683B681B795A1E93414B
:10308000DBB21A000D4B180015F05BFC0DE03B683D
:1030900019683B681B795A1E9341DBB21A00084B32
:1030A000180015F04EFC00E0C0460F23FB181B78FB
:1030B0001800BD4604B080BD4423002048230020F2
:1030C0004C230020B0B58EB000AF78607B681B78D1
:1030D000032B17D056DC022B56D053DC002B55D0D7
:1030E000012B00D04EE030217B1806221A707B683D
:1030F0005B681B781A007B185A807B181868F1F7F8
:10310000D3F844E036257C19EEF7AEFF03002380A8
:103110002A00BB1800215B5E013322D0BB181B883C
:10312000DAB22F203B181A7024217B183A181A6043
:103130007B1801221A717B1819000020FFF778FF15
:1031400023203B1800221A7018217B183A181A60A5
:103150007B1801221A717B1819000220FFF768FF03
:1031600015E017203B1802221A700C217B183A1820
:103170001A607B1801221A717B1819000220FFF7D0
:1031800057FF04E0C04602E0C04600E0C046C0462B
:10319000BD460EB0B0BD000080B582B000AF786013
:1031A0007B681B78002B02D0012B05D00CE07B68DC
:1031B0005A88074B1A8007E0054B012252421A80B9
:1031C0000120FFF735FDC046C046BD4602B080BDB8
:1031D0005023002080B500AF044B012252421A80D8
:1031E000FFF7E4FEC046BD4680BDC0465023002028
:1031F00080B500AFFEF7ACF9074B19000020FEF7D1
:1032000005FB064B19000120FEF700FB044B024AA8
:103210001A60C046BD4680BD5423002064230020B0
:1032200074230020F0B589B002AFB96011007B6053
:103230000F243B19021C1A700C23FB180A1C1A805D
:103240003B191B78022B03D11A4B1B4A1A6002E070
:10325000184B1A4A1A60174B18681726BC19BD6814
:103260000C23FB181B889C460F23FB1819787B68DE
:103270000193282308229B18DB191B8800932B003D
:103280006246FEF765FB03002370BB191B78002B19
:1032900001D1002309E01723FB181B78022B02D170
:1032A00001235B4201E002235B421800BD4607B0E8
:1032B000F0BDC04674230020642300205423002066
:1032C000B0B586B002AF0400080011003B60FB1DE2
:1032D000221C1A70BB1D021C1A703B1D0A1C1A808E
:1032E000BB1D1B78022B07D12E4B2F4A1A600E23D1
:1032F000FB1801221A7006E02A4B2C4A1A600E2392
:10330000FB1800221A70FB1D1B78022B12D1254BD3
:1033100018680F23FC182023FB181D883A683B1DF2
:1033200019880C23FB1800932B00FEF7DDFA03002D
:10333000237021E0FB1D1B78002B08D1194B1A6864
:103340000E23FB181B7811001800FEF75FFA154BCF
:1033500018680F23FC183D683B1D1A88BB1D19789F
:103360000C23FB1801932023FB181B8800932B00D0
:10337000FEF780FA030023700F23FB181B78002B45
:1033800001D1002309E00F23FB181B78042B02D185
:1033900003235B4201E002235B421800BD4604B0F8
:1033A000B0BDC046742300206423002054230020B5
:1033B00090B585B000AF39601100BB1D021C1A80AA
:1033C0003B1D0A1C1A800E4B18683B1D1C883A686E
:1033D000BB1D19882300FDF783FA0300FB60FB681F
:1033E000002B01D1002307E0FB68002B02DA3B1D14
:1033F0001B8801E003235B421800BD4605B090BD69
:103400007423002080B582B000AF0200FB1D1A704B
:10341000FB1D1B78022B0AD10B4B1A680B4B9A42EF
:103420000DD0094B1B681800FEF7F8FA08E0FB1DE9
:103430001B78032B04D10020FEF7FEFA00E0C04603
:10344000BD4602B080BDC046742300206423002026
:1034500080B584B000AFF860B9607A607A68B96806
:10346000FB681800ECF74EFEC046BD4604B080BDB8
:1034700080B584B000AFF860B9607A607A68B968E6
:10348000FB68180015F0E8F9C046BD4604B080BDE1
:1034900080B584B000AFF860B9607A607A68B968C6
:1034A000FB68180015F0CAF903001800BD4604B007
:1034B00080BD90B589B000AFF860B9607A60102423
:1034C0003B191800FFF75AF821007B181A78FB689F
:1034D0001A707B185A78BB681A707B189A787B68C8
:1034E0001A70C046BD4609B090BD80B584B000AF2B
:1034F000F860B9607A607A68B968FB681800FCF710
:103500006BFEC046BD4604B080BD80B582B000AF42
:1035100078607B68180016F043F803001800BD4679
:1035200002B080BD80B584B000AFF860B9607A6049
:103530007A68B968FB68180015F0C8FE0300180027
:10354000BD4604B080BD80B584B000AFF860B960FE
:103550007A607A68B968FB68180015F0EBFF030021
:103560001800BD4604B080BD80B582B000AF786061
:103570007B681800FCF798FFC046BD4602B080BDCE
:1035800080B582B000AF78607B681800FCF7A6FFBA
:10359000C046BD4602B080BD80B500AFFEF712FF49
:1035A00003001800BD4680BD80B500AFFEF710FFD8
:1035B00003001800BD4680BD80B582B000AF020098
:1035C000FB1D1A70FB1D1B781800FEF707FFC04695
:1035D000BD4602B080BD80B500AFF8F735FB0300F3
:1035E0001800BD4680BD80B500AFF9F783F8020032
:1035F0000B0010001900BD4680BD80B584B000AF3F
:10360000F8603A607B603A687B68F9680800F9F70F
:1036100083F803001800BD4604B080BD80B582B0B9
:1036200000AF78607B681800F9F790F8C046BD4697
:1036300002B080BD80B582B000AF78600800110094
:10364000FB1C021C1A70BB1C0A1C1A70BB1C1A78CB
:10365000FB1C19787B681800F8F736FF0300DBB213
:103660001800BD4602B080BD80B500AFF8F77CFF02
:103670000300DBB21800BD4680BD80B582B000AF4C
:1036800078607B681800F8F70BFF02000B00100051
:103690001900BD4602B080BD80B500AFF8F7D8FF75
:1036A000C046BD4680BD000080B582B000AF7860E6
:1036B000074B5B687F22934319007B687F221A4087
:1036C000034B0A435A60C046BD4602B080BDC046A7
:1036D000C000002080B500AF044B5A68034B802126
:1036E0000A435A60C046BD4680BDC046C0000020A7
:1036F00080B500AF044B5A68034B80218A435A605F
:10370000C046BD4680BDC046C000002080B582B026
:1037100000AF7860074B1B69074A134019007B68AC
:103720001B02064A1A40034B0A431A61C046BD46B3
:1037300002B080BDC0000020FF0000F000FFFF0FBE
:1037400080B582B000AF02003960FB1D1A70FB1D0E
:103750001B785C2253430B4A944663441B683F2208
:10376000934319003B683F221A40FB1D1B785C20E5
:1037700043430448844663440A431A60C046BD4636
:1037800002B080BDDC00002080B582B000AF020036
:10379000FB1D1A70FB1D1B785C225343084A94469C
:1037A00063441A68FB1D1B785C214B4304498C461B
:1037B000634440210A431A60C046BD4602B080BD42
:1037C000DC00002080B582B000AF0200FB1D1A7043
:1037D000FB1D1B785C225343084A944663441A68D5
:1037E000FB1D1B785C214B4304498C4663444021FC
:1037F0008A431A60C046BD4602B080BDDC0000208E
:1038000080B582B000AF0200FB1D1A70FB1D1B7853
:103810005C225343084A944663441A68FB1D1B7894
:103820005C214B4304498C46634480210A431A605F
:10383000C046BD4602B080BDDC00002080B582B02D
:1038400000AF0200FB1D1A70FB1D1B785C22534366
:10385000084A944663441A68FB1D1B785C214B435D
:1038600004498C46634480218A431A60C046BD46A1
:1038700002B080BDDC00002080B582B000AF020045
:10388000FB1D1A70FB1D1B785C225343074A9446AC
:1038900063441B6880221340802B01D1012300E088
:1038A00000231800BD4602B080BDC046DC000020E9
:1038B00080B582B000AF02003960FB1D1A70FB1D9D
:1038C0001B785C2253430C4A944663441B680B4AA2
:1038D000134019003B681A02FC239B011A40FB1D90
:1038E0001B785C2043430448844663440A431A60BF
:1038F000C046BD4602B080BDDC000020FFC0FFFF17
:1039000080B582B000AF0200FB1D1A70FB1D1B7852
:103910005C225343054A944663441B681B0A3F22BA
:1039200013401800BD4602B080BDC046DC00002038
:1039300080B582B000AF0200FB1D1A70FB1D1B7822
:103940005C225343094A944663441A68FB1D1B7862
:103950005C214B4305498C466344802109024A405F
:103960001A60C046BD4602B080BDC046DC000020E3
:1039700080B582B000AF0200FB1D1A70FB1D1B78E2
:103980005C225343094A944663441A68FB1D1B7822
:103990005C214B4305498C466344802189030A43DB
:1039A0001A60C046BD4602B080BDC046DC000020A3
:1039B00080B582B000AF0200FB1D1A70FB1D1B78A2
:1039C0005C225343084A944663441A68FB1D1B78E3
:1039D0005C214B4304498C46634404490A401A6005
:1039E000C046BD4602B080BDDC000020FFFFDFFF07
:1039F00080B582B000AF02003960FB1D1A70FB1D5C
:103A00001B785C2253430C4A944663441B680B4A60
:103A1000134019003B681A06E023DB041A40FB1D23
:103A20001B785C2043430448844663440A431A607D
:103A3000C046BD4602B080BDDC000020FFFFFFF89D
:103A400080B582B000AF0200FB1D1A70FB1D1B7811
:103A50005C225343054A944663441B681B0E0722AD
:103A600013401800BD4602B080BDC046DC000020F7
:103A700080B582B000AF02003960FB1D1A70FB1DDB
:103A80001B785C2253430C4A944663441B680B4AE0
:103A9000134019003B68DA0680231B051A40FB1D02
:103AA0001B785C2043430448844663440A431A60FD
:103AB000C046BD4602B080BDDC000020FFFFFFF71E
:103AC00080B582B000AF02003960FB1D1A70FB1D8B
:103AD0001B785C2253430C4A944663441B680B4A90
:103AE000134019003B681A07E023DB051A40FB1D51
:103AF0001B785C2043430448844663440A431A60AD
:103B0000C046BD4602B080BDDC000020FFFFFF8F35
:103B100080B582B000AF0200FB1D1A70FB1D1B7840
:103B20005C225343054A944663441B681B0F0722DB
:103B300013401800BD4602B080BDC046DC00002026
:103B400080B582B000AF02003960FB1D1A70FB1D0A
:103B50001B785C225343084A944663445B68FB1D10
:103B60001B785C225343044A944663443A685A6083
:103B7000C046BD4602B080BDDC00002080B582B0EA
:103B800000AF02003960FB1D1A70FB1D1B785C2220
:103B90005343084A944663449B68FB1D1B785C2290
:103BA0005343044A944663443A689A60C046BD460B
:103BB00002B080BDDC00002080B582B000AF020002
:103BC0003960FB1D1A70FB1D1B785C225343084AA9
:103BD000944663449B69FB1D1B785C225343044A53
:103BE000944663443A689A61C046BD4602B080BDBF
:103BF000DC00002080B582B000AF02003960FB1D00
:103C00001A70FB1D1B785C2253430B4A9446634495
:103C1000DB69FF22934319003B68FF221A40FB1D1A
:103C20001B785C2043430448844663440A43DA61BA
:103C3000C046BD4602B080BDDC00002080B582B029
:103C400000AF0200FB1D1A70FB1D1B785C22534362
:103C5000044A94466344DB69FF2213401800BD46C2
:103C600002B080BDDC00002080B582B000AF020051
:103C70003960FB1D1A70FB1D1B785C2253430B4AF5
:103C800094466344DB69FF22134019003B681A0223
:103C9000FB1D1B785C2043430448844663440A436D
:103CA000DA61C046BD4602B080BDC046DC000020DF
:103CB00080B582B000AF0200FB1D1A70FB1D1B789F
:103CC0005C225343054A94466344DB691B0A1B028A
:103CD0001B0A1800BD4602B080BDC046DC000020B3
:103CE00080B582B000AF02003960FB1D1A70FB1D69
:103CF0001B785C2253430B4A944663441B6A1B0C9B
:103D000019043B681B041A0CFB1D1B785C20434301
:103D10000448844663440A431A62C046BD4602B062
:103D200080BDC046DC00002080B582B000AF02003C
:103D3000FB1D1A70FB1D1B785C225343044A9446FA
:103D400063441B6A1B041B0C1800BD4602B080BDF7
:103D5000DC00002080B582B000AF0200FB1D1A70AD
:103D6000FB1D1B785C225343094A944663441A6A3C
:103D7000FB1D1B785C214B4305498C466344802125
:103D800089050A431A62C046BD4602B080BDC046DE
:103D9000DC00002080B582B000AF0200FB1D1A706D
:103DA000FB1D1B785C225343084A944663441A6AFD
:103DB000FB1D1B785C214B4304498C46634404493A
:103DC0000A401A62C046BD4602B080BDDC00002039
:103DD000FFFFFFDF80B582B000AF02003960FB1D3E
:103DE0001A70FB1D1B785C225343084A94466344B7
:103DF0005B6AFB1D1B785C225343044A9446634470
:103E00003A685A62C046BD4602B080BDDC00002060
:103E100080B582B000AF0200FB1D1A70FB1D1B783D
:103E20005C225343034A944663445B6A1800BD46D0
:103E300002B080BDDC00002080B582B000AF02007F
:103E40003960FB1D1A70FB1D1B785C2253430B4A23
:103E5000944663449B6A1B0E19063B681B021A0AB0
:103E6000FB1D1B785C2043430448844663440A439B
:103E70009A62C046BD4602B080BDC046DC0000204C
:103E800080B582B000AF02003960FB1D1A70FB1DC7
:103E90001B785C2253430A4A944663449B6A1B0284
:103EA000190A3B681A06FB1D1B785C204343044833
:103EB000844663440A439A62C046BD4602B080BD50
:103EC000DC00002080B582B000AF02003960FB1D2D
:103ED0001A70FB1D1B785C2253430B4A94466344C3
:103EE000DB6A1F22934319003B681F221A40FB1D07
:103EF0001B785C2043430448844663440A43DA62E7
:103F0000C046BD4602B080BDDC00002080B582B056
:103F100000AF0200FB1D1A70FB1D1B785C2253438F
:103F2000044A94466344DB6A1F2213401800BD46CE
:103F300002B080BDDC00002080B582B000AF02007E
:103F40003960FB1D1A70FB1D1B785C2253430C4A21
:103F500094466344DB6A0B4A134019003B681A021B
:103F6000FC239B011A40FB1D1B785C204343044843
:103F7000844663440A43DA62C046BD4602B080BD4F
:103F8000DC000020FFC0FFFF80B582B000AF020060
:103F9000FB1D1A70FB1D1B785C225343054A944697
:103FA0006344DB6A1B0A3F2213401800BD4602B07F
:103FB00080BDC046DC00002080B582B000AF0200AA
:103FC0003960FB1D1A70FB1D1B785C2253430A4AA3
:103FD00094466344DB6A1B04190C3B681A04FB1DFE
:103FE0001B785C2043430448844663440A43DA62F6
:103FF000C046BD4602B080BDDC00002080B582B066
:1040000000AF0200FB1D1A70FB1D1B785C2253439E
:10401000054A94466344DB6A1B0C1B041B0C180006
:10402000BD4602B080BDC046DC00002080B582B035
:1040300000AF02003960FB1D1A70FB1D1B785C226B
:1040400053430B4A944663441B6B9B0D99053B6895
:104050009B029A0AFB1D1B785C204343044884465C
:1040600063440A431A63C046BD4602B080BDC046E1
:10407000DC00002080B582B000AF0200FB1D1A708A
:10408000FB1D1B785C225343044A944663441B6B1C
:104090009B029B0A1800BD4602B080BDDC000020D8
:1040A00080B582B000AF786039607B681B687B6840
:1040B0003A681A60C046BD4602B080BD80B582B085
:1040C00000AF786039607B685B68012293431A0017
:1040D0003B6801210B401A437B685A60C046BD46CD
:1040E00002B080BD80B582B000AF786039607B6877
:1040F0005B68042293431A003B689B0004210B4039
:104100001A437B685A60C046BD4602B080BD80B588
:1041100082B000AF786039607B685B6808229343A7
:104120001A003B68DB0008210B401A437B685A6089
:10413000C046BD4602B080BD80B582B000AF786099
:1041400039607B685B68102293431A003B681B014F
:1041500010210B401A437B685A60C046BD4602B02E
:1041600080BD80B582B000AF786039607B685B68E5
:10417000202293431A003B685B0120210B401A4325
:104180007B685A60C046BD4602B080BD80B582B033
:1041900000AF78607B685B6840221A437B685A6096
:1041A000C046BD4602B080BD80B582B000AF786029
:1041B0007B685B6880221A437B685A60C046BD46B4
:1041C00002B080BD80B582B000AF78607B685B686C
:1041D000802293431A007B685A60C046BD4602B0F5
:1041E00080BD000080B582B000AF786039607B6828
:1041F0005B68074A1A403B68190280235B000B404A
:104200001A437B685A60C046BD4602B080BDC046B6
:10421000FFFEFFFF80B582B000AF786039607B6839
:104220005B68074A1A403B68590280239B000B4099
:104230001A437B685A60C046BD4602B080BDC04686
:10424000FFFDFFFF80B582B000AF786039607B680A
:104250005B68074A1A403B6899028023DB000B40E9
:104260001A437B685A60C046BD4602B080BDC04656
:10427000FFFBFFFF80B582B000AF786039607B68DC
:104280009B687B683A689A60C046BD4602B080BDB4
:1042900080B582B000AF78607B689B681800BD462F
:1042A00002B080BD80B582B000AF786039607B68B5
:1042B000DB681B0D1A053B681B031B0B1A437B684D
:1042C000DA60C046BD4602B080BD80B582B000AFA6
:1042D00078607B68DB68802252031A437B68DA606F
:1042E000C046BD4602B080BD80B582B000AF7860E8
:1042F00039607B68DB68074A1A403B689905802370
:10430000DB030B401A437B68DA60C046BD4602B04F
:1043100080BDC046FFFFBFFF80B582B000AF7860B0
:1043200039607B68DB68074A1A403B68D9058023FF
:104330001B040B401A437B68DA60C046BD4602B0DE
:1043400080BDC046FFFF7FFF80B582B000AF7860C0
:1043500039607B68DB68074A1A403B68190680238E
:104360005B040B401A437B68DA60C046BD4602B06E
:1043700080BDC046FFFFFFFE80B582B000AF786011
:104380007B68DB68802292041A437B68DA60C0464F
:10439000BD4602B080BD80B582B000AF78607B685A
:1043A000DB688022D2041A437B68DA60C046BD46CF
:1043B00002B080BD80B582B000AF78607B68DB68FA
:1043C0008022D2051A437B68DA60C046BD4602B03F
:1043D00080BD80B582B000AF78607B68DB688022EA
:1043E00012061A437B68DA60C046BD4602B080BD43
:1043F00080B582B000AF7860C023DB055B68074AF8
:10440000134019007B68064A1A40C023DB050A43A3
:104410005A60C046BD4602B080BDC0464F00020093
:10442000B0FFFDFF80B582B000AF7860C023DB0530
:104430009B690822934319007B68DB0008221A401D
:10444000C023DB050A439A61C046BD4602B080BD69
:1044500080B588B000AF786008001100FB1C021C1A
:104460001A70BB1C0A1C1A707B687B61FB1C1B78D2
:10447000012B05D10423BB60BB680233FB6115E04F
:10448000FB1C1B78002B05D10423FB60FB68023367
:10449000FB610BE0FB1C1B78022B05D101233B6168
:1044A0003B690433FB6101E00023FB61FB1C1B78CB
:1044B000012B03D0FB1C1B78022B09D1BB1C1B78E2
:1044C000012B02D19B23BB6113E03D23BB6110E0B4
:1044D000FB1C1B78002B03D0FB1C1B78032B08D183
:1044E000BB1C1B78012B02D19923BB6101E03B234C
:1044F000BB61BA69FB69D3187A69D31A7B617B699E
:104500001800BD4608B080BD80B582B000AF7860AD
:104510007B681800FFF76CFFC046BD4602B080BD47
:1045200080B500AF0120FFF77DFFC046BD4680BDCE
:1045300080B500AFFFF7DCF8C046BD4680BD80B552
:1045400000AFFFF7C7F8C046BD4680BD80B582B05A
:1045500000AF0200FB1D1A70FB1D1B781800FFF74F
:10456000A3F8C046BD4602B080BD000080B582B051
:1045700000AF78607B68034A13401800BD4602B064
:1045800080BDC04630DFC90080B582B000AF786022
:104590007A688023DB0313401800BD4602B080BD5B
:1045A00080B582B000AF786000231800BD4602B02D
:1045B00080BD80B582B000AF78607A688023DB056B
:1045C00013401800BD4602B080BD80B582B000AF78
:1045D00078607A6880239B0413401800BD4602B0BF
:1045E00080BD80B582B000AF78607A6880239B017F
:1045F00013401800BD4602B080BD80B582B000AF48
:1046000078607A688023DB0213401800BD4602B050
:1046100080BD80B582B000AF78607A6880235B028D
:1046200013401800BD4602B080BD80B582B000AF17
:1046300078607A6880239B0313401800BD4602B05F
:1046400080BD80B582B000AF78607A6880239B001F
:1046500013401800BD4602B080BD80B582B000AFE7
:1046600078607A6880231B0113401800BD4602B0B1
:1046700080BD80B582B000AF78607B68DB0FDB0760
:104680001800BD4602B080BD80B582B000AF786032
:104690007A688023DB0413401800BD4602B080BD59
:1046A00080B582B000AF78607B684022134018006C
:1046B000BD4602B080BD80B582B000AF78607A6838
:1046C00080235B0413401800BD4602B080BD80B556
:1046D00082B000AF78607B6800211800FFF717FDFB
:1046E000C046BD4602B080BD80B582B000AF7860E4
:1046F0007B681800FFF766FDC046BD4602B080BD6E
:1047000080B582B000AF78607B6800211800FFF7A9
:10471000D5FCC046BD4602B080BD80B582B000AFBA
:1047200078607B681800FFF7B3FD03001800BD46F2
:1047300002B080BD80B582B000AF78607B68102287
:104740000021180014F088F8C046BD4602B080BDB4
:1047500080B582B000AF78607B6801211800FFF758
:1047600000FDC046BD4602B080BD80B582B000AF3E
:1047700078607B6801211800FFF7DEFCC046BD466B
:1047800002B080BD80B582B000AF78607B68012147
:104790001800FFF7BCFCC046BD4602B080BD80B526
:1047A00082B000AF786039603A687B681100180009
:1047B000FFF760FDC046BD4602B080BD80B582B047
:1047C00000AF78607B681800FFF7EEFCC046BD467E
:1047D00002B080BD80B582B000AF78607B68180001
:1047E000FFF7E8FDC046BD4602B080BD80B582B08F
:1047F00000AF78607B681800FFF7BEFDC046BD467D
:1048000002B080BD80B582B000AF78607B681800D0
:10481000FFF7DFFDC046BD4602B080BD80B582B067
:1048200000AF78607B681800FFF7B5FDC046BD4655
:1048300002B080BD80B582B000AF78607B68012196
:104840001800FFF781FDC046BD4602B080BD80B5AF
:1048500082B000AF78607B6801211800FFF742FC4E
:10486000C046BD4602B080BD80B582B000AF786062
:1048700039603A687B6811001800FFF711FCC046E8
:10488000BD4602B080BD80B582B000AF78607B6865
:1048900000211800FFF7A6FCC046BD4602B080BD4F
:1048A00080B582B000AF78600A00FB1C1A70C04669
:1048B000BD4602B080BD80B582B000AF78607B6835
:1048C00001211800FFF78EFCC046BD4602B080BD36
:1048D00080B582B000AF78607B681800FFF756FCA7
:1048E000C046BD4602B080BD80B582B000AF7860E2
:1048F0007B6801211800FFF7E1FBC046BD4602B00E
:1049000080BD80B582B000AF78607B68012118005F
:10491000FFF780FCC046BD4602B080BD80B582B0C6
:1049200000AF786039603A687B6811001800FFF7C3
:10493000B9FCC046BD4602B080BD80B582B000AFB4
:1049400078607B681800FFF7C0FCC046BD4602B027
:1049500080BD80B582B000AF78607B68012118000F
:10496000FFF7DAFCC046BD4602B080BD80B582B01C
:1049700000AF78607B6801211800FFF7B5FCC046E6
:10498000BD4602B080BD80B582B000AF78607B6864
:1049900001211800FFF756FC7B6801211800FFF782
:1049A00039FCC046BD4602B080BD80B582B000AFC4
:1049B000786039603B681B031B0B1800FEF7A6FEEE
:1049C000C046BD4602B080BD80B582B000AF0200D7
:1049D000FB1D1A70FB1D1B7801211800FFF748F81A
:1049E000C046BD4602B080BD80B582B000AF0200B7
:1049F0003960FB1D1A703B68002B05D0FB1D1B782E
:104A00001800FEF7C1FE04E0FB1D1B781800FEF73E
:104A1000D9FEC046BD4602B080BD80B582B000AFB1
:104A20000200FB1D1A70FB1D1B781800FEF7C0FF6B
:104A3000FB1D1B781800FFF7ADF9C046BD4602B05C
:104A400080BD80B582B000AF0200FB1D1A70FB1D57
:104A50001B781800FEF78CFFFB1D1B781800FFF772
:104A600079F9C046BD4602B080BD80B582B000AFC6
:104A70000200FB1D1A70FB1D1B781800FFF7C8F918
:104A800003001800BD4602B080BD80B582B000AF03
:104A900002003960FB1D1A70FB1D1B781800FFF720
:104AA000ADFA0300DAB23B681A70FB1D1B781800E0
:104AB000FFF7A4FA03001A0A3B680133D2B21A7056
:104AC000FB1D1B781800FFF7D5FA02003B68023384
:104AD000D2B21A70FB1D1B781800FFF7CBFA030047
:104AE0001A0A3B680333D2B21A70FB1D1B781800F8
:104AF000FFF7C0FA03001A0C3B680433D2B21A70F5
:104B0000C046BD4602B080BD80B582B000AF020095
:104B1000FB1D1A70FB1D1B785C225343034A94460D
:104B2000634438331800BD4602B080BDDC0000206D
:104B300080B582B000AF0200FB1D1A70FB1D1B7810
:104B40005C225343034A9446634440331800BD46F5
:104B500002B080BDDC00002080B582B000AF020052
:104B6000FB1D1A70FB1D1B781800FFF70DFA0300E0
:104B7000DBB21800BD4602B080BD80B582B000AF88
:104B80000200FB1D1A70FB1D1B781800FEF774FE57
:104B90000300DBB21800BD4602B080BD80B582B014
:104BA00000AF0200FB1D1A70FB1D1B781800FEF7FA
:104BB000A7FE0300DBB21800BD4602B080BD90B571
:104BC00083B000AF02003960FB1D1A70FB1D1B781B
:104BD0001800FFF76DF802003B681A603B681C681C
:104BE000FB1D1B781800FFF79FF803001B0622002F
:104BF0001A433B681A60FB1D1B781800FFF794F8F6
:104C000002003B680433120A1A60C046BD4603B076
:104C100090BD80B582B000AF0200FB1D1A70FB1D75
:104C20001B781800FEF774FF0300DBB21800BD46C6
:104C300002B080BD80B582B000AF0200FB1D1A70CB
:104C4000FB1D1B781800FEF7FBFE0300DBB218000B
:104C5000BD4602B080BD80B584B000AF0200FB1D30
:104C60001A70FB1D1B781800FFF750F902000F2186
:104C70007B181A707B181B781800BD4604B080BDE5
:104C800080B582B000AF0200FB1D1A70FB1D1B78BF
:104C90005C225343084A944663445C220021180076
:104CA00013F0DAFDFB1D1B7801211800FFF79CFEB5
:104CB000C046BD4602B080BDDC00002080B582B099
:104CC00000AF02003960FB1D1A703A68FB1D1B78AB
:104CD00011001800FFF77EF8C046BD4602B080BD47
:104CE00080B584B000AF02003960FB1D1A703B68CC
:104CF0001B781A003B6801331B781B021343FB60CF
:104D0000FA68FB1D1B7811001800FFF755F93B6886
:104D100002331B781A003B6803331B781B021A43CB
:104D20003B6804331B781B041343FB60FA68FB1DCC
:104D30001B7811001800FFF779F9C046BD4604B092
:104D400080BD80B582B000AF02003960FB1D1A70D3
:104D50003A68FB1D1B7811001800FFF76DF8C0467C
:104D6000BD4602B080BD80B582B000AF0200FB1D21
:104D70001A70BB1D0A1C1A70BB1D1A78FB1D1B780C
:104D800011001800FFF77CF8C046BD4602B080BD98
:104D900080B582B000AF0200FB1D1A70BB1D0A1C5B
:104DA0001A70BB1D1A78FB1D1B7811001800FFF745
:104DB000C3F8C046BD4602B080BD80B582B000AF2A
:104DC0000200FB1D1A70BB1D0A1C1A70BB1D1A784D
:104DD000FB1D1B7811001800FEF76AFDC046BD469A
:104DE00002B080BD80B584B000AF02003960FB1D09
:104DF0001A703B681A68FB1D1B7811001800FEF73B
:104E000033FF3B6804331B681A023B681B681B0EA8
:104E10001343FB60FA68FB1D1B7811001800FEF7B6
:104E20005FFFC046BD4604B080BD80B584B000AF12
:104E30000200FB1D1A70FB1D1B781800FEF774FFA3
:104E4000020080231B021343FB60FA68FB1D1B78E2
:104E500011001800FEF744FFC046BD4604B080BDF7
:104E600080B582B000AF0200FB1D1A70FB1D1B78DD
:104E70001800FEF7E3FCC046BD4602B080BD80B519
:104E800082B000AF02003960FB1D1A703A68FB1D4A
:104E90001B7811001800FEF771FEC046BD4602B037
:104EA00080BD80B582B000AF0200FB1D1A70BB1D33
:104EB0000A1C1A70BB1D1A78FB1D1B781100180004
:104EC000FEF7FEFDC046BD4602B080BD80B582B093
:104ED00000AF02003960FB1D1A703B681A68FB1DA9
:104EE0001B7811001800FEF767FE3B6804331A6850
:104EF000FB1D1B7811001800FEF77CFEC046BD4666
:104F000002B080BD80B584B000AF0200FB1D1A70F6
:104F1000FB1D1B781800FEF791FE0300802213434F
:104F2000FB60FA68FB1D1B7811001800FEF762FE9B
:104F3000C046BD4604B080BD80B582B000AF02005F
:104F4000FB1D1A70FB1D1B781800FEF759FCC046AC
:104F5000BD4602B080BD80B582B000AF02003960AE
:104F6000FB1D1A703A68FB1D1B7811001800FEF734
:104F7000E7FDC046BD4602B080BD80B582B000AF3F
:104F80000200FB1D1A70BB1D0A1C1A70BB1D1A788B
:104F9000FB1D1B7811001800FEF72AFDC046BD4618
:104FA00002B080BD80B582B000AF0200FB1D1A7058
:104FB000BB1D0A1C1A70BB1D1A78FB1D1B78110043
:104FC0001800FEF77FFFC046BD4602B080BD80B529
:104FD00082B000AF0200FB1D1A70BB1D0A1C1A70C4
:104FE000BB1D1A78FB1D1B7811001800FEF7A8FBEB
:104FF000C046BD4602B080BD80B582B000AF0200A1
:10500000FB1D1A70FB1D1B781800FEF791FCC046B3
:10501000BD4602B080BD80B582B000AF0200FB1D6E
:105020001A70FB1D1B78042B01D19D2300E0122375
:105030001800BD4602B080BD80B582B000AF02004E
:10504000FB1D1A70C046BD4602B080BD80B582B05F
:1050500000AF0200FB1D1A70C046BD4602B080BD05
:1050600080B500AFC046BD4680BD000080B590B0A1
:1050700000AF7860754B1B68BB62744B1B687A6825
:105080001A40724B1A60724B1B68BB63714B1B68F2
:105090007B63714B1B683B63704B1B68FB6290E04A
:1050A0000023FB6302E0FB6B0133FB636C4BFA6B89
:1050B000D200D3583A6B1A40644B1B681340F2D0AD
:1050C000674BFA6BD200D3583A6B1A405F4B1B68A0
:1050D00013407B62624AFB6BDB00D31804331B680E
:1050E0007A6A134007D15E4AFB6BDB00D3180433A6
:1050F000012252421A605A4AFB6BDB00D318043378
:105100001B687A6A1340180000F07CF903001A004B
:10511000544B1A60524AFB6BDB00D31804331A68F5
:10512000504B1B68012199400B00DB431A404C494E
:10513000FB6BDB00CB1804331A60EFF31083BB6109
:10514000BB693B6272B6C046464B1B6801229A405F
:105150001300DA433E4B1B681A403D4B1A60022392
:10516000FB6313E0FB6B5A1E3D4BD200D1583D4B05
:105170001B6801229A401300DB43FA6B013A194085
:10518000374BD200D150FB6B013BFB63FB6B002B19
:10519000E8D13B6A7B617B6983F31088C046314B61
:1051A0001A68314B9200D3589847294B1B68BB6350
:1051B000284B1B687B63284B1B683B63274B1B6892
:1051C000FB62BB6B3A6B1A40204B1B68134004D048
:1051D0007B6BFA6A134000D162E7224B01225242F4
:1051E0001A601E4B1B687A6B134027D1F2F794FAB2
:1051F000EFF310833B613B69FB6172B6C046144B11
:105200001B68BB63134B1B687B63134B1B683B63BF
:10521000BB6B3A6B1A400D4B1B68134006D10F4B0A
:105220001B687A6B134001D1F2F77BFAFB69FB60D4
:10523000FB6883F31088C04600F0DEF8034BBA6ABF
:105240001A60C046BD4610B080BDC046A8280020E8
:10525000782300207C230020A42800208023002025
:1052600008240020842300208823002080B588B0F3
:1052700000AFF860B9607A60EFF310837B617B69FF
:10528000FB6172B6C046FB68180000F0BBF8030073
:105290001A00074B92007968D150FB69BB61BB696A
:1052A00083F31088C046C046BD4608B080BDC046E6
:1052B0008823002080B586B000AF78603960EFF3B6
:1052C0001083FB60FB687B6172B6C0460D4B1A68A9
:1052D0007B681A430B4B1A600B4B3A68D200D258CA
:1052E0007B681A431100084B3A68D200D1507B69A1
:1052F0003B613B6983F31088C046C046BD4606B09B
:1053000080BDC046782300200824002080B586B0E8
:1053100000AF7860EFF31083FB60FB687B6172B6CF
:10532000C046084B1A687B681A43064B1A607B69B3
:105330003B613B6983F31088C046C046BD4606B05A
:1053400080BDC0467C23002080B588B000AF786067
:105350001F4B1B68BB611E4B1B68013302D100232E
:10536000FB6105E01A4B1B6801229A401300FB61A8
:10537000184B1B687B61174B7A681A6005E07A68E6
:10538000FB691100180000F029F8134B1B687A68BC
:105390001340F4D00E4BBA691A60EFF31083BB6070
:1053A000BB683B6172B6C0467B68DA430A4B1B6838
:1053B0001A40094B1A603B69FB60FB6883F3108855
:1053C000C046044B7A691A60C046BD4608B080BD2D
:1053D00084230020802300207C23002080B582B01D
:1053E00000AF786039607B68DB431800FFF73EFE52
:1053F000C046BD4602B080BD80B500AFC046BD46C8
:1054000080BD000080B584B000AF78600F217B18AC
:1054100000221A707B68BB60BA6880235B029A42E4
:1054200005D27B1810221A70BB681B04BB60BA68D7
:1054300080235B049A4208D20F22BB18BA18127854
:1054400008321A70BB681B02BB60BA6880235B0518
:105450009A4208D20F22BB18BA18127804321A7076
:10546000BB681B01BB60BB681B0F084AD15C0F20E7
:105470003B183A1812788A181A703B181B781F22AA
:10548000D31ADBB21800BD4604B080BD60A506107B
:1054900080B5022801D9122080BD01F017FC80BD23
:1054A00080B501F0E9FD80BDB0B504460078002864
:1054B00001D0042801D3122000E000201225002A88
:1054C0002A4600D00246012900D81546002D07D1F2
:1054D00007F0B1F9002803D12078FD2101402170A7
:1054E0002846B0BDE0B501A9087001220846114662
:1054F000FFF7DAFF002800D08CBD01A8007801F08A
:10550000D1FD8CBD1FB51C4608460A990391099927
:1055100002910899019107990091069B1146224634
:1055200001F0A0FE04B010BD80B51946104602F08F
:105530000DF880BD80B501F005FF80BDF0B593B0DA
:105540001F4615460E4612901C9C084611462246E0
:1055500001F05AFE002824D122980D901FAB0DCBEC
:1055600011901E980F901D980E901B980C901A99F0
:1055700019981097189F089209930D9A0A9200970C
:10558000019002910C98039004940E9805900F9846
:10559000069011980790129831462A46109BFFF703
:1055A000B1FF13B0F0BD80B5FFF7BEFF80BD80B581
:1055B000FFF7C0FF80BD80B5042801D9122080BD4F
:1055C0000DF026FB80BD0000F0B589B00546084609
:1055D00028431224012836D80E9F072F33D3102FCB
:1055E00031D80F9810282ED8B8422CD30E461099D7
:1055F000022928D801910290039304920DF081FDB5
:10560000012806D1049902291DD8039A012A07D935
:1056100019E0039A10460499084301D0112412E0BE
:1056200005AC019820730948E080029860712771E9
:10563000E270A1706670257001F0FEFC6073204678
:105640000DF01CFB0446204609B0F0BD0707000022
:1056500080B5044A914201D9122080BD0DF038FB7B
:1056600080BDC0463F420F0080B504F037FA80BDD0
:1056700080B504F071FC80BD80B504F0DFFA80BD18
:1056800080B504F073FC80BD1CB5059C0194049C9E
:10569000009404F059FC00201CBD0020704700005D
:1056A000F0B587B014460D46064669480068002EDE
:1056B00001D1062D17D0062E01D1022D13D0082EB0
:1056C00001D1102D0FD0182E01D1102D0BD0282E66
:1056D00001D1022D07D02A2E01D1022D03D02C2E6C
:1056E00009D1012D07D1801921462A46FDF7B0FEC8
:1056F000002007B0F0BD2E2E07D1062D05D161790F
:1057000089090329EFD21220F3E7D02E05D1012D0C
:1057100003D12078FAF7DFF9EBE7D22E05D1012D7E
:1057200003D1217836228154E2E7D52E0AD1042D07
:1057300008D102A804222146FDF78AFE0298FAF752
:10574000BDF9D6E704F020FE082D23D1D12E21D1BA
:1057500001281FD102A8019002263F4D2146324662
:10576000A847A11C06AF38463246A847211D05AD03
:1057700028463246384B9847A11D04AC2046324695
:10578000354B984723882A883988019800880BF080
:105790006DFAAEE7302E05D1012D03D12078FAF74E
:1057A000BAF9A6E7D32E05D1012D03D120780BF04D
:1057B0006BF99EE7FF2E0AD1042D08D102A804221E
:1057C0002146FDF745FE0298FFF767FF0CE0FE2E2D
:1057D0000DD1052D0BD102AD052228462146FDF73E
:1057E00037FE284600F078FB002881D18BE72F2E6A
:1057F00005D1012D03D1207807F05CF879E7322E2E
:1058000012D1022D10D102AD022228462146FDF709
:105810001FFE2888411EC908E02900D973E70D49F9
:1058200009685A22885263E71220332E00D060E7BD
:10583000012D00D05DE702AD012228462146FDF78B
:1058400007FE287801F0D8FC287806F0FBFF4FE728
:105850001C240020242400205134051080B5FFF7BB
:105860001FFF80BD80B500F001F880BDF8B50E4681
:1058700005461224FDF790FEB04217D3012D15D82E
:105880000B480068817A00918572477A46722846F3
:10589000FDF792FE0024B74202D10098A84205D03D
:1058A000FF207F2201210B4609F05EFA2046F8BD59
:1058B0007024002080B50448006860300021042274
:1058C000FDF7D6FD80BDC0467024002070B50346AC
:1058D0000A480468EFF3108072B6207D0025257514
:1058E000257C0F262E401E70237C1B090B70E1685F
:1058F0001160411E884162B670BDC0467024002010
:105900000348006800210175418201747047C04658
:105910007024002010B586B01548046802A801A9BB
:105920006A46FFF7D3FF00281FD002A80178608ADB
:10593000C840C00719D0019A009B03A808248470AE
:105940001C0EC4721C0C84721C0A44720372C27155
:105950008171FF2141708221017000214171042277
:105960000271C1700C21F9F741FF06B010BDC046AD
:1059700070240020BFB501AC089D2581E380A28082
:1059800061802080204604F00BFD04B0B0BD000013
:10599000034800688821034A425000207047C046EF
:1059A0007024002000000303054800688821415C42
:1059B00088308078814201D80020704701207047EC
:1059C00070240020054800688921415C8930807876
:1059D000814201D8002070470120704770240020C8
:1059E00010B504460A480068006990210122134658
:1059F00000F07AFA002804D001464460902000F0BC
:105A000010FB044800688821425C521C425410BDBF
:105A1000202400207024002010B50446007AF721CD
:105A2000014021720A480068006990210022012388
:105A300000F05AFA002804D001464460902000F09B
:105A4000F0FA044800688921425C521C425410BD9F
:105A5000202400207024002010B50024C46106F02A
:105A60000FFC842800D08124204610BDB0B5096801
:105A700083240022002912D0CD690024CC61087A49
:105A8000C00603D4002004F087FF02E0084604F0BB
:105A9000ABFA012200282946ECD083240CE0D00781
:105AA0000AD0EFF3108072B6044800688921425C86
:105AB000521E425462B60024E0B2B0BD70240020F1
:105AC00080B50E4800682C22805CC007086802D1AF
:105AD00004F0D4FE01E004F053FA002801D0832042
:105AE00080BDEFF3108072B6054800688821425CE3
:105AF000521E425462B6002080BDC0461C240020C5
:105B00007024002070B50B4C012504222046294644
:105B10000BF04CFF084E30600622204629460BF061
:105B200045FF31680860306801680020888048803F
:105B3000087070BD8024002018240020B0B50D46E8
:105B40000446411E8841511E1F220A43213291B250
:105B50000BF00AFE002806D0858001688160002CC9
:105B600003D1402103E00020B0BD7F21C943017370
:105B7000001DB0BD80B5411E88410BF05DFE80BDAB
:105B800080B5017A8A0901219143001F0BF026FE9E
:105B900080BD80B50A46017A8B090121994340688E
:105BA0000BF05EFE80BD10B514460A4640681946EB
:105BB00023460CF02FF810BD10B514460A46406875
:105BC000194623460BF0EDFF10BDE0B5022201ABF4
:105BD000FFF7F2FF002801D0002004E001A80178BF
:105BE00040780002401880B28CBDE0B501AB1A705D
:105BF000120A5A70022200F001F88CBD10B514464A
:105C00000A464068194623460BF091FF10BD011F5C
:105C100000220A6040687047F8B50F4800680568C0
:105C20002878411C29700D4F398A25314E09741C82
:105C3000002809D1002021460BF04EFE388A25307D
:105C40004009401C6880B41C012021460BF044FE32
:105C5000A8880019A880F8BD1824002084240020FA
:105C6000F8B50E48006806683078401E30700C4960
:105C7000098A25314F097C1C000606D100252846DB
:105C800021460BF07DFE7580BC1C012021460BF0E7
:105C900077FEB088001BB080F8BDC04618240020F5
:105CA0008424002080B50DF035FC80BDF0B58FB0A8
:105CB00009930B920A9108900BF072FE012438218F
:105CC00020460BF085FE3349C97A34228154324E86
:105CD0003060002707703068477030688770306820
:105CE000E121C1700520C00131688880302008851D
:105CF0000EAD0DA90CAA2846FDF7DBFB0C9800029F
:105D00002978090101430D9800030843001D3168FB
:105D10004885182120460BF05BFE20490860077576
:105D20000DF0EEFB1C9806901B9C05941A980490AD
:105D3000199803901898029017980190159D009556
:105D400008980A990B9A099BF9F79BFFF9F7AEFEA1
:105D50001D9F012C01D1F9F721FE00F08BF9012FD5
:105D600001D100F0BBF830682C21405CC0070ED197
:105D7000012C06D11698F9F7BEFEF9F7DEFFF9F708
:105D8000E3FF0A980B992A46234600F003FF0FB061
:105D9000F0BDC046842400201C240020C424002020
:105DA000F0B595B00120810414912E480160BFF335
:105DB0004F8FBFF36F8FFEF7BBFBFDF755FC002045
:105DC0001290C043FEF7A0FB04F0DEFA1390F9F73F
:105DD000D5FD11900AF064FE109006F02CFD0F9096
:105DE0000DF08FF904F0D6FA0E9004F099FC0D90A6
:105DF00006F018FD0C9006F017FD0B9004F068FA01
:105E0000044604F0C3FA0546F9F7C0FD064604F05F
:105E10006AF9074600F065F8C0B2F9B20891099036
:105E2000F0B2E9B2E2B20B9BDBB20C9CE4B20D9D86
:105E3000EDB20E9EF6B2129F009701960295039462
:105E400004930592069107901398C0B21199C9B2B4
:105E50000F9AD3B2109AFFF729FF034814990160F3
:105E600015B0F0BD80E100E000E100E0B0B505460E
:105E7000C07A1224802829D8298C172926D31448BF
:105E8000821D914222D8298A17291FD381421DD809
:105E9000A87E00281AD006F0C7FC002808D0E87EAB
:105EA000002813D0802811D8287F401E0E280DD836
:105EB000084834222946FDF7CBFA0BF023FF0028CF
:105EC00003D4FFF76DFF002400E087242046B0BD17
:105ED000FA030000842400200020704770477047B8
:105EE0007047002070470000FEB515460C46064678
:105EF000080614D402AA01AF304619463B4600F00A
:105F000053F8002821D0600638D402988178FC220A
:105F10000A40827001990180718001272FE0EFF320
:105F2000108072B602AA01AF304619463B4600F017
:105F30003BF800280BD002998A78FC2313408B7021
:105F4000019A0A807280012702E0002703E00027FF
:105F500062B6002813D1EFF3108072B6A0060AD4FF
:105F600010480068016808220A43026000200DF012
:105F700005FBFCF786FC62B600260AE00027029EBD
:105F8000F570A00060210140B07803220240501853
:105F9000B070002F04D000200DF0F0FAFCF771FC77
:105FA0003046FEBD20240020F8B500924588AC089C
:105FB0001C80491C8AB2A6188788BE4200D9091BDA
:105FC0000A199200BE4200D96D1C032635405219B1
:105FD0001A80A3001B180833009C236092B2058826
:105FE000521B174637408488674335405219920840
:105FF000D21995B2C688B54200D9C280A5420AD846
:1060000009B2002907D59978FC220A40511C9970E1
:10601000083000990860A54201D90020F8BD012090
:10602000F8BD80B5400605D48878FC220240901C5B
:10603000887080BD084600F001F880BD80B5011D64
:10604000C278142A04D8426880788008904780BDBE
:106050003D2A03D8002000F0E9F880BD3F2A03D88C
:10606000002000F0F5F880BD602A02D8002000F082
:10607000E4F880BDF8B501201C21294A9047294F3A
:106080003860294DA88D401E03263043401C8008EF
:10609000C01C04242146224A904739684860E88D94
:1060A000401E3043401C8008C01C21461C4DA847A0
:1060B0002A46396888601C4D288E401E3043401C9B
:1060C0008008C01C214690473968C860FFF718FC5B
:1060D0003868426800211180518083681980D1801E
:1060E000AF8D7F1E37437F1CBF0897805980D980B2
:1060F000EF8D7F1E37437F1CBF089F80C7683980A4
:1061000002614361F9802A8E521E3243521C92086A
:10611000BA80798087612246FDF7AAF9F8BDC046AA
:10612000D11906102024002084240020FEB53D4D06
:10613000286810300021062905D004C8528801AB18
:106140005A52891CF7E7EFF3108072B6286804688A
:106150000027076062B6E00702D0002000F04AFC8A
:10616000A00702D5012000F045FC600702D50220FF
:1061700000F040FC200702D5032000F03BFCE006C5
:106180004AD5042000F036FC46E0780001A90E5AFA
:106190000097BF002868C019006901880288B242D0
:1061A0002AD08908891C89004418A17803220A4052
:1061B000012A02D0002A03D11EE0817A0830044669
:1061C000480603D42046FFF739FF0AE0E078132899
:1061D00007D2800014490A58211D20469047002804
:1061E00005D12868C019006921880180D5E7002001
:1061F0000DF0C4F9FCF745FBEFF3108072B6286888
:10620000C019006941880288914202D100210180B1
:10621000418062B6009F7F1C032FB6D1FFF77AFB47
:10622000FEBDC0462024002070A5061080B508469B
:106230008978C91CF9F7DAFA80BD80B508468978F3
:10624000C27812025118091D89B2F9F7CFFA80BD40
:1062500080B50846C978027912025118491D89B2E1
:10626000F9F7C4FA80BD0000B0B50D4604460879C0
:1062700049790902081801F03FFB28796979090278
:1062800008180CF0FFFE287969790902081804F053
:106290001BFD00F0BAFE2879697909020818FFF79A
:1062A000DFFC084800683621405CC00601D40020AD
:1062B000B0BD1520E070A078BF210140A1708420FE
:1062C000B0BDC0467024002010B5044608794A7954
:1062D00012021218C97806200CF05AFE074800680E
:1062E00036214056002801D4002010BD1620E07051
:1062F000A078BF210140A170842010BD702400202F
:1063000010B5044608794A7912021218C978072094
:106310000CF03EFE074800683B214056002801D49F
:10632000002010BD1720E070A078BF210140A170AF
:10633000842010BD70240020B0B50D4604460879B5
:1063400000281DD16879A97909020818FFF764FCB3
:106350006879A979090208182A7AE9792B4609335C
:106360000CF0D4FC6879A9790902081801F0A4FAA4
:106370006879A97909020818E97904F095FC287967
:106380006979AA7912025118EA7900F03FFE0948AA
:1063900001683D200A5C002092060AD53D31497A09
:1063A000C90706D01820E070A078BF210140A17075
:1063B0008420B0BD70240020FEB50D460446087947
:1063C000002823D16879A97909020818FFF724FC6D
:1063D0002A7AE9796879AB792E4615362F460F3738
:1063E000009701961B0218182B4609330CF028FD64
:1063F0006879A9790902081801F05EFA6879A97923
:1064000009020818E97904F04FFC28796979AA791A
:1064100012025118EA7900F0F9FD094801683D209F
:106420000A5C002092060AD53D31897A890706D593
:106430001C20E070A078BF210140A1708420FEBD27
:106440007024002070B50446144D28683626805DFF
:1064500000280ED108794A79120210188A7BCB7B6A
:106460001B029A18891D0CF013FD2868805D002816
:1064700012D00B4801683D200A5C002092060AD524
:106480003D31497AC90606D51920E070A078BF21B0
:106490000140A170842070BD002070BD1C2400202C
:1064A0007024002010B504460879491D0CF02BFE1D
:1064B0000A4801683D200A5C0020920604D53D315F
:1064C00009228956002900D410BD1A20E070A07856
:1064D000BF210140A170842010BDC046702400205F
:1064E00010B504460879491D0CF00EFE09480168F4
:1064F0003D200A5C002092060AD53D31897AC90701
:1065000006D01B20E070A078BF210140A17084203C
:1065100010BDC04670240020002070470020704746
:106520000020704700207047002070470171002351
:10653000C370090A4171117881715178937803729F
:10654000C171D17812798272417270470022027152
:106550000122C27041700270090A8170704710B543
:106560001378837153788C1E0472C3710930911CA7
:10657000E2B2FCF76DFF10BDF0B585B01746039190
:1065800004465068407A04900621164D1046A847EC
:10659000029008213846A84701900A213846A847AA
:1065A00006460C213846A8472A4605460E2138469D
:1065B00090476074290A2174E573310AA1736673E8
:1065C000019A110A2173E272029A110AA17262728F
:1065D000039A110AE171A27104992172000AA07450
:1065E00005B0F0BDCB5B05101CB51F2903D801AA6F
:1065F0001180406805E0406801AC22460BF087FA44
:106600002188401800791CBDF8B515460E46044691
:106610005068407A009006211046FFF7D6FA0746E8
:1066200008212846FFF7D1FAB91EE1726072009A7C
:106630002272320AE271A671000AA072CAB2A88957
:106640000C34801D81B228462346FFF7B5FAF8BD09
:1066500070B51C4605465E88100AE870AA70080AE4
:10666000687029709889401C81B21846FFF7BCFFFA
:10667000B11E0A0AAA7169712871A089EB1D8AB23C
:10668000801C81B22046FFF797FA70BDB0B51C465A
:106690005B88150AC57082700A0A42700170591E23
:1066A0008A080271A589431D8AB2681C81B22046FE
:1066B000FFF782FAB0BD70B51C4605465E88100A29
:1066C000E870AA70080A687029709889401C81B225
:1066D0001846FFF789FFB11E0A0AAA71697128716D
:1066E000A089EB1D8AB2801C81B22046FFF764FAB4
:1066F00070BDB0B51C465B88150AC57082700A0A69
:1067000042700170591E01710A0A4271A589831DE8
:106710008AB2681C81B22046FFF74EFAB0BDB0B510
:106720001C465B88150AC57082700A0A42700170A7
:10673000591E01710A0A4271A589831D8AB2681C1B
:1067400081B22046FFF738FAB0BDB0B51C465B8871
:10675000150AC57082700A0A42700170591E0171D3
:106760000A0A4271A589831D8AB2681C81B220463B
:10677000FFF722FAB0BD70B51C4605465E88100AC8
:10678000E870AA70080A687029709889401C81B264
:106790001846FFF729FFB11E0A0AAA71697128710C
:1067A000A089EB1D8AB2801C81B22046FFF704FA53
:1067B00070BDFEB51C4617460291054658880190EB
:1067C0009889401C81B21846FFF7FFF90646A08958
:1067D000C01C81B22046FFF7F8F90199491F0A0A47
:1067E0006A722972A871320A6A712E713A0AEA70C5
:1067F000AF70029B1A0A6A702B70000AE871A089B8
:106800000A358AB2401D81B220462B46FFF7D4F9E3
:10681000FEBDF8B51C4617460E4605465888009042
:106820009889401C81B21846FFF7CFF90099C91E1C
:106830000A0AEA71A97128713A0AEA70AF70320A3D
:106840006A702E70000A6871A08908358AB2C01C6F
:1068500081B220462B46FFF7AFF9F8BDF8B51C46CC
:1068600017460E460546588800909889401C81B20C
:106870001846FFF7AAF90099C91E0A0AEA71A97118
:1068800028713A0AEA70AF70320A6A702E70000AF4
:106890006871A08908358AB2C01C81B220462B4697
:1068A000FFF78AF9F8BD7CB51D4604460272817176
:1068B000100A6072080AE071079EB089C01881B2A0
:1068C000022201AB3046FFF777F90698801E20734D
:1068D0000199A172090AE172B1896918891C89B20A
:1068E0000D34C2B230462346FFF766F97CBDB0B521
:1068F00015460446059AC271049860712371A5700B
:106900002170130A2372000AA071280AE070080A95
:106910006070069881890934C91C89B22346FFF743
:106920004BF9B0BD70B515460446059A027204983D
:10693000A0712371A5702170160A6672000AE071B9
:10694000180A6071280AE070080A60700698818948
:106950000A34491D89B22346FFF72EF970BDB0B540
:106960001C465B88150AC57082700A0A4270017065
:10697000591E01710A0A4271A589831D8AB2681CD9
:1069800081B22046FFF718F9B0BDB0B51C465B8850
:10699000150AC57082700A0A42700170591E017191
:1069A0000A0A4271A589831D8AB2681C81B22046F9
:1069B000FFF702F9B0BDB0B51446049AC270417039
:1069C000150A05710F252D020D40A107890C4919E3
:1069D0009B03C918090A8170431D05980021FFF720
:1069E000EBF8B0BD017000228270090A4170704757
:1069F00000207047E0B501AAD070012090701020EF
:106A00005070042111701046F8F7F0FE8CBD002084
:106A100070470020704700001CB511480468FFF75C
:106A2000F8FF882807D00C2805D05D34002808D14D
:106A3000022060701CBD05200CF0A0FDFBF721FFBB
:106A40001CBD0020607020787F210140217001A9C9
:106A50008620487080200870022000F0BFF91CBD1D
:106A60002424002070477047074909685D228A5C2A
:106A700088231A4204D0723109884140080501D0A8
:106A800000207047012070472424002080B5406911
:106A900001490CF0AAFE80BD9D6A051080B5022850
:106AA00007D0012809D0002806D10020F8F719FFE7
:106AB00080BD0020FFF7D7FF80BD002000F002F866
:106AC00080BD0000F0B587B03148046806A9049184
:106AD00000200190087005AE0120307000F050F9E0
:106AE0005D200394275C781E3D4685412020384078
:106AF0004442029044410498314600F051FD002F79
:106B000001D101283ED12C4038D105A800780028B9
:106B100034D0039C20465D30C07B002834D028341C
:106B2000029D002D03D021780020FFF770FF06A8FA
:106B30000078012802D1002000F0F6FC00F0FCFAF9
:106B4000002804D10020012100F0CEFA0190002D90
:106B50000AD021780120FFF75AFF002804D00198BD
:106B6000002801D000F02CFA06A80078012809D1ED
:106B700006200CF003FDFBF784FE03E00120014634
:106B800000F0B2FA07B0F0BD00200121F8E7C046DE
:106B900024240020FEB51F460192029105460124DF
:106BA000782120460AF014FFE12189005A228152FF
:106BB000244E3060012D17D1012006210AF008FF74
:106BC000014630688163012F0ED101250E2728462A
:106BD00039460AF0FDFE3168C864284639460AF095
:106BE000F7FE014630680165029901290BD1019831
:106BF000012805D11C2001210AF0EAFE3168C86293
:106C00001148847E01E00021C162142120460AF06F
:106C1000DFFE316848650D4C0421012220460AF050
:106C2000C5FE3168086203250222204629460AF083
:106C3000BDFE31684862064A0723084629460CF023
:106C4000FBFCFEBD2424002084240020802400209E
:106C50008D6A0510B0B50446002108252A46FCF7C8
:106C600007FC2078DF21014321706078092101436E
:106C70006170A1782943A170114909685C22895C7F
:106C8000890602D50F210843607009F009FF012829
:106C900007D16078122101436170A0780721014378
:106CA000A17005F0BFFDC0B2012807D16078E021D6
:106CB00001436170A07880210143A170B0BDC0463E
:106CC0002424002080B509F0EBFE80BDF0B585B02E
:106CD000054604A8002707701224012901D920467F
:106CE00048E00E462448006800900CF085FF00281C
:106CF00040D100995C310878C00711D1C878304381
:106D00000E46C87003A807210170002D12D0022D75
:106D100008D0012D20462DD104A81021017009E0D2
:106D20000C2027E004A82021017003A900F0A2F99B
:106D300000281FD100F0D6F900281BD10098603040
:106D400000F0CCF9002815D10498012131740843D2
:106D5000307000F015F801AC2046FFF77BFF2046AD
:106D600003F024FAF843019004480290204603F00F
:106D70000DFA384605B0F0BD24240020FF9F002006
:106D8000064800685C21415C8906890F04D05C30AC
:106D9000C17802220A43C2707047C04624240020F2
:106DA000B0B55C2806D10C4804685D3400256057F6
:106DB000002800D4B0BD60780228FBD15570802037
:106DC0001070C8B2114600F009F8657020787F2174
:106DD00001402170B0BDC04624240020F8B5002930
:106DE00016D00E46054609780024C80720461FD154
:106DF00088070FD448070FD408070FD4C8060FD44C
:106E000088060FD448060FD408060FD507200FE0D8
:106E100012243CE001200BE0022009E0032007E0FF
:106E2000042005E0052003E0062001E00020C04327
:106E30003070184800684E214056002827D5164863
:106E40002818032101430D31880883B213480068D4
:106E5000806902214722FFF747F8002816D007462D
:106E6000001D29463246FFF77AFB0420787207207E
:106E70003872E81C010AF971B871FF20787182201C
:106E8000387102203946FFF7CCF800E0072420468D
:106E9000F8BDC04670240020FDFF03002024002020
:106EA000BCB511480068446D09F0FAFD002802D015
:106EB0000E48807E00E00120C5B21134002D11D0B3
:106EC000207800280BD020460F380078800706D5A0
:106ED00060786A46107000200121FEF72BFB143405
:106EE0006D1EEBE7BCBDC046242400208424002096
:106EF000F8B5044668460025057009F0D1FD002864
:106F000005D06D462046294600F0FEF92D7809F09F
:106F1000C7FD002802D02648837E00E00123142606
:106F20007543244F3868416D4C19A57802222A40D8
:106F300002D0A41C002525701131DBB2002B0AD031
:106F40000C78002C04D00C460F3C2478A40726D4DF
:106F50005B1E1431F2E7002A21D0002421460CF0F8
:106F600080FB154800684E21405CC00717D01348CD
:106F7000006880694422022529462B46FEF7B4FFAB
:106F800000280CD001468571C4710472FF2048713D
:106F900082200871042048722846FFF742F86846AC
:106FA000007846433868406D801900214174F8BD6F
:106FB0008424002024240020702400202024002089
:106FC0007CB50D4C25685C20285C8006800F12D0B3
:106FD0005C35E878022630400DD101A8694600F002
:106FE000DFFA6978014306D1E8783043E870206819
:106FF00001210CF036FB7CBD2424002080B500204C
:10700000FFF776FFFFF7DCFF80BD704780B5002AF1
:1070100003D00846FFF7F2FF80BDFFF723FD80BDD8
:10702000044800685C21415C30200840411E8841D2
:107030007047C04624240020034800685F21415C5B
:10704000012008407047C0462424002008480068FA
:107050005C21415CCA0606D4890606D45C30C1783E
:107060000120084070470120704703207047C04648
:10707000242400201220704780B504F017FD80BD45
:1070800080B5C00701D1002080BD0846114603F03D
:1070900066F980BD80B5C00701D1002080BD03F036
:1070A0005AF980BD70B594B00446FFF7F3FF064669
:1070B0006D463E3568460BF0D3F800280BD1002E04
:1070C00009D1684640780121014020462A46FFF751
:1070D000D7FF0646EEE7F0B214B070BD80B503F0FE
:1070E00051F880BD00207047B0B5024610480068D6
:1070F00005465A35002908D1A97889060024890F48
:1071000014D0697902230B4010D0002A01D0094B1A
:1071100003E07D21C9002B884B43012421462246F0
:107120000CF0D5FA6879FD21014069712046B0BDA7
:107130002424002030750000BCB50D4D28685F2167
:10714000405C800701D40C240FE06C4620460BF015
:1071500097F92046FFF7C2FF0446002805D12868AA
:10716000663069460622FCF773F92046BCBDC0466E
:1071700024240020B0B50D4604460F4800685C2169
:10718000405C8006800F05D001202870204600F06A
:1071900015F80EE0FFF75AFF002805D001202870EF
:1071A000204600F01FF804E000202870204600F080
:1071B0000FF80020B0BDC0462424002080B503494C
:1071C000096866310622FCF743F980BD24240020BB
:1071D00080B5034909680622FCF73AF980BDC0462C
:1071E0001C24002080B50349096860310622FCF7A1
:1071F0002FF980BD24240020024909686C2288549C
:107200007047C04624240020431E022B09D30028C7
:107210000CD0032809D10120014049421220084026
:107220007047002A01D110467047122070470000B5
:107230000146103905290AD80020C0467944097949
:1072400049008F4402080A09080C032070471D28D2
:1072500001D10120704705207047022070470420AB
:1072600070470000F0B58BB015460F460146FA0690
:107270001220002A3FD51C4601239A0395423AD892
:10728000944238D80A93139809901298089011984C
:1072900006901098079019480068466D00200490E9
:1072A00070703170FFF7D2FE05903846FFF7C0FFCF
:1072B00002467078202101437170042A08D81721F2
:1072C000D140C90704D051B20DA3595C0843707076
:1072D00006980090089801900798029009980390EA
:1072E000A8B2A1B2059B02F08DFE00280A9902D136
:1072F0000498B07431740BB0F0BDC0462424002053
:10730000287028703000000070B502460B48847E5B
:107310000B480068456D1035002003469C4208D09C
:107320002E78002E08D0AE78964204D014355B1C1F
:10733000F4E7234600E001200B7070BD8424002098
:1073400024240020F8B5044619480068476D002C35
:107350000DD0387C002823D00020014600F02AF808
:107360000546002822D1FFF7E7FE064600E00C267E
:10737000204602F0A7FE0546002817D1002520462A
:1073800029462A4600F070F8002C0BD001207874B2
:10739000002E0BD1002528462946FFF7A5FE05E063
:1073A000D32503E000257D74FFF70AFE2846F8BDCB
:1073B00024240020F8B5284A927E12258A4225D935
:1073C000002800D1014614224A4324480068436D36
:1073D00099184C78A006C60F0020002E02D0102766
:1073E000274014D1002E02D1082634400FD19E5CD4
:1073F0004C688889214600F0BBF81949884208D0BA
:107400000019817848070BD4D42000E02846C0B288
:10741000F8BD032E2846FAD8F1001248C840F6E716
:10742000032E2846F3D8C0467E4436797600B7440A
:1074300001060D010320014005D10846E7E70320BE
:107440000140012906D02B20C043E0E70320014082
:107450000229F8D10020DAE7842400202424002027
:10746000FFFF000000D4D40070B50346002900D10E
:107470000A4629480068416D012B0CD1142353435F
:10748000CA5C012A33D0022A3ED1CA18947804205B
:10749000204390703AE014235343C9188E1C897816
:1074A000890721D5002421460CF0DBF81B48006831
:1074B0004E21405CC00717D01948006880694422FB
:1074C000022529462B46FEF70FFD00280CD0014669
:1074D0008571C4710472FF204871822008710420F4
:1074E00048722846FEF79DFD0020307070BDC91817
:1074F0004A788B78134302221A438A7000210122B2
:10750000084B0CF0E4F870BDC8188078C9184A78A8
:1075100002438A7070BDC0462424002070240020DD
:107520002024002020BF020080B500F001F880BDBB
:1075300080B505490968496D497C012902D102F0ED
:10754000C1FD80BD002080BD24240020B0B50C46C4
:107550000546C0B208F09EFE002800D0B0BD034929
:107560000968496D8D814C60B0BDC046242400205F
:10757000B0B50A4A03280FD300239DB24C5D022CFC
:1075800003D16D186D78012D05D01B195B1C9CB2C1
:107590008442F2D300E01A4690B2B0BDFFFF000073
:1075A000F8B5054600260670012400910C701648B7
:1075B0000068476DFFF786FB002801D01348847EE2
:1075C000E1B211373046324600290FD03B78002B0C
:1075D00009D0022B00D101203A460F3A137801223C
:1075E0009B0700D516461437491EEDE7012A01D145
:1075F00001212970012802D0F0B2012802D1002017
:1076000000990870D0B2F8BD242400208424002002
:1076100080B50120FFF78CFF80BD0000F8B5012088
:1076200098210AF0D5F92B4E30602B4FF87A397B30
:107630000818142421460AF0CBF932680025556356
:10764000D562F97A03462F46B9420AD01D615F70B0
:107650001F703268D36225467D43451914337F1C61
:10766000F2E7002313631C4A127B5218CDB2AA42E0
:107670000AD96543FF27475545192B61697033685F
:107680001D63491C2B46F1E79006000E411C134C6C
:10769000012220460AF08AF9316808620E4DE87A24
:1076A000297B08188006010E022220460AF07EF986
:1076B00034686062E87A297B08188006010E084A5F
:1076C000072320460BF0B8FF00F0F2F90DF0FCFBA9
:1076D000F8BDC046282400208424002080240020F7
:1076E000E576051080B5406901490CF07EF880BD53
:1076F0005D7A0510E0B500200090064B0146024679
:1077000000F00AF8002804D007200BF037FFFBF741
:10771000B8F88CBD75770510F0B585B0049301926B
:107720000291074602203840039001243C40104853
:10773000056834350A9E2D68002D16D0002F0CD018
:10774000002C03D02889029988420CD10398002884
:1077500003D068890199884205D128463146049AA8
:107760009047002802D11035E5E7002005B0F0BDB4
:1077700028240020B0B5044680880025C00501D427
:10778000284606E06289218902200CF083FD00284A
:1077900000D0B0BD20896189042902D100F0ACF885
:1077A000EEE700F017FB618920890DF07EFC0020D8
:1077B0002081094909684B6BA34205D01A461B6911
:1077C000A342FBD1103201E00A4634322369136030
:1077D0000A6B22610C63B0BD2824002080B5002014
:1077E000FEF7C8F90D49098A2531490988420FD9A0
:1077F000491CE8F725FD0246422000210CF086FED8
:10780000002804D008200BF0B9FEFBF73AF880BD41
:10781000082000210BF0C4FE80BDC0468424002057
:10782000BCB50C46002813D02588204602F0BFFEC8
:107830000146284600F02EF8002809D0608800286C
:1078400006D0A1891F2908D801A8018060680AE034
:107850002046FEF795F90020BCBD606801AD2A46C0
:107860000AF055F9298840180079C10704D11B286E
:1078700008D01D2806D009E01E2803D302210843A2
:10788000232803D120460DF023FBBCBD204600F089
:1078900027F9BCBD074A126834321268002A07D0A3
:1078A0001389834202D153898B4201D01032F4E70D
:1078B0001046704728240020F8B504460D4E306865
:1078C000C56A2969C1622F88002114222846FBF766
:1078D000CFFD042068811720E8802C812F8030683C
:1078E000416B45632961204600F070FA20460DF097
:1078F000D8FBF8BD28240020F8B504460BF0EBFCBB
:107900001C480068466B002E32D0374636693889ED
:10791000A042F8D100257A89E8B2032804D821468C
:1079200000F02AF86D1CF6E72046114600F052FAE6
:10793000798920460DF0B9FB002038810D48006898
:10794000426BBA4205D011461269BA42FBD11031DE
:1079500001E0014634313A690A607989042903D18A
:10796000C16A3961C762CEE7016B39610763CAE753
:10797000F8BDC0462824002010B50446084611462C
:1079800000F058F880000019C1B2024800680BF0FE
:1079900068FE10BD28240020B0B50C460546488876
:1079A000001D81B22046FEF7F4F82846214602F079
:1079B00029FF002804D02046FEF7E2F88120B0BD60
:1079C0000020B0BD09888088084000D0862070471C
:1079D000098882880A43828000207047098882884B
:1079E0008A4382800020704707490968343109685A
:1079F000002904D00A89824203D01031F7E7FF2022
:107A0000704708787047C0462824002010B5044607
:107A10000846114600F00EF880000019C1B2034874
:107A200000680022024B0BF052FE10BD28240020FB
:107A300030750000084A126834321268002A07D0F4
:107A40001389834202D153898B4203D01032F4E769
:107A5000FF207047507870472824002080B58108A7
:107A60000A4800683430006800280ED042788A4204
:107A700001D01030F7E70121090282880A43828091
:107A800007200BF07BFDFAF7FCFE80BD28240020C8
:107A900010B54489042C00D0062461188AB20189EB
:107AA0000020FEF74BF8002800D0848110BD0000B4
:107AB00010B5084C206840300BF052FF2068383079
:107AC0000BF04EFF044805493C22FBF7C1FC01F0D6
:107AD000EFF810BD282400202C240020BCA506109F
:107AE000F0B587B00446058802F061FD01462846DE
:107AF000FFF7D0FE0546204600F058F8064600F095
:107B00005BF80F2819D11E2E47D04020304044D1B9
:107B100005212846FFF7BCFF002845D00746002175
:107B2000062230463B4600F0FDFA68893946FFF7E9
:107B300033FF0746002834D12FE0019500251E2E83
:107B40002F4616D0402006402F4612D1019B988820
:107B5000C00718D15A89198900263046FFF756FF09
:107B60000746002805D1019A9088012101439180A0
:107B7000374602A80580069505950199049103945E
:107B800000F054F80DE008334220032102220DF0EA
:107B9000EBF8002801D0842703E02046FDF7F0FF32
:107BA0000027384607B0F0BD8827FAE780B58189FD
:107BB00001F04DF880BD0000811E1E2916D800205E
:107BC0007944097949008F4418170F1719171B17A3
:107BD0001D171F17211723172517171727172917E1
:107BE000171717172B172D000120704752281BD08D
:107BF000D22801D10A2070470F2070470220704719
:107C00000320704704207047052070470620704706
:107C100007207047082070470B2070470C207047E2
:107C20000D2070470E20704709207047F0B585B0D1
:107C300004460078002807D16068FFF7B7FF60703E
:107C4000A568E86800283CD065782846FFF7B4FFAF
:107C50000E2808D880005B490958002903D0204627
:107C60008847074607E0A068C36800210622284627
:107C700000F058FA86276168002919D0882F03D0B0
:107C8000842F0CD0072F10D14F48006840300BF0E4
:107C90006BFE09200BF072FCFAF7F3FD08E04A488E
:107CA000006838300BF060FE09E00846FDF768FF19
:107CB000862F01D0002F02D1A06800F047FA05B04E
:107CC000F0BD67683846FFF771FF0646FFF774FF9F
:107CD0007988EA8804230293002391423ED80E2833
:107CE0003CD801934200344B9A5A344BC340DB07D3
:107CF00005D180239A439142019B03D02EE091420B
:107D0000019B2BD3411E032901D307280DD104A9C0
:107D100003AA029238460F4600F049FF3B880298BA
:107D20000088834218D8002B16D066683046FFF7CB
:107D30003DFF07463588304602F039FC01462846AB
:107D4000FFF7A8FD05461E2F1DD0402038401AD150
:107D5000162F1BD1718826E00120029086271E2E47
:107D600089D04020304086D1019305212846FFF775
:107D70008FFEE86000281DD0034630460199029A24
:107D800000F0D0F977E70020E8605DE73846FFF7BC
:107D900013FF0E2800D96DE740000949095AE88809
:107DA000814200D301462846FFF772FEE8600028B2
:107DB00000D049E788275EE7F8A50610CC4F000001
:107DC00016A606102C2400202824002080B500F0E0
:107DD00081FF80BD70B50C46054601F021F8074EC5
:107DE000326840322846214600F00AF832683832BC
:107DF0002846214600F004F870BDC0462824002023
:107E0000F8B50D46064600921468002C11D027469E
:107E1000E4693888B042F8D1384602F0C8FBA8427D
:107E2000F3D1009839460BF0AFFD3846FDF7A8FEB8
:107E3000EBE7F8BDF0B585B00F4F386840300BF078
:107E4000C3FD0446200414D06D4600202870386815
:107E500040300BF0AFFD0190068802F0A8FB014610
:107E60003046FFF717FD02902846FFF7DFFE641E3D
:107E7000E8E705B0F0BDC04628240020F0B58BB07F
:107E80000A9314460D460746FFF704FD002811D05B
:107E90000646049780880C2741077FD4022C01D125
:107EA00080077BD402950394109C0A9B012B03D876
:107EB000032503E0122771E09800451CA01C194619
:107EC000002904D0028855190830491EF8E7F088C7
:107ED000022B02D3A9B2814260D8A9B2814200D359
:107EE0000546A9B230460691FFF7D2FD00280ED014
:107EF000074603980228079701960FD1B9891D22DA
:107F0000384600F089F80A9801280FD04EE0082082
:107F10000BF034FBFAF7B5FC88273FE0B9890A98E3
:107F200001283ED11B22384600F076F82288B88915
:107F3000401C81B23846FDF758FE6368B889E91ED7
:107F40008AB2C01C81B23846FDF758FE07984580BA
:107F5000039D022D0CD101200499029AFFF756FDD2
:107F60000028019C0CD007460798FDF709FE15E094
:107F7000E807019C04D0079A107A08210143117286
:107F800002980799FFF708FD0746022D06D1002F3A
:107F900004D1A08802210143A180002738460BB0FC
:107FA000F0BD2322384600F037F80A98A71C0121BB
:107FB00005950028CAD00A90079DA8894018089105
:107FC00081B2BB1E022428462246124EB047A88921
:107FD000089E3018801C81B22846099422463B46F0
:107FE0000C4CA047311DA88940188EB206998A1BF7
:107FF00039888A4200DB0A4609997B5881B294B2DB
:1080000028462246034DA847A11908370A98401E62
:10801000059DCEE7FD5B0510BCB5144640682029E0
:1080200004D301AD2A4609F072FD29884018047175
:10803000BCBDF8B51D4614460F460646FFF7B6FD13
:108040000E21C943D22800D00C317088081882B2A2
:108050000699BA4205D90D2008700020288086278D
:1080600009E000270F702880B089C01C81B230461B
:108070002346FDF7A1FD3846F8BD0000F0B589B0F4
:108080001F4603920E460546FFF704FC002845D024
:108090000446C068002841D002970F9801900E98BE
:1080A00000901F48076838373F68002F0FD0388886
:1080B000A84204D1384602F07AFAB04201D01C3707
:1080C000F2E717480068383039460BF05DFCE0688D
:1080D000FFF76CFD411E0298002813D0C8B21E287D
:1080E00007D04022114004D1E3680399029A00F0BE
:1080F00019F8204600F02AF8002F0FD03846FDF777
:108100003FFD0BE004A8009A8281417001210170BB
:108110000199089106940597FFF788FD09B0F0BD15
:1081200028240020BCB5002B0FD01C466B4699704C
:108130005870012018701A71080AD870A189052595
:1081400020462A46FDF75AFD6580BCBD10B50446A1
:10815000C068002815D04188091D89B2FDF719FDB6
:10816000E1686089FFF718FC002808D1628921893D
:108170000020FFF701FCA08801218843A080002097
:10818000E06010BDE0B501A8022101800090002050
:10819000044B01460246FFF7BFFA86384142484188
:1081A0008CBDC046C579051010B50A48046838343E
:1081B0002468002C09D02046FFF7F8FC1E2802D0C6
:1081C0004021084003D01C34F2E7002010BD0120FC
:1081D00010BDC0462824002070B5084D2868846B67
:1081E000002C0AD0E6692868383021460BF0CCFB19
:1081F0002046FDF7C5FC3446F2E770BD2824002078
:108200007CB504468068418904291AD16068818957
:10821000491C89B2FDF7D9FC0546172800D8172557
:108220001D4E308A854200D30546A3689888000712
:108230000FD4198902202A460CF066FA002814D0BF
:108240007CBDC368022000210622FFF76BFF862059
:108250007CBDD888A8420ED00833422003210222D8
:108260000CF082FD0028EBD105E0A068C580818874
:1082700008220A438280308A01AB587003251D70A2
:10828000000A9870A068C468A18920462A46FDF7B4
:10829000B5FC658000207CBD84240020F0B58FB043
:1082A0000146406801918968CF680DAD0EAC294642
:1082B000224600F07CFC288807900DF017FA024651
:1082C0002088029000252B4600950395002A0695EC
:1082D00050D050880790029988424BD8A8B2C01855
:1082E00001998968C988884244D81C4608AD05921E
:1082F0001046294600F0BAFF2E7C0398000606D0EF
:108300000098864239D1C0080490069D16E0B989CC
:1083100005223846FFF780FE102E01D0022200E031
:108320000122069DB889401C81B238460392FFF7AE
:1083300073FEAD1CF0080490841C0096B8894019A7
:1083400081B23846079AFDF750FCB8892818861C78
:1083500008A80BF000FB0346B1B20498C2B238463D
:10836000FDF74CFCE0B22D1805980DF021FA0246FD
:108370002346ABE70398000603D0069878800020D8
:1083800007E0079881B204200A223B46FFF7CAFEA5
:1083900086200FB0F0BDF0B591B0074609AC1020B3
:1083A000207478688189491D89B2FDF70EFCA0818F
:1083B00078680FAE0EAD31462A4600F0F8FB3688DD
:1083C00078680697B9684488C8688189072202904E
:1083D000FFF722FEE01F298804910121059180B258
:1083E00003900196059887B23C1D06988068C08866
:1083F00084423CD8B0B209AA049901F0A7FA002837
:1084000035D0054610A80090002208AB06982946F2
:1084100000F0E0FB862828D0002836D16E88089826
:108420004368069840688189C91D89B2039F3A460E
:10843000FDF7B9FB08990988B94216D1002814D173
:1084400007AF3E70300A7870284600F037FF0646C6
:10845000B870000AF87002988189059A891889B263
:1084600004223B46FDF7CAFB0594761CBAE7012FB0
:1084700007D106200A220199029BFFF753FE8620AE
:1084800003E0029805994180002011B0F0BDF0B5DD
:1084900097B00446406815A914AA00F088FB0A9416
:1084A00060688189491D428889B2072A05D1FDF794
:1084B0008CFB0FA98881102004E010220FABFDF780
:1084C0007BFB80200FA908740A984078102801D0FF
:1084D000022100E0042107910A9A9168CC68CB88B8
:1084E00005931278002A04940AD06588022D15D3CA
:1084F000A089401C81B2204600F0A9FB06460EE090
:1085000015AA1588102812D10FA801F081F90028AA
:1085100000D1B8E00895A18911221BE00026A089AE
:10852000401981B22046FDF750FB089018E00BA8D7
:10853000058102220271149A42810B910FA90E91BA
:1085400001F0A8F9862802D116A812229DE008950C
:10855000A18909222046FFF75FFD012565800026DD
:108560000598801E019014A8008803900996F6B221
:108570000695AFB2B8190599884274D8089885B2A3
:108580000FAA2846039901F0E1F900286BD00446B0
:10859000029516A8009000250BAB0A9821462A46A2
:1085A00000F018FB00284FD10B9800880799091894
:1085B000012F11D1FF2900D3FF210198814200D35F
:1085C00001990991CAB2049EB089401C81B230461B
:1085D000FFF722FD022703E0B142049E069F5CD113
:1085E0006588204600F06AFE0890B089C01981B203
:1085F00030462A46FDF7F9FA079809990A1A3C46C7
:10860000BF1C0A98407810280AD1B089C01981B2DD
:108610003046089D17462A46FDF7E7FA3A46271DD9
:108620002C46B089C01981B20B984368D5B2304648
:108630002A46FDF7E3FA7D19758002200A99087031
:10864000601C0890099E91E78628069A16D0842817
:108650000546049821D18189891889B2029AFDF7CB
:10866000C4FA842519E0012F06D116A80A22027047
:1086700015A80588049C09E000250EE016A80278DC
:10868000049C089D02E016A8102202700A98407807
:10869000A9B22346FFF746FD8625284617B0F0BD50
:1086A000F0B58BB005468068C468C7882878002874
:1086B00024D02E460C36059668688089401C81B20D
:1086C000042204AB2046FDF777FA308869787F1ED4
:1086D0000C2903D1874253D20499401A80B28742B1
:1086E00000D30746BAB27368A089401C81B2204605
:1086F000FDF784FA781C608000204DE068780C2833
:10870000029707D168688189C91C89B2FDF75DFAB3
:108710000D2201E00B22002004AF03903880A189D4
:108720002046FFF779FC68688189491C89B2FDF70A
:108730004CFA0646788007A8068101270771A968C8
:10874000079101F0A7F8862801D1122715E03046DD
:108750000CF0A4FF002810D0014606A8009005AB3D
:108760002846039A00F036FA002817D0842818D03B
:10877000862811D106A8077807E006A8077004E04C
:1087800006A80B27077004A84688687831463A4641
:108790002346FFF7C7FC86200BB0F0BD059E029F65
:1087A00093E7A089401C81B2042204AB2046FDF768
:1087B00025FA8420F0E7F0B58DB08168CE68C988CD
:1087C000069101780029079009D07788B089C019EF
:1087D00081B23046FDF7F9F9079902460CE040787E
:1087E0000E2801D0212200E00F22B1893046FFF788
:1087F00013FC01221746079948688078801AC0B296
:10880000450808780028029666D0079908460C307B
:108810000190EDB2FF35E8B200230393A84200D1E6
:10882000B3E0BCB20698A04200D8AEE048688189A7
:108830000592891889B202220CAB0492FDF7BCF9AB
:1088400007990878012802D1019808900DE00CA83A
:1088500000880CF023FF014607988068008908AA69
:1088600000F0C6FD0799842865D00698041B487857
:108870000E2809D1B089C11908980288944200DBFA
:10888000144689B2A2B213E0B089C01981B2089A25
:10889000304616883246FDF7A8F9A41EB44200D32C
:1088A0003446A2B2BF1C029EB089C01981B208989A
:1088B00043683046FDF7A2F93F1977800799487859
:1088C0002028059A04D10698C01B80B202285CD3E8
:1088D00004980870921C9CE700210592079C88B2BE
:1088E000A84292D204914900606882895118491CBB
:1088F00089B202220CABFDF75FF908A801260671C8
:108900000C990181A168089100F0C4FF86282AD043
:108910000CA800880CF0C2FE002827D007998968AF
:108920000989012200F0EEFC00281ED10499491C9F
:10893000029E059AD3E70CA80388886842890189BA
:108940000020009002200BF045FE03900028059ABD
:108950001BD17780B089C01981B292B23046FDF741
:1089600044F9842010E0122600E006460CA8018895
:10897000079840780E2801D10E2000E020203246D2
:10898000029BFFF7CFFB8620039003980DB0F0BD4C
:10899000F0B589B004460078002801D000203BE003
:1089A0006068A168C968069146888189491C89B2B6
:1089B000FDF70BF90546F11E6078002752280CD010
:1089C000D2280ED1A0684089042824D10F3E052268
:1089D00001270020049005960EE0059104220497DB
:1089E0000AE00591069EB18913223046FFF714FB79
:1089F000012004907080032207AB2046294600F036
:108A000036F9024608A80270002A07D06078294685
:108A1000069BFFF787FB862009B0F0BD002F08D02A
:108A20006168A06800890AF094FC002801D0002247
:108A3000ECE76168079808AA00F0DAFD0028EBD09F
:108A4000842812D16068A1684A890989059B9BB274
:108A50000095019302900A20049B0BF0F5FD00287D
:108A6000DAD1002060608420D6E708A80278CDE73C
:108A700070B586B004460078002814D0A589A06897
:108A8000C188491FA94200D80D46AAB22369C0680F
:108A90008189491D89B2FDF7B1F8681DA168C968CF
:108AA0004880002040E060688189491C89B2FDF758
:108AB0008CF80546032205AB2046294600F0D7F87E
:108AC000002808D00246A068C36816202946FFF790
:108AD00029FB862028E060688189C91C89B2FDF7DE
:108AE00074F806466068A1684A89098943885B1F53
:108AF0009BB20096019302900A202B460CF00CF8D2
:108B0000002811D103AB5D70280A9870DE70172021
:108B10001870300A1871A068C06881890522FDF7B5
:108B20006DF800206060842006B070BD10B504466A
:108B30000078002801D0002010BD60688189491CA0
:108B400089B200F084F80346A068428901890220B6
:108B50000CF010F8002800D010BDA068C068818912
:108B60001922FFF759FAA068C068012141808420CA
:108B700010BDB0B5054680684289018942200BF0DE
:108B8000F7FC0446002810D1A86842890189012019
:108B9000FEF7F2FEA86881884A0603D500F06CFE55
:108BA000A86881880222914381802046B0BD70B5BB
:108BB00014460D4606468089401C81B23046FDF7BA
:108BC00004F82880B089C01C81B23046FCF7FDFF54
:108BD000208070BDFEB51F460646089D00242C70FF
:108BE0000078012807D1306900281FD00C363E607C
:108BF0000020287029E00292B068008901913A466D
:108C00002B4600F066FB002812D084281DD1019865
:108C10004388B068428901890298009002200BF0D5
:108C2000D9FC002811D17B20C0430EE00E2005E0C6
:108C300038680188029A914203D207202870862062
:108C400003E04168891841602046C0B2FEBD1CB5F2
:108C50001F2903D801AA1180406805E0406801ACD3
:108C6000224608F054FF2188401800791CBDF0B559
:108C700085B01E4614460F46054601A801810271C3
:108C8000A968019100F006FE862801D112200CE0AF
:108C900038460CF003FD3060002805D0A96809892A
:108CA000224600F02FFB00E0012005B0F0BD0000DF
:108CB00080B506480089163080B20CF08BFC044861
:108CC00000685C210122425480BDC04684240020FB
:108CD00028240020F0B5A1B0044600F09BF801283C
:108CE00014D107A8454914252A460FF026FE02A8EC
:108CF00043492A460FF021FE44200F9001210DAA7E
:108D00000CAB20460AF087FA002801D021B0F0BD54
:108D10000CA801780DA80FAA10AB09F01AFB0028C7
:108D2000F4D10F984428F1D80120364D02AA2946E3
:108D300000F00CFE002810D006462046FEF754FE38
:108D400010A90A7C3049C97A73681B6A9B68009332
:108D500049084B1C042100F008FD2C4801688331B0
:108D600010A81022FAF794FB00281FD0012007AAB0
:108D7000294600F0EBFD0028C8D000F03FFE002897
:108D8000C4D0054604212046FEF784FD8188402298
:108D90000A43828010A8427C2046294600F026FD26
:108DA0000B200AF0EBFBF9F76CFDAFE701200CF0AC
:108DB0009DFC064610AD12350027002EA6D0B8B295
:108DC0006328A3D83178042912D171680A7D102A4A
:108DD0000ED1098A0E4A91420AD1022132222B4633
:108DE00000F0B0FC02462046314600F0FFFC7F1C3C
:108DF00030460CF0DDFC0646DFE7C04634A6061020
:108E000048A60610FFFF000084240020282400202C
:108E10000229000080B50AF034FA4142484180BD81
:108E2000F0B5A1B0042900D0DEE00746FFF7F2FF5D
:108E30006E4C6F4E012800D0A0E00BAD6D4914229E
:108E400028460FF07AFD10A8344600264422314609
:108E5000FAF70EFB012021462A4600F077FD002894
:108E60000FD004463846FEF7BFFD6168096A8B687B
:108E70006149C97A49084A1C042100F063FC10A921
:108E80000874042104973846FEF704FD10A9097CF4
:108E9000012903D180880006800F06D15748016858
:108EA000833110A81022FAF7D3FA012003900CF0B6
:108EB0001DFC054610A81230029005964B4C002D63
:108EC00034D0B7B2632F31D8287804280BD00228C9
:108ED00027D16868017D102921D1008A494988423B
:108EE0001DD103981CE06868017D102919D1008A02
:108EF000A04216D10498294600F0B0FD044602981D
:108F00000090E2B202213223384600F02EFC059890
:108F1000012801D110A84474761C344C01E00020D3
:108F2000059028460CF044FC0546C8E7012109AA33
:108F300008AB049F38460AF06EF900281CD1B0B285
:108F400040002F4940188008133082B208A80178E9
:108F500009A810AB09F0CBF900280DD0044606ADE6
:108F600009A906222846FAF773FAAC7142200421B7
:108F700007222B460BF0F8FE1D4E1C4C01200CF076
:108F8000B5FB0546002812D0287804280BD1686864
:108F9000017D102907D1008AA04204D10022384661
:108FA000294600F023FC28460CF002FCE9E710AC4F
:108FB0001049142220460FF0C0FC01203146224601
:108FC00000F0C4FC00280FD004463846FEF70CFD24
:108FD0000949C97A6268126A9268009249084B1C72
:108FE0000421002200F0C1FB21B0F0BD02290000E5
:108FF000FFFF000048A6061084240020282400203B
:10900000FEFF0300052A0000F0B5D3B000250C9543
:109010000B950A950995412082000DAC2046294602
:10902000FAF726FA257110204490169009A80F909F
:109030002046FAF76AFADC34019401200CF056FB62
:1090400006464EA80C300290484D002E41D0307894
:10905000032839D04EAF3046394600F007F9387C46
:10906000102831D1708804A908804EA880893D4914
:10907000411805291CD33C494118042903D329214F
:109080000902884220D10DAF022404AA38462146A5
:10909000A84738462146029AA847002005AA31462B
:1090A00000F0A6F90598426801883846A8470BE009
:1090B0000DAC022704AA2046394600F0DBFC20460E
:1090C0003946029A00F0D6FC30460CF071FB064699
:1090D000BBE70198828C002A06D00DA820210171DF
:1090E0000146E031FAF71EFA0DA84EAC04AA21465B
:1090F000FAF729FA05AD1026012328462146324603
:109100000AF0A2FB1A4F3968833128463246FAF733
:10911000BFF9002819D03868833005A91022FAF762
:1091200097F903AD8220288000950024114B20463A
:1091300021462246FEF7F0FA4020288000950E4B8B
:10914000204621462246FEF7E7FA38685C21425C59
:10915000FD23134043540B200AF010FAF9F791FB5A
:1091600053B0F0BDFFD6FFFF00D8FFFF759A051082
:1091700028240020DD790510D1790510E0B5002103
:10918000009102200422074BFEF7C6FA002801D006
:10919000812800D18CBD0B200AF0F0F9F9F771FBA2
:1091A0008CBDC046A9910510B0B58AB00446808830
:1091B000400601D400254BE009A8802101802189C7
:1091C000009001200025244B2A46FEF7A5FAA1882D
:1091D00089073DD400283BD104AD204914222846FC
:1091E0000FF0ABFB01201E492A4600F0AFFB002820
:1091F00012D0054600F002FC00280DD0014620895F
:1092000000F02CFC800712D420890021012200F0FC
:10921000BDFB054681281BD109A840210180218979
:10922000009001200022104BFEF776FA0FE00D4867
:10923000039001AA042050806888108003A802903F
:1092400061892089009202220123FEF717FE05465C
:1092500028460AB0B0BDC046C579051034A6061030
:10926000FFFF00000100FFFFDD79051080B510222F
:109270000A740278042A0DD87A441279520097446D
:109280000A16120202004068031D142208461946FD
:10929000FAF7DEF880BD0522D2024068007D012881
:1092A00009D18A8180BD0520C002C01C04E00520D0
:1092B000C002801C00E0501C888180BD80B5017810
:1092C00002220A43022A02D10CF086FA80BD4088AD
:1092D00080BDF8B51C4600920E460746012208469E
:1092E000394600F00FF820708625002808D138464E
:1092F0003146009A00F07CF8862802D10E202070BA
:109300002846F8BDF0B585B01546019101460478B0
:10931000002702230E20032C1A463E4612D30BD000
:10932000042C58D1486801788C07C9078A0F002C93
:1093300000D54C32411C02E04868411C0278801C78
:109340000E780778012D03D110461840184642D0F8
:109350000320032D02D1082111403CD0042D02D15D
:109360000421114037D0052D02D140210A4032D0CE
:1093700004A903AA02AB019C204609F026FF02289B
:1093800002D1002F0FD125E0012D00D0FF08052DBF
:109390000BD104A80078022805D102A80078022881
:1093A00014D1002013E00E2015E00020002F12D071
:1093B00003A90978FA0703D0032901D205200AE09E
:1093C0007A0708D5022908D20F2004E005200121E0
:1093D0000F4000D1384605B0F0BD2046314609F0B7
:1093E0006AFFB62801D00020F5E70C20F3E7000063
:1093F000F0B585B00D460978042911D81446C04649
:109400007944097949008F44020D4A697E00734E00
:10941000306801467031C16668680AF087FA57E023
:109420008626D3E06D4F386801467031C1666B689F
:1094300001206E490026324600F0D6FA01A90880C4
:10944000002800D1ADE00CF029F9FFF737FF02A9A1
:10945000009108803868C06E01A902273A46F9F7E2
:10946000F7FF5E480068C06E801C00993A46F9F725
:10947000EFFF5A48006868270421C15369680A7CD5
:10948000102A00D091E0C06E0C31001D0222F9F7C5
:10949000DFFF52480068C15B891CC15385E04F4E15
:1094A000306801467031C16669680978702281545C
:1094B00069884A1C03A90A8071300222F9F7C8FFA3
:1094C0003068C16E6868001DC91C0AF02FFAC01C04
:1094D0003168682288526831216076E069680A7DC7
:1094E000102A32D13F4A521C0B8A93422DD13B485D
:1094F00001686831216000686821102242520146EB
:109500008331C16661E069688969002945D0334EBD
:1095100031686831216069680A7D102A3FD10A8A62
:109520002F4B9A423BD13168682202248C520A4662
:109530007032CA66294600F091FA04A908803068A2
:10954000C06E2246F9F784FF3FE0096A002924D063
:10955000224E31686831216069680A7D102A27D15E
:109560000A8A204B9A4223D13168682201238B5208
:109570000A467032CA66FEF737FAFF2829D06968B2
:10958000096A8B681849C97A49084A1C042100F005
:10959000D9F831687022885417E0842616E088696B
:1095A00007E03868682100224252683020600DE0F0
:1095B000086A0178890701D5022100E00421415A97
:1095C000806832686823D152D0660026304605B0E4
:1095D000F0BD3068702100264654F7E728240020AB
:1095E00002290000292B000084240020FFFF000036
:1095F000F0B589B017460D460646007874880428F1
:1096000045D0032877D17168086A00287DD00A7D8B
:10961000102A74D1098A494A914270D100970121D8
:1096200007AA08AB2846FEF704FD00286ED128885B
:10963000FEF7DAF907AA117807230B400593137098
:109640007168096A8B683E49C97A49084A1C042135
:1096500004900392029300F075F8059A01461140B8
:10966000814257D10298009004210498039B00F096
:109670007CF87068006A0078C0073AD02E882846C7
:1096800000F095FF024608A8008807A94CE0716821
:109690008869002839D00A7D102A30D1098A264AE3
:1096A00091422CD10097022106AA08AB2846FEF76A
:1096B000C0FC00282AD106A8008805907088801E6A
:1096C00081B202200CF020F9002821D005998907E9
:1096D000890E406800780840884219D106A802889F
:1096E0002888314600F082F8706880690078C007E9
:1096F00012D100200AE003203870862006E02146BF
:109700002A463B4600F047F800E0842009B0F0BD4F
:10971000FD20F1E71320EFE72E88284600F047FFF1
:10972000024608A8008806A900900191022031464F
:1097300023460AF059FDE9E702290000292B000021
:109740008424002010B54843C408A4B2944201D92F
:10975000002010BD072210401A5DC2402020411A8F
:109760000020C043C840104010BDB0B54843C408F5
:10977000A4B29C420ED8049B072528402025691AD4
:109780000025ED43CD402A4082408540185DA84326
:1097900010431855B0BDFEB516460C460546826806
:1097A0008188009302AB3046FEF743FC002800D0CE
:1097B000FEBD2878810703D4A98802AA118001E0A0
:1097C00002996980C00701D10020FEBD378830466C
:1097D00000F0EDFE024602A80088A9680090019101
:1097E0000220394623460AF0FFFCFEBDBCB51446F4
:1097F0000D46FEF7F9F8696889698B8889680091D8
:1098000003210C4002212246FFF7AFFFBCBD000040
:1098100070B58AB0044605AD0DA11426284632461F
:109820000FF08BF868460FA132460FF086F82046FD
:1098300029460AF04BF8002807D0694620460AF06E
:1098400045F801464042484100E001200AB070BDA1
:10985000FB349B5F800000800010000000280000A7
:1098600010000000FB349B5F8000008000100000AF
:109870000128000010000000E0B501AAC2211180FB
:109880000189009201200022014BFDF745FF8CBDAC
:10989000DD790510F0B587B0054602AC27491422E2
:1098A00020460FF04AF80120254E3146224600F0AE
:1098B0004DF8002700283CD00146286882885206CF
:1098C00037D52A79FE2313408624042B32D0008911
:1098D000012200F05BF881282BD0286881880A06D5
:1098E00025D48027394381802879022822D12889EC
:1098F00001281FD16889B0421CD1EA68107C102869
:1099000018D190890F49884214D10120314600F0C6
:109910001DF800280ED001A8078029680989009049
:1099200001200024084B2246FDF7F6FE02E0FFF777
:10993000A3FF3C46204607B0F0BDC04648A606102F
:10994000FFFF00002A2B0000D1790510F0B585B08B
:1099500014460D460BF0CAFE06460020002E12D01B
:109960007188A9420FD86F4630463946FFF77EFC12
:109970002046394609F093FF002803D030460BF00B
:1099800017FFE9E7304605B0F0BD000070B586B0BE
:1099900014460E46054601A8104914220EF0CDFFCC
:1099A000002E07D101200E4901AAFFF7CFFF06467E
:1099B000002810D02846FEF717F87168096A8B68EE
:1099C0000849C97A49084A1C0421FFF7BBFE204216
:1099D00001D0002000E0812006B070BD48A606102E
:1099E000FFFF00008424002080B50BF0A9FE0028B2
:1099F00001D0408880BD002080BD000070B58AB0D5
:109A0000054605A810A114220EF097FF2878FE2124
:109A100001400024022914D128460BF0C9FE054656
:109A200000280ED0287802280BD06E4628463146F2
:109A3000FFF71CFC05A8314609F031FF0028EBD1E7
:109A40002C4620460AB070BDFB349B5F800000802E
:109A500000100000022900001000000010B50C46A4
:109A6000FDF7C2FF616889698B688A880221FFF768
:109A700069FE10BDF0B585B003920C4601210902C4
:109A8000411804910290E0300190200423D0049802
:109A90000088102807D1102202980199F9F742FD99
:109AA00000200499088010210D1AA9B2A2B2914297
:109AB00000D32546AFB202990818E030039E314624
:109AC0003A46F9F7C5FC0499088828180880641BF1
:109AD000F6190396D9E705B0F0BD0000FEB50446BF
:109AE00000F09CF80C25002825D01226002C23D04D
:109AF000207D401E01281FD8207C80281ED01028E1
:109B00001AD1A089012188430321C902884215D1B5
:109B100001200BF0EBFD002810D00178002907D1BF
:109B200041680A7C102A03D18989A2898A4202D01D
:109B30000BF03EFEEFE72E463046FEBD00200BF058
:109B4000CDFE002806D04168C98A002904D040888B
:109B5000401804E0012002E00BF06EFE401C82B2CF
:109B600000263046314623460BF044FD002820D025
:109B7000F743E18A491E0291009001947F1C217EE7
:109B80008F4218D2E18A002904D0029A11043AD0F7
:109B9000521E0292351D401C019CE1698B5982B214
:109BA000012000210BF026FD00282E46E6D1872655
:109BB0002EE08726C0E7184800685C21425C02233B
:109BC000134343540A2009F0D9FCF8F75AFE606A9F
:109BD00000260028B0D02020205C0028ACD02146F0
:109BE0002031029100252F460195854200990CD223
:109BF000606AC01900F022F8002808D124370298C2
:109C000000786D1CF1E7122602E0019E94E70646FB
:109C1000009800F0A3F88FE72824002010B5FEF785
:109C2000C3FA0024002806D1FEF7ACFA002802D1BE
:109C3000FEF7D2FA0124204610BD0000FEB50E4604
:109C40000446FFF7EBFF002866D01225002C64D0F5
:109C5000207D802813D010285FD1208A3C4988427B
:109C60000DD1206A002858D082883A49C97A49081B
:109C7000491C8A4251D380680021F9F7F9FBA0788A
:109C80002421084203D06078C01F092845D83046F7
:109C90000BF004FD002840D00646007800283CD197
:109CA000207E811C304600F083F80546002834D120
:109CB0003046FFF703FB05460BF0F0FC0146681C3D
:109CC00086B202273846324623460BF093FCB04258
:109CD00025D130460BF0E2FC0146A81C82B20320DD
:109CE00023460BF087FC002829D001970296E069F3
:109CF000002816D0207E002813D000263746874241
:109D00000FD2E0698019029900F06CF8002818D190
:109D10001C36207E7F1CF2E70C252846FEBD8725D9
:109D2000FBE70D4800685C21425C019B1A434254EA
:109D30000A2009F023FCF8F7A4FD0025EDE78725AC
:109D400001E00546029E304600F0D4F8E5E7C04643
:109D5000292B0000842400202824002010B504466C
:109D6000FFF75CFF00280AD020460BF097FC014665
:109D70001220002902D00A78002A02D010BD0C203F
:109D800010BD08460BF028FD014620460BF064FD8F
:109D9000064800685C21425C0223134343540A20B6
:109DA00009F0ECFBF8F76DFD002010BD2824002021
:109DB000B0B50D460446FFF781FA6168C98A0029EB
:109DC00008D0C04308186188401880B2A84206D362
:109DD0000020B0BD00200BF081FDA042F8D00C2087
:109DE000B0BD0000F8B50E460446FFF717FF002887
:109DF00075D01225002C73D0207D802801D010282A
:109E00006ED1102808D1218A29221202921C914277
:109E100002D1A169002963D0A1782422114203D084
:109E20006278D21F092A5BD8102815D1208A2F4AC0
:109E30008218052A10D801239340312213420BD0F7
:109E40002278012A4CD100294AD1292109028842CD
:109E500002D1A069002843D030460BF01FFC002837
:109E60003ED00746007802283AD1002528463146E0
:109E70000BF04AFD002835D02E460121FFF798FF50
:109E8000054600282CD13846FFF718FA05460BF096
:109E900005FC01466D1CAAB2042023460BF0AAFB68
:109EA000854221D1207D10280BD1208A2921090249
:109EB000891C884205D1A069828880680021F9F751
:109EC000D7FA0B4800685C21425C022313434354D9
:109ED0000A2009F053FBF8F7D4FC354600E00C25C6
:109EE0002846F8BD8625FBE78725F9E700D7FFFF61
:109EF0002824002010B50446FFF790FE00281ED04D
:109F000020460BF0CBFB01461220002916D00A7820
:109F1000022A13D108460BF05FFC014620460BF0E5
:109F20009BFC084800685C21425C022313434354B5
:109F30000A2009F023FBF8F7A4FC002010BD0C2038
:109F400010BDC046282400201CB5059C0194049C2B
:109F50000094FEF793F81CBD80B50346012002492A
:109F60000022FFF741FD80BDFFFF000080B50346E2
:109F7000012002490222FFF737FD80BDFFFF0000EC
:109F8000F0B585B004468778781E03210491084314
:109F90000930800883B2207A03902088029011480B
:109FA0000068806902253E222946FBF79DFF0028B4
:109FB00014D00646009701940498039A0240301D7D
:109FC000002702993B46FCF7F6FC357128463146DE
:109FD000FCF727F82046FBF7D3FD00E007273846BB
:109FE00005B0F0BD20240020B0B504460188022051
:109FF0000AF038FE0546002802D12046FBF7C0FDD6
:10A000002846B0BDF0B589B01D4616460F460490EF
:10A0100002200124214600F0D9F8002850D10397EE
:10A020001220042E4CD80290F5F7B0FC012E03D874
:10A03000002801D1112043E0119800901098019060
:10A040000F990E9805AF3872FD713E7103987880B4
:10A0500004983880384609300622F9F7F9F9009952
:10A06000B971019878713879042801D0012804D198
:10A0700005A9097A022902D321E003291FD8012862
:10A080000ED100F066F905A9C979814217D805A853
:10A0900040794007029813D005A805F0E1FD0FE0D4
:10A0A00005A8008820280AD3A103884207D805AA5A
:10A0B0005288202A03D38A4201D89042E1D90298DB
:10A0C00009B0F0BD10B504460220012100F07EF871
:10A0D000002800D010BD012C03D8204605F044FE16
:10A0E00010BD122010BD002070470000F8B51749C0
:10A0F00008680D4624210024445425301122144FB1
:10A100002146B84728683630FF2605223146B84731
:10A1100029683B201F230B540122550308463B307E
:10A120008552C3724731072208462146B847074D7A
:10A1300028684E3008223146B84706480068352165
:10A140004454286804490162C465F8BD70240020A5
:10A15000713405101C240020BEFDFFFF70B50025E2
:10A16000074EF07A85420AD2ECB2204602F0C6FCD5
:10A17000002802D0204602F0C1FC6D1CF1E770BD42
:10A180008424002080B505F0FFFF80BD10B5362186
:10A19000054A3E2906D04318363B1B7814686354A1
:10A1A000491CF6E7002010BD7024002010B54621A0
:10A1B000054A4E2906D04318463B1B781468635461
:10A1C000491CF6E7002010BD70240020054A1268E3
:10A1D0003523D35C034201D00C2070473532117017
:10A1E000002070471C240020034909683522895C3F
:10A1F0000840411E884170471C240020F8B5002407
:10A20000204600F097FD05460122304B274600927C
:10A2100018683421405C844250D22C20285CFE21F6
:10A22000014002293ED18C202E58F0070DD0698FB5
:10A23000002004F093FB3A28009A104630D02846BC
:10A240008C300168012291430160284602F07EFBB8
:10A250000028009A104623D12846314606F004FD16
:10A26000009A002810461BD1E6B2304603F00EFCDF
:10A27000009A0028104613D1304603F00BFC009AD8
:10A28000002810460CD1284603F045FE009A00280D
:10A29000104605D1304604F068FD009A411E884101
:10A2A0000A4B00E00020411E88413906174600D1C4
:10A2B00007464D2080002D18641CA9E7380603D0FE
:10A2C0001120012109F06CF9F8BDC0461C240020C2
:10A2D00000207047F0B58FB00292074607A80190A2
:10A2E00010250C4E2A46B0470BAC204639462A466C
:10A2F000B04703AF0026019821463A46334609F09D
:10A3000053FC029839462A46024B984730460FB014
:10A31000F0BDC04651340510B0B50C46054600F0FE
:10A3200083FFFF2805D000202946224604F0C3F908
:10A33000B0BD0220B0BD10B5044600F075FFFF2887
:10A3400005D081200022214604F0B5F910BD02207D
:10A3500010BD0120704780B502F002FA80BDE0B563
:10A36000022801D3FF280DD1002200926B461870FD
:10A370000192581C0622F9F76BF80199009802F037
:10A3800009FA8CBD12208CBD002070470020704758
:10A39000012070470020704701207047002070475F
:10A3A000F0B587B001890491C188059184884688F9
:10A3B00007880020069006A9384600F09FF8054659
:10A3C00000285AD10396029406988078C00751D18C
:10A3D0000024102220463946FBF7B0FB00284BD062
:10A3E00007462A48039A911F89B2122581423DD21D
:10A3F000029E062E3AD3801D864237D2B24235D80D
:10A40000059A91087C2931D8511C7143049B9A000C
:10A4100091422BD80A2B29D3834227D20194786802
:10A42000122101727868069909794172062108257E
:10A43000174C38462A46A04738462946039AA04773
:10A440000A21384632462546A0470C243846214684
:10A45000059AA8470E213846049AA8477C80052013
:10A46000394600F0CFF900280AD081253846FBF79D
:10A4700087FB02E00C2500E08825284607B0F0BDE8
:10A480000699122000F04FF8019DF6E77B0C0000C2
:10A49000EB5B051070B50B49C97A14224A4314329C
:10A4A00009490B6800210D460C461434A24206D01F
:10A4B000DE6A755B85422546F7D1311914390846A5
:10A4C00070BDC0468424002068240020B0B509492E
:10A4D000CA7A09490B68002421468A4206D0DD6AFF
:10A4E0002D5B854203D01434491CF6E71146C8B2EF
:10A4F000B0BDC0468424002068240020B0B50C46BE
:10A500000546FFF7C7FF014620600220002D09D055
:10A51000002907D00879002803D089780620084050
:10A5200000D00C20B0BD88710879C87188780622E7
:10A5300002438A70704790715171907804210143F1
:10A5400091707047F8B5044614206043144B1B68A3
:10A55000DD6A2D18A87846078120002E1FD5AE7918
:10A56000761C8E4201D0012919D1E979914216D188
:10A57000AE1CAF1DE81D00901846214609F071F889
:10A5800000203870009908703178FB220A40327040
:10A5900029794A1CD1B2914200D001212971F8BD1C
:10A5A0006824002080B50846FBF7EAFA80BD80B534
:10A5B0000221FBF70AFB80BDF0B585B01E46049270
:10A5C0000D460746FFF766FF00280FD004460396A6
:10A5D00040791226A8420AD10499022907D8A07806
:10A5E000800707D4012907D0042006E00226304660
:10A5F00005B0F0BD0C26FAE70220002900D108467C
:10A600000290821D0026304639460192FBF796FAE9
:10A61000002827D0074640680121017278684572FA
:10A620000298801C82B206213846FBF7DEFA082128
:10A630003846049D2A46FBF7D8FA002D05D00A219A
:10A640003846029A039BFBF7D9FA019878800520D7
:10A65000394600F0D7F8002806D03846FBF790FAC4
:10A660008126C4E78826C2E7A671A078FB210140B5
:10A67000A170BCE770B5044622201049085CA042D6
:10A680001BD90F4D296830200A5C521C0A54342211
:10A69000544330314868001983781B0705D5C378C7
:10A6A000112B02D34B785B1E4B7046890021F8F7C3
:10A6B000DFFE2868406B0019468170BD84240020AD
:10A6C00068240020FEB50C4605462220124902905F
:10A6D000085C00270326114B0195C1B28F4219D2A5
:10A6E0001968496B8A19D21E1288AA420FD1FF2C11
:10A6F00002D0895DA1420AD1F8B225461C46FFF777
:10A70000B9FF23462C46019D02980349085C343664
:10A710007F1CE2E7FEBDC0468424002068240020A0
:10A720000020704700207047704770470020704736
:10A730007047704780B54069014909F056F880BDFF
:10A7400045A7051080B50349C97A814201D300F0BD
:10A7500077FA80BD84240020F8B5054601206821E1
:10A7600007F036F9234F3860234EF07A142421463F
:10A7700007F02EF901463868C162012D10D15C3016
:10A7800009F0EEF82225705D342107F021F93968CF
:10A790004863705D4000102107F01AF93968886439
:10A7A000F07A411C154D0122284607F0FFF8396860
:10A7B0000862F17A0222284607F0F8F83D686862DC
:10A7C000F17A0F4A0723284608F036FF3868172128
:10A7D0000185318C172901D28620F8BD4185F17A97
:10A7E0004C43C06A00212246F8F742FEFFF79AFF69
:10A7F000F8BDC04668240020842400208024002066
:10A8000035A70510FEB50C46011F0646022921D8C2
:10A810006288002520462946FBF7E7F902272046F3
:10A8200039463246FBF7E1F92582E58125736068F8
:10A830006061A0616088001D6080207A38432072CA
:10A840002046FBF709F9002814D06088001F6080BB
:10A8500081250FE0A0253F280CD020385F2809D89B
:10A8600001A886802221044A515C81710194FFF77E
:10A870005DFF05462846FEBD84240020F0B5C3B028
:10A8800004460088FFF706FE00287CD00546207AA3
:10A890000327074028692A460C32022F039208D169
:10A8A00000282FD011888426042954D30121029135
:10A8B00031E000284AD06688002E26D00021019180
:10A8C00004A8029020463246029BFBF775F92869DE
:10A8D000406800902046FBF79AF90146009807F07F
:10A8E0000AFAA98928693246029BFBF787F9A889E9
:10A8F0008019A88181B22869FBF74BF9039A019866
:10A90000608002E02C616088A881108804281BD335
:10A9100028690026029600210191FBF756F9001DD7
:10A9200081B2AA898A4216D812D1296948800120A9
:10A9300000F032F800282DD028698426A04226D1C4
:10A940000198A881286122E0002618E0002602E094
:10A950000298002813D0A87810210143A970422042
:10A96000012102222B460AF0FFF92869002806D0AF
:10A97000FBF706F900202861039900200880002ECB
:10A9800005D1012F03D12046FBF7FAF80026304607
:10A9900043B0F0BD0198EEE7BCB50C4605464888CB
:10A9A000001F48800846FFF702FE011F02290CD84D
:10A9B00006281AD005281DD0042811D10420A08112
:10A9C00028462146FCF72CFF18E03F2808D0203805
:10A9D0005F2805D86846057001940BF08BFB0DE0ED
:10A9E00028462146FFF7DEFD0EE02846214608F006
:10A9F0008DFB03E02846214600F008F8002803D02C
:10AA00006188091D6180BCBD0020BCBDF0B585B06A
:10AA10000C4606460F883846FFF758FD0546804825
:10AA2000C17A8D4206D2142068437E4A1268D26AE7
:10AA3000101802906268107A0023012E1CD0002E9C
:10AA40003CD11E468D4212D219280BD801218140DB
:10AA50007948014206D0734800680122774B2946A5
:10AA600008F035FE029A9078FD2101409170204651
:10AA7000FBF786F83046D0E08D4200D3C8E0567A26
:10AA800013281DD8012100918140674A114217D037
:10AA9000012821D01421634A1268D26A13283ED0BB
:10AAA000122800D0B4E00193084668431018837858
:10AAB000DF0766D14671208800229DE01846ACE091
:10AAC00001930BF015FB002800D191E003A805715C
:10AAD00003940BF00BFB93E00127284639463246DE
:10AAE0000193FFF72FFD019B002800D090E02688FE
:10AAF0004E4800688069422152220323FBF7F4F993
:10AB0000019B002800D183E005463146061D3046F2
:10AB10002246FBF779FDF8020A30082158E0694324
:10AB200050188078C00773D113212846324601930C
:10AB3000FFF708FD019B00286AD108212046FBF79A
:10AB400044F8019B06463A4800684F21405C800764
:10AB50005ED5278835480068806942214C2203234E
:10AB6000FBF7C2F9019B002852D005460673877295
:10AB7000300A6873380AE8722E1D0098C002062158
:10AB800026E05807019B43D46943521812203146EE
:10AB9000FFF7D1FC019B264800684F21405CC007AD
:10ABA00036D0278821480068806942214D2205233C
:10ABB000FBF79AF9019B00282AD00546061D30466E
:10ABC00039462246FBF7D8FC0098C002801C0F21B2
:10ABD000FF22727082223270020A6A72287200208A
:10ABE000E871A97142202946FBF71BFA019B0FE08F
:10ABF000029846710022384631461346FFF7DCFCC6
:10AC0000019B122809D8012181400A4A114204D02F
:10AC100020461C46FAF7B4FF204605B0F0BDC046FA
:10AC2000842400206824002002000C00202400203E
:10AC300070240020050004004000940230750000DC
:10AC400070B514244443144D144800684F21405CEF
:10AC5000000713D52868C06A065B11480068806940
:10AC6000062202210B46FBF73FF9002806D00146D9
:10AC70000C4848600E810220FBF7D3F92868C06AAF
:10AC8000011900228A718A78F92313408B70005BC6
:10AC9000FF21FFF717FD70BD6824002070240020FD
:10ACA00020240020314D0610B0B50C46054600208A
:10ACB000FFF7F0FB002805D001218180058061426B
:10ACC00061418170B0BD0000F8B50446FFF7FEFB9E
:10ACD00005461048C07A85421BD20F4E306829467F
:10ACE00008F0BFFC14276F433068C06A0025C553C5
:10ACF000C0190069002809D0FAF742FF3068C06A1D
:10AD0000C01905613068C06AC01985812046FFF707
:10AD10000CFDF8BD84240020682400207047704793
:10AD2000034800689C214058C06B00687047C046CB
:10AD3000702400204D2189004143044800689C2272
:10AD40008058C06B406840187047C046702400208F
:10AD500010B5014600200D4A914215D00C4A1268E8
:10AD60003423D25C521C0B4B1B689C241B59DB6B9D
:10AD70005B68521E08D04D24A4001C195B8F8B42C7
:10AD80002346F6D10448201810BDC046FFFF00003E
:10AD90001C24002070240020CCFEFFFF10B50446C8
:10ADA000F4F7ECFD012809D10E206043044909683D
:10ADB0009C228958C96B4969081810BD002010BD34
:10ADC00070240020FEB53E4C20689C254059C06B85
:10ADD0000368362100265E543A4949690A0C192A4B
:10ADE00001D3192109045960196000690293986020
:10ADF00000F0D0FA20684059C06B0768FFF7C4FA2A
:10AE0000012801D01B2000E0FB20B882FFF7BCFA2C
:10AE100004462920C0000090A9200501F4F7AEFDEA
:10AE2000012C019507D10128274D009C0CD0274DFE
:10AE3000FFF74EFA05E00128009C05D0FFF748FA1D
:10AE40002546012800D10835FD82FFF79DFA01282B
:10AE500001D01B2000E0FB203883FFF795FA054660
:10AE6000F4F78CFD012D07D10128019D16490DD065
:10AE7000FFF72EFA154906E00128019D294605D065
:10AE8000FFF726FA2146012800D10831FC831B2058
:10AE9000B8837D823C82FC81B8817983F4F7ADFE72
:10AEA000029801F033FD0A4C20683421415CF0B275
:10AEB000884203D200F00EF8761CF5E7FEBDC046CE
:10AEC00070240020842400209042000048080000E4
:10AED0001C240020F8B505464D20800068432D490C
:10AEE00009689C27C959C96B49680C1801F09AFC7C
:10AEF000064601F08DFC3043C0B206F0A3F80022F4
:10AF0000E2512E211F236354A285800868438000EC
:10AF1000204909680B4694335B681B189026A3519F
:10AF20008C23E2508823E2503023E5549A23E252E6
:10AF3000FF231D46083562554122A3542F220723C3
:10AF4000A3547D225204E266226701222285124A1E
:10AF5000628719221204A265E26522662246B43293
:10AF60009423C9581B235380081821469031486008
:10AF7000B420235209480A49506091602920C0003A
:10AF80009081204601F0D7FC8034204608F0E8FC90
:10AF9000F8BDC04670240020FFFF00001B004801E0
:10AFA00048011B00F0B585B0012B00D082E002AB58
:10AFB00007C34148C17F0191C47A0094012624212E
:10AFC0003E4A304690473E4909689C27C959C863A4
:10AFD000382530462946394A904739490968C959C0
:10AFE000C96B08604D2081002046344CA04734498D
:10AFF0000968C959C96B486001988640F0B20821B8
:10B00000A0472F490968C959C96B0968282200233C
:10B010008B54486228314E70009C13200421274E27
:10B02000B04727490968C959C96B086120462946B4
:10B03000B0473346224A1168C959C96B8860264611
:10B0400020462946154698472968C959C96BC860E2
:10B050000298012807D10E21304606F0B9FC296874
:10B06000C959C96B48610398012807D108213046A6
:10B0700006F0AEFC2968C959C96B88610A9C04981E
:10B0800001280DD12021304606F0A2FC2968C959BB
:10B09000C96BC8610120112106F09AFC2968486635
:10B0A000012C07D11C21304606F092FC2968C959B1
:10B0B000C96B086205B0F0BD84240020D1190610C8
:10B0C000702400209A21425A04239A434252425A41
:10B0D00002239A4342527047942140580188024A01
:10B0E0000A4002807047C046FFFE00009021405891
:10B0F00001880122914301807047942140580188C2
:10B100008022914301807047FEB50C468821415C46
:10B1100049060CD48830218A6288521A93B2C58DB0
:10B12000AB4209D9207AF7220240227201E0218A3B
:10B13000257B1020019005E0E069431E9841000145
:10B1400001901546002902D1207A800701D4012000
:10B1500000E0022002900E4800688C27C059001DB4
:10B16000E28951181F260E40A9198AB2A16906F07A
:10B1700090FD60612573064B1868C059301801991D
:10B18000029A114381701868C0593018C570FEBD0D
:10B190007024002070B505462C20285C012403286B
:10B1A0003FD1288F00283CD02846F9F7B6FA294627
:10B1B0002831884235D12E462C365C20305C000682
:10B1C000800F2ED1FF20083028180078800728D45F
:10B1D0008F20400028180088002822D130790124CF
:10B1E000214601F0FCFB002805D13079002101F057
:10B1F000F6FB002813D0284698304188C90710D0A4
:10B20000F18A0088401A81B202290AD3441EA1B2F1
:10B21000288F401C82B2914203D3044601E0288F5C
:10B22000441CA0B270BD0000F8B50446FF250A48D2
:10B2300084420FD00026094F38683421415CF0B2B7
:10B24000884207D2FFF776FD408FA04201D0761CDE
:10B25000F2E73546E8B2F8BDFFFF00001C240020ED
:10B260008900401890214058801C7047002901D067
:10B27000022100E0032188228258CA4001201040A8
:10B2800070479A21405A4007C00F70479A21405A90
:10B290008007C00F70479021405801880120084066
:10B2A0007047942140580088C005C00F7047942112
:10B2B00040580088C0B2C0097047942140580188A6
:10B2C0000320084070470000FEB507464124005D9A
:10B2D000F9F7B0FC0546385DF9F79BFCB6236C1E08
:10B2E000E1B20297B637702503260529324601954B
:10B2F000294605D861B28A0019498958194CA258C3
:10B30000029CE35A7C88401EC5B2052D06D840B287
:10B310008000134D2D580195124D2E58934058180A
:10B3200000024721CD0040190F49E4F789FF009042
:10B33000B44001982018000240190B49E4F780FF3F
:10B340000646FC8805F0C2FE00990818B1B28C428E
:10B3500000D821464018CD3002994867FEBDC0464E
:10B3600074A606105CA6061071020000F8B50A4625
:10B370000146074800689C23C058C06B006802ABB8
:10B38000019303AB00932430012308F08BFB8FBDA6
:10B390007024002080B5054800689C214058C06B8F
:10B3A0000068243008F0FDFB80BDC04670240020FA
:10B3B000F8B50A460146074800689C23C058C06B90
:10B3C000006802AB019303AB00932430012308F023
:10B3D000ACFB8FBD70240020BFB50C460546FFF7BF
:10B3E0009FFC3621405C002801D0002011E00A4873
:10B3F00000689C214058C06B0168486A896A03AAAA
:10B40000012300930192FE2295432A46234608F029
:10B41000E5FA04B0B0BDC0467024002070B50D46FA
:10B4200004461A4800682C21405CC007C10E01D1B7
:10B4300011220AE0164800683D22825C920624D55B
:10B440003D30C07A800720D51F224E20C0434140A6
:10B45000104800684069CEB203233146FAF744FD34
:10B46000002812D001468472002008734D720872C1
:10B470001220C871062088713E204871042008718E
:10B48000200AC8723046FAF7CCFD70BD1C2400209B
:10B490007024002020240020F0B58DB0044695488B
:10B4A00000682C21405CC007C50E6F20C6436E406B
:10B4B00001F0BAF9904909683D228B5C20221340C3
:10B4C0003D31002866D0002B00D110E1887BC007F9
:10B4D00063D0002D00D11222A08A0C90A77DE07DC0
:10B4E0000890608A0B90208A0990A0890A902068B1
:10B4F000059060680790A0680690207E0390607EAB
:10B500000490E589A07E02907C4800680069F1B251
:10B510000A23FAF7E9FC002800D1E8E00446019785
:10B5200007461F374572039820730498E07202980B
:10B530002072280AA07220460D30062505992A4659
:10B540006F4B98472046133006992A466C4B984714
:10B550006B4B2046193007992A46984721200999B4
:10B5600021542520089A225420462130090A41708E
:10B570000A99080A787039700B99080A787139713C
:10B580000C99080A787239720198F871201D2921E6
:10B590002222A2E0002B00D1A9E0887A800745D4BE
:10B5A000487AC00700D1A2E008200543E07D0C9056
:10B5B000608A0B90208A0990A0890A9020680890E0
:10B5C000207E0690607E0790E789A07E05904B481C
:10B5D00000680069F1B206232A46FAF785FC0028C4
:10B5E00000D184E00446054613354772069820735F
:10B5F0000798E07205982072380AA07220460D3034
:10B6000006220899F7F724FF0999080AA0756175C1
:10B610000A99080A687029700B99080A68712971DB
:10B620000C986076201D0121132256E0002D01D0D8
:10B630001C2200E00D22E07D0A90678A208A0B9090
:10B64000A0890C902068079060680990A068089015
:10B65000207E0590607E0690E589A07E04902748B4
:10B6600000680069F1B20923FAF73EFC00283ED0D9
:10B670000446039707461F374572059820730698BE
:10B68000E07204982072280AA07220460D30062528
:10B6900007992A461A4B98472046133008992A469C
:10B6A000174B9847164B2046193009992A46984758
:10B6B00021200B9A225425200A992154201D21462D
:10B6C0002131120A4A700C9A110A79703A70039A61
:10B6D000110A79713A710A211F22042323713E2332
:10B6E0004370E171A271F0B22146FAF79AFC0DB0F5
:10B6F000F0BDC0461C24002070240020202400201F
:10B7000051340510B0B50D460446124800683D217D
:10B71000415C89061CD53D30C07A000718D50E481B
:10B7200000684069A1212C220223FAF7DDFB0028E2
:10B730000ED00146047285721420C87104208871ED
:10B740003E224A710871200A4872A120FAF769FC6A
:10B75000B0BDC04670240020202400209823C2528F
:10B7600098304163418820220A43428070479823E1
:10B77000C25298300163418808220A4342807047D0
:10B78000942140580188012212020A430280704726
:10B7900094228058002907D0012903D00188102263
:10B7A0000A430280082100E0102102880A43028037
:10B7B000704794228058002907D0012903D00188BE
:10B7C00040220A430280202100E0402102880A43EF
:10B7D0000280704794214058018880220A430280E9
:10B7E000704794214058018804220A430280704720
:10B7F00080B594228058028803239A43028019401E
:10B8000002880A430280152007F0B8FEF7F739F8DE
:10B8100080BD10467047B0B504463625FFF780FA64
:10B8200044550020B0BD0000F0B587B00446007E4E
:10B83000617E09020E18721E082A00D30822A07E1B
:10B840000490E07E0390607D0121274F0191B8476D
:10B850000546A07DE17D09020818002106913246C7
:10B86000B8473346029606462E431920C2010621E8
:10B8700018460592B8473B460546354303980002F3
:10B8800004994718FF22F43238460699984706462D
:10B890002E43781C02994843800881B20A2900D8B7
:10B8A0000A21207F627F12021018059A0E4DA847C8
:10B8B00006432320215C1F20084005211022A847B1
:10B8C000304301D006980CE0204622300078C006B4
:10B8D00006D11E202228F5D0215C401C0029F9D079
:10B8E000019807B0F0BDC046590C0610F8B50D46DA
:10B8F00004463020205C012101F071F827463037E2
:10B9000001280ED13878012101F08AFE002808D1E3
:10B91000206F411E1DD47D214904884200D8411B5F
:10B92000216738780026314601F059F8012811D1F5
:10B9300038780026314601F073FE00280AD1E06E07
:10B94000411E06D47D214904884200D8411BE1668E
:10B9500000E022263046F8BDFEB504469A20205A63
:10B96000C20725462C35002A00D181E026469836AC
:10B970003288511A0B0404D008B2002878D5282048
:10B98000FEBD41050FD4010716D4800638D42879AE
:10B99000F4F723F9002860D028790121002213460A
:10B9A00003F0E2F959E028791146FFF7B7F97088FA
:10B9B00032490140718050E0606C376B7968401803
:10B9C0006064B9683A68287802280291019229D106
:10B9D000687DF9F72FF9042801D0062800D102204C
:10B9E000029B796999420A4600D31A462265800073
:10B9F0002018816501984008616C081860641BE09C
:10BA0000832040002718716B687DF9F769F9387851
:10BA1000012804D1716BE034204600F0CFFD70881E
:10BA2000202118E0FFF77CF9029B019961634068CF
:10BA3000984200D318462065F86820873869E16C81
:10BA40000A186266A066994203D0E364204600F0BB
:10BA500072FF70880821884370807088022101433A
:10BA6000012081437180152007F088FDF6F709FF5A
:10BA70002879F4F7DAF80020FEBDC046FFFB00008D
:10BA8000426E511A4166491E01D400207047882138
:10BA9000405C800601D5082070473E20704780B585
:10BAA000FFF748F92C210022425480BDB0B50C4666
:10BAB0000146020A12200E2A1CD81A2C1AD801227A
:10BAC000A2400D4B1A4215D00846FFF741F9002855
:10BAD00008D005463020285C01F09BFD012803D1E9
:10BAE0003A20B0BD0220B0BD30352878214601F0A3
:10BAF00083FD0020B0BDC0462000080410B50446F8
:10BB00002D2021542D34207D05F072FD207D05F07F
:10BB1000C1FD10BDF0B5ADB00546C07AFFF70AF91A
:10BB20000646FFF7FDF81F902C682220215C1F229B
:10BB3000179211402154607D1090A07B2090E07BF3
:10BB40000C90207C1890607C1A90A07C1C90E07C6B
:10BB50001390207D1690A07D0890E07D0E90207EB1
:10BB60001590607E0990A07E1190E07E0A90207F63
:10BB70001490607F0F9020781D90204622304078EE
:10BB80001990A87BF9F756F8229004F077FF0B90F4
:10BB90009420305800230360902030580360A82080
:10BBA0003352422033522D203354452080003350ED
:10BBB0001121090173542121C9007F2272542F21C0
:10BBC00007227254882173508C2173503146A8315A
:10BBD0000B8121918B7230181E930D9043600127C9
:10BBE00037852395A87B41217054199A17980240F4
:10BBF000E87A31211B9272543021129170540998C5
:10BC0000000215994018159080B24102F1640F9915
:10BC10000902149A8918149189B2090303220F9218
:10BC2000920242437266B166139800021C99401852
:10BC3000169909044018169070650A980002119927
:10BC4000401811903087FF250A95123505F008FA43
:10BC50001C977755239F70877D204004F0663067DE
:10BC60008320400033180C9800022099401818993E
:10BC7000090440181A99090640181A9032462C32C5
:10BC80001E3418940B9801282092139306D1387C07
:10BC9000012803D120201D99084004D1387BFE21C2
:10BCA000014002291BD101201870B87B189C214645
:10BCB000F9F716F83546E0352846214600F07EFCB7
:10BCC0002098407D002200921A9901910292294603
:10BCD0001B92134600F08DFC209A1E9001E01E98E6
:10BCE00018709F200D998877F8488883F848488312
:10BCF000106E1C9988431066F87AF3F786FF2920A6
:10BD0000C500A9200701FEF73FFB012818D11F98A5
:10BD100080891B280FD12298042808D11F98408AB7
:10BD2000B84208D11B2021990882888110E01F9811
:10BD3000008AA84204D0209A106E042101431166A3
:10BD40001B202199088288812298042800D02F4640
:10BD50000E9800020E9021998F824F820F831B2034
:10BD6000C882C881CF838F831F9D688B4883239FA0
:10BD7000F87A02F0CFF8F87A02F0E4FFF87A01F0EE
:10BD800087FE2846314600F0CBFDF87A02F0DEFF50
:10BD9000F87A00F04BFD304602F044FEF87A01F0EC
:10BDA0005BFC2298F9F737F9397BCA4A12681768A1
:10BDB000032904D002290BD1381A3E3812E00E2193
:10BDC000229D284604F026FF381A3E38239F0BE0B8
:10BDD0002399497B381A002901D0903002E0812153
:10BDE00049004018239F229D1D9B08995A060E9CCE
:10BDF0006118042D0F9C07D03D7BFE232B40022BA6
:10BE000000D11C931C9C1D9BDB090E93D20F0F923B
:10BE100061184D0229183C68787B00282AD01D91B2
:10BE20001998470904F012FF19901C97384600F042
:10BE30008FFD0321209A117010994902716319999D
:10BE400040187085F16C1F9A5268914200D31146D8
:10BE5000316580B2294604F0D3FE0D304100726B8B
:10BE60008A18A41C1F94022110910F9C239F994BA8
:10BE70001D9D1BE00D460221209801700020708559
:10BE8000229A042A00D0114689007118896DF26C3B
:10BE90008A42904B00D30A463265109909026D1808
:10BEA00008341F94852110910E9C1C907564B06419
:10BEB00024A8002181801D91249118683D21415CB6
:10BEC0008906199206D53D30817BC90705D1807A54
:10BED000800702D427461F9C36E078680168FE235D
:10BEE0000B4024AA022B00D01F92CDB2797B0029EF
:10BEF0000CD024A90E9A002A16D039684A7BC02398
:10BF0000134024AA402B0ED011460DE024A90F9A0D
:10BF1000002A09D03A68D179C0230B4024A9402BCC
:10BF200002D1911C00E00831BA7A26AB9A753A89A1
:10BF30009A821F9A27922891FE2D03D003210D404B
:10BF40002F4600E00127441C21991D9D0D6301200F
:10BF50003840129A88544D6308463030401C0622FF
:10BF60002146F7F775FA26A8857607761C99C175DC
:10BF7000149941821199018215998181718FC18132
:10BF8000239F797B41762694FFF786FAF87B002879
:10BF900003D0B97A708FFFF741FA13980178708F48
:10BFA000FFF7B0FB2199086B496BFFF7DFF97C7B4A
:10BFB000BF7B3846F8F74FFE21903846F8F760FE11
:10BFC0003846229D2946F8F7D8FF38462946F8F723
:10BFD00068FF38461899F8F783FE38461A99F8F73B
:10BFE0006DFE38461E99F8F7F2FF38461B99F8F7B0
:10BFF000CFFE38461699F8F7A4FE38463146F8F7D2
:10C00000AAFF3546143538462946F8F738FF384632
:10C010002199F8F7C7FFFEF75BF9002802D13846EF
:10C02000F8F7D2FC3846002C02D0F8F719FF01E0EF
:10C03000F8F782FF34462834FEF7A6F9012801D12B
:10C040000A980CE000F0EEFB01280A9807D000F0F7
:10C05000DFFB012801D0179801E01D98C043C1B251
:10C060003846F8F780FE304621463A4600F03CFA62
:10C07000002128463A4600F037FA3046F8F783FCAC
:10C080002846F8F73EFC2398817B2291407C344679
:10C0900044341CCC20998D78CF780F4907910F49F3
:10C0A00006910F4905910F49049103970295D11A02
:10C0B00001910094002801D00C4C00E00A4C199B1F
:10C0C000109A22983146A0472DB0F0BDFF04000021
:10C0D000FBF70000702400200B6106109962061027
:10C0E00043610610CD610610B915061055110610F2
:10C0F000F0B589B0044691204000255AE76CFF2630
:10C100000836F7F770FAA15DFE220A40A2553521E4
:10C11000090146187D4368003018EFF3108172B6AC
:10C12000616CC943401800D489E083204000201886
:10C130000890304605F04AF8002804D041490968C3
:10C14000C97B032971D106970490204631300790AE
:10C15000204642300590606C801B002708214AB2BF
:10C16000002A0CD4CBB22A469A40904202D3012630
:10C170009E40BF19821A00D31046491EEFE7089966
:10C18000888B4743059A1088C01B1080BEB2079D5C
:10C19000287C097801290FD11746F8F766FC3F88FB
:10C1A0002A7C00230093019002932146E03110463F
:10C1B0003A4600F01EFA10E0F8F7CEFC2521081AE6
:10C1C000089047432878381880B200F0E7F92870C3
:10C1D0000899081880B200F0E1F901462F46287C42
:10C1E000F8F7F5FE06984643606C801B6064608D2E
:10C1F000314604F005FDA26C824204D9121A0D2AC0
:10C2000000D80D22A264049D606E80196066606F84
:10C2100051000918606C821A387C04F07FFF002DF1
:10C220000DD1387C04F0F4FF09E0089A5078012120
:10C2300001435170132007F0A1F9F6F722FB62B613
:10C2400009B0F0BD7424002010B500242046FEF78C
:10C2500071FD0A4909683422895C2C30A14207D05B
:10C260000278002A06D04D2292008018641CF5E75F
:10C27000FF2401E001210170E0B210BD1C24002068
:10C28000F8B506460088FEF763FD002812D0044684
:10C2900007462C37EFF3108072B63D4654352846DA
:10C2A000314607F061FB3878032805D12046FFF7B7
:10C2B0001FFF1AE00220F8BD787D284E3168497BC7
:10C2C000884212D1F7F78FF931680968C9434018DD
:10C2D00001218902401808D55C20385C400604D44E
:10C2E0002046FEF7E4FF002802D062B68420F8BDA5
:10C2F0002046F8F712FA06462046283086420AD031
:10C3000001212046FEF7ACFF8642EED030781021A6
:10C3100001433170E9E7124800688C2140582E68CB
:10C32000318AF28951181F220A401718BD1C204675
:10C330002946F8F734FA20463146FEF7E5FEE6676F
:10C34000F8780028D1D001212046FEF78FFF012880
:10C35000CBD16878001D6870C7E7C0467424002000
:10C3600070240020F0B585B00F4604464120205CC3
:10C3700083214900615C25462C3501290DD1F8F750
:10C3800074FBEA8A6E7D002300930190029321469C
:10C39000E031304600F02DF910E01646F8F7DCFBEE
:10C3A00004970746464368793618B0B200F0F6F8AD
:10C3B0006871F01B049F80B200F0F0F80146687DC0
:10C3C000F8F705FE287802280CD12046F8F78CFAF9
:10C3D0002046F8F7F3F9687DF8F7AEFD626C216D41
:10C3E000687D2DE0A66C608D394604F009FC80194B
:10C3F000A16C002900D10D30E16C49083E3988421A
:10C4000001D9082022E0A064616B4000002901D01E
:10C410000F1805E0616F0818276DB84200D807466D
:10C42000264614363046F8F75FFA3046F8F7C6F974
:10C43000687DF8F715FD606CA16C421A687D39467D
:10C4400004F06CFE608E401C6086002005B0F0BDDC
:10C4500070B5044606462C360546D035F3F78EFAFD
:10C4600001280BD130790E2141430E4800689C22EF
:10C470008058C06B40694018C07900E00120F8F78F
:10C48000CAFD09494843000A103028603278032A5F
:10C4900007D1626BA36C5B009A185143090A081814
:10C4A000286070BD702400207102000070B5002467
:10C4B0002046FEF73FFC05460A4E30683421415CB9
:10C4C0008C420DD2FF210831695CC90703D0284690
:10C4D000FFF70EFE30684D2189006D18641CEDE7F2
:10C4E00070BDC0461C24002070B516460D4604469B
:10C4F000F8F720F92046F8F738F92046F8F776F9EA
:10C5000020462146F8F7B0F92046F8F7E1F9204631
:10C510003146F8F7C5F92046F8F70FFA2046F8F744
:10C52000E3F92046F8F74AF92046F8F790F9002D8C
:10C530000DD0942000210A46F7F78AFF01462046D5
:10C54000F8F7ECF920462946F8F729F970BD1248AA
:10C55000006890214558962001210022F7F778FFC6
:10C5600001462046F8F7DAF92046F8F74BF920465D
:10C57000F8F760F92046F8F751F92046F8F72AF95C
:10C58000A91C2046F8F70BF92046F8F794F9204645
:10C59000F8F7ECF970BDC04670240020064941430D
:10C5A000090C2422D2434A43101881B2242900D90D
:10C5B0002538C0B27047C046EB06000070B50D4686
:10C5C0000446401C002625223146F6F751FF30462E
:10C5D000252E0CD207213140F208AA5CCA40D107AF
:10C5E00003D0C1B261184E70401C761CF0E7207079
:10C5F00070BDF0B58BB0059317460D4609A9F8F745
:10C6000044FA119C10980690002818D00495129EA8
:10C6100000250698A84210D00498039009A802901B
:10C6200008A8019007A80090EBB220463946059A69
:10C6300000F012F870556D1CEBE730780AE00395B6
:10C6400009A8029000220192009220463946134622
:10C6500000F002F80BB0F0BDF0B589B0154608AA9D
:10C6600000261670002D06931A4600D12A46070CA4
:10C67000474011980790002D04D100230698012807
:10C680001C4638D810980590794051400C46022E2F
:10C6900007D8A0B200F042F811214143CC19761C12
:10C6A000F5E72046784086B23046FFF777FF24282A
:10C6B00015D8C108059A525CC900411AC9B2CA40CE
:10C6C000D1070CD008A90870079A511C12780023D2
:10C6D0009A420DD0CE5C86420BD05B1CF8E70799DE
:10C6E00008784643330CC818407808A9087000E061
:10C6F0002523002D0ED10F990E9808ADBAB20090E7
:10C700000192079802900395A2B2DBB2069800F05E
:10C7100003F8287809B0F0BD7047000041000A4ACC
:10C720000A4040080949014088188100084A0A4027
:10C7300080080849014088180101074A0A40000999
:10C740000649014088187047AAAA01005555000003
:10C75000CCCC070033330000F0F000000F0F0000D6
:10C76000B0B50124204603F0F7F90546204600F055
:10C77000B4F828430AD1064800689C2140580C3080
:10C7800007F00FFA00F05AF80020B0BD0C20B0BD41
:10C7900070240020F0B587B00C4605460691059040
:10C7A0000126304603F0D8F90746304600F095F8E8
:10C7B00038431DD1E8B2FF2805D10590FF210906B5
:10C7C0000C4006940546104800689C21405803A977
:10C7D000019104A900910C3001232946224607F05B
:10C7E00061F9002806D005A8012100F026F805E02F
:10C7F0000C2006E003A80078002801D0002000E00B
:10C80000072007B0F0BDC04670240020002070470C
:10C8100000207047704700207047002070470020BC
:10C82000704770470020704700207047704770477E
:10C8300070477047704700207047704770477047D7
:10C8400070477047704700008C21414304480068DE
:10C850009C2280584068806B0068006840187047D0
:10C8600070240020704770477047000010B5012801
:10C8700010D101290ED1012A0CD100242046FFF746
:10C88000E3FF14300449897F002903D004608C3011
:10C89000491EF9E710BDC0468424002000207047DF
:10C8A000024800689C21405840687047702400206E
:10C8B0007047704710B50446FDF76CFD012808D19C
:10C8C000601E062807D8FFF7EBFFEF214454002035
:10C8D00010BD112010BD122010BDB0B505460024BA
:10C8E000FDF758FD01280DD1FFF7DAFFEB21415C80
:10C8F000C90707D0002D04D0EA3000780124044095
:10C9000000E001242046B0BD002070470021034A0A
:10C91000C16202631921C9018186704701000100CB
:10C9200080B503464920800008182C330A22194696
:10C93000F6F78EFD80BD4721890000224250401845
:10C94000012109044160704770477047002070471B
:10C950004007000F0149085A7047C0468CA60610D0
:10C96000801EC0B2032801D3002002E0C1000248AB
:10C97000C840C0B27047C046010406002A2804D847
:10C98000032141430248405C704716207047C0466F
:10C990009CA60610B0B50446FEF7CCF90021FEF7C0
:10C9A0005FFC0546204600F00DF80188044A0A4065
:10C9B00069880906C90C891810310180B0BDC046CC
:10C9C0000FE0000080B5FEF7B5F9B03080BDB0B51E
:10C9D0000C468500FEF7A4F980684451B0BD80B5CF
:10C9E00000F004F801780120084080BD10B50C4625
:10C9F000FEF7A0F90019A83010BDF8B51C46154681
:10CA00000E460746FEF796F98019AC214554384684
:10CA10003146FFF7EBFF0178DE220A40E107890E7D
:10CA20008918491C0170F8BD70B516460D460446BC
:10CA300000F014F8B04210D120462946FFF7D6FF87
:10CA400000210170012D01D06C2500E070252046E9
:10CA5000FEF770F97D214904415170BD10B50C46B7
:10CA6000FEF768F90019AC21405C10BD10B5144602
:10CA7000FFF7BCFF022C05D8E100034ACA40017849
:10CA80001143017010BDC0460204080080B5FFF7D5
:10CA9000ADFF017810220A430270152006F06EFDEA
:10CAA000F5F7EFFE80BD10B50C46FEF743F9A10087
:10CAB0004018A021405810BDB0B50446FFF796FFBE
:10CAC00005462046FEF736F9297840220A432A70A7
:10CAD000FEF787FEB0BDB0B50446FFF787FF0546F9
:10CAE0002046FEF727F9297840220A432A709A2126
:10CAF000425A012313434352B0BD0000F0B58DB03C
:10CB000004460CA8002707802046FEF713F9FF21F2
:10CB100012310B90405C0028069400D183E020463F
:10CB200000F0C2FB2046FFF74DFF06462046FEF709
:10CB300001F904463588FEF7C0FB290709D503280B
:10CB400007D100212046FEF753FE30880821884394
:10CB50003080069800F0B0FB002800D12EE10B9841
:10CB600006462C363946FEF77BFB857805904078E3
:10CB700008900121069C204604913A4600F0ADFB46
:10CB80000990204639463A4600F0A7FB034607962F
:10CB90003078841E611E204688410A952A2D00D9CE
:10CBA00068E003210A9A5143A14A51184978089A2A
:10CBB000914200D05EE00A992A2900D95AE00A99E8
:10CBC0004900C0467944898849008F445400540084
:10CBD0002A0054000E030E032A002A0054002A00E3
:10CBE00054002A002A002A000E03530053002A0092
:10CBF0002A002A00150315032103600325035300AF
:10CC00001903190329032A002A001D032D031D03FC
:10CC1000330311031103110337033D0341034C0395
:10CC20005203049827E02046FEF784F805462D209D
:10CC3000285C002800D19BE00A902F462C372E4616
:10CC4000D836786D3C465434797D0B91002801D05C
:10CC5000F8F7E2FE204606F083FE03CEFEF7A8FBBF
:10CC6000744800682C21405CC007C10E6C8F48D10D
:10CC700005224DE038460999194300D09EE000286E
:10CC80007DD00598C6780124069F3846214600F0DD
:10CC90003DFB05903846214600F040FB0A9D04907C
:10CCA0002846039631463A460994234600F03EFB57
:10CCB000411E88410599491B4A424A410243049852
:10CCC000001F45424541154000243846214600F0EA
:10CCD0001DFB06460798007807903846214600F06D
:10CCE0001DFB074601284ED10798811E481E814131
:10CCF0000A980446089A00F041FB002844D0012518
:10CD000042E04D4800683622805CC0061DD51522E1
:10CD10006F20C0434140494800680069CEB20223F9
:10CD20003146F9F7E1F800280FD0014604720A985D
:10CD300088720020C8710420887105224A71087128
:10CD4000200A48723046F9F76CF9284601F0A4FF32
:10CD5000069C204600F018FC2046FEF7BBF8204653
:10CD6000FFF79CFD002803D0012038700B987875E0
:10CD70000CA84178022900D032E2012033E2069863
:10CD8000FFF708FE17E00A9C039904227A40204628
:10CD90006640164374427441042F099E00D0264613
:10CDA0000023069A00F0C2FA002800D12646012E80
:10CDB00004D0002D02D10B98FEF798F900200590C1
:10CDC000C043069F012800D1FFE10A90401C0B9050
:10CDD000384600F05AFC002817D03846FFF7F2FD1D
:10CDE00005460088800700D5EDE13846FDF7A2FF33
:10CDF000B224065D002E08D03846FDF79BFF09904F
:10CE0000FEF75BFA002800D1E1E00B98C6B2384685
:10CE1000314600F083FA054605280896099016D891
:10CE20007D442D796D00AF440B14446599B7C0461D
:10CE30009CA606101C240020702400202024002022
:10CE4000384600F022FC0446401E844180E12C4616
:10CE50007EE10A98002800D1DFE0384600F02CFA85
:10CE6000002800D1D7E001253846294600F056FABF
:10CE70000446384600F010FC042C03D12C46002850
:10CE800000D165E1002101243846224600F00CFC67
:10CE9000002800D153E100213846FFF7A0FD00280B
:10CEA00000D152E10021384600F0F4FC002871D195
:10CEB00043E13846FDF73EFF044638463146FFF76A
:10CEC00095FD0078C70607942046FEF7F6F9022480
:10CED000002F00D49DE0002800D09AE00127069D95
:10CEE000284631463A4600F0F8F9002800D1B6E06D
:10CEF0002F462DE13846FDF71DFF0546FEF7DDF90B
:10CF0000032800D0EDE038463146FFF7A7FD00F0DA
:10CF1000FFFC044600263846089932463346A047AF
:10CF200002463846089900F000FD28463146089C24
:10CF3000FEF75EFC38462146FFF751FD00286AD017
:10CF40003846214600F0A6FC002860D1384621462C
:10CF500000F0DCF9FF2868D00424F9E0384600F03E
:10CF6000ABF90424002800D1F2E003223846314610
:10CF700000F09AFB00285AD038463146FFF72FFDC3
:10CF8000002800D1BBE03846314600F083FC002881
:10CF900000D1B6E00524D8E03846FDF7CBFE0446C4
:10CFA000FEF774F9012832D138463146FFF756FDB5
:10CFB00000F0AEFC0028079400D194E0054620461E
:10CFC000FEF75FF9012800D18FE007228EE00121F2
:10CFD0000A910998FEF744F9B24901807106490C9B
:10CFE000891C418028880221014329803846FDF7A9
:10CFF000A1FE059D055509980A9C2146FEF7F8FB00
:10D000000422384621462B46FFF7F7FCDBE00524D7
:10D010009EE0069F9CE001249AE0012438462146C8
:10D02000FFF7DDFC002800D192E0022490E02646C4
:10D03000384600F031FB04460B98414241413846E6
:10D0400000F06CF9002C64D03846FDF773FE002127
:10D05000FEF706F9384600F024FC344678E00497E1
:10D06000FF222846314600F024FC00282F466FD1CD
:10D0700038463146FFF7F2FC00F04AFC04460798B8
:10D08000049D2946FEF7ECF8034606223846314651
:10D090000393A04738463146FFF7A1FC00282C46F1
:10D0A00056D038463146FFF7A1FC0178EF220A40FE
:10D0B0000270FF223846314600F037FC0124079801
:10D0C0002146FEF795FB039A50780821801CC0B2D8
:10D0D0000091019002920020214622462346F8F753
:10D0E000FEFE032434E0052405E008220023384630
:10D0F0003146A84701240798FDF7E4FF28E0012402
:10D1000023E03846314600F001F9FF2815D0042409
:10D110001BE0042804D00B99002995D0012893D155
:10D120003846FFF74FFC0188042421430180152075
:10D1300006F024FAF5F7A5FB0AE0022405E03846DC
:10D14000FDF7F8FD0021FEF78BF8384600F0A9FB4B
:10D150003846FFF737FC06460088C00627D5384614
:10D16000FDF7E8FD0546FEF7A8F807940446002100
:10D170000122384600F0B1F82043079C17D13788C8
:10D18000012428462146FEF76BF8464901807909BB
:10D19000069F0902C91D41803088082101431020E3
:10D1A0008143318028462146079CFEF721FB0998E0
:10D1B000A04204D038460899224600F05DFA0CA837
:10D1C0000A99401844700B98FCE50CA802780120DD
:10D1D000022A08D00CA94978022904D0032A02D0D7
:10D1E000C91E484248410DB0F0BD6042604142E571
:10D1F0001C46FDF7CBF846E01C46FDF7C5F842E0BB
:10D200001C46FDF765F83EE01D46FFF701FB22E0F6
:10D210001C46F2F7B3FB36E01D46F2F7AFFB1AE00F
:10D220001C46FFF7FFFA27E0654265411C46FFF701
:10D23000EFFA31E01C46FFF7EBFA24E06542654166
:10D240001C46FDF7ABF827E01D46FDF7A7F802E006
:10D250001D46FCF748FF2B46411E8841611E8C414C
:10D260000440204607E5654265411C46FCF73BFF4C
:10D2700012E01C46FFF7D8FA23460028384600D1B2
:10D28000F9E4FDF787F82346411E8841F3E465423F
:10D2900065411C46F2F772FB2346411E8841284037
:10D2A000E9E4C0460302000080B5FFF78BFB01886C
:10D2B00001220A43028080BD10B5FDF73BFD044604
:10D2C000FDF7E9FF002806D02046FDF7F6FFC01E57
:10D2D000411E884110BD002010BDF8B51446074618
:10D2E0004E424E413146FFF77AFB002500280BD015
:10D2F00038463146FFF77AFB022C05D80078611CCE
:10D30000C9B2C840012505402846F8BD10B50C46F5
:10D31000FDF710FD0019AE21405C10BD10B50C46A4
:10D32000FDF708FD0019AA21405C10BDB0B50C4600
:10D33000054610461946FFF791FB014601200D2DC9
:10D3400002D1012900D1B0BD0022112D01D0072D3D
:10D3500010D12A2C04D803236343074DEB5C00E073
:10D360001623994206D103216143034B591889784A
:10D370000029E8D11046B0BD9CA60610B0B5002328
:10D380002A2863D803244443344D2C1964789442EA
:10D390005CD12A285AD8800001A210588746C0467E
:10D3A0004FD405104FD405104DD405104FD405109F
:10D3B0004DD405104DD405104DD405104DD4051095
:10D3C0004FD405104DD405104FD405104DD4051081
:10D3D00053D405104DD4051057D405104DD4051065
:10D3E0004DD405104DD4051053D405104DD405105F
:10D3F00053D405104DD4051053D405104DD4051049
:10D400004DD405104DD4051053D405104DD405103E
:10D4100053D4051053D405104DD405104FD4051026
:10D420004DD405104DD4051053D4051053D4051018
:10D430004DD4051053D4051053D4051053D4051002
:10D4400053D4051053D4051053D40510194608467B
:10D45000B0BD0121FBE748424141F8E79CA6061018
:10D4600080B507200149FFF7B2FA80BD79EE0510BB
:10D4700080B500200149FFF7AAFA80BD9DDA0510AA
:10D4800080B502200149FFF7A2FA80BD8DD90510B1
:10D4900080B506200021FFF79AFA80BD80B50A20EA
:10D4A0000021FFF794FA80BD80B509200021FFF725
:10D4B0008EFA80BD80B50B200021FFF788FA80BD71
:10D4C00080B50C200021FFF782FA80BD80B50D20C9
:10D4D0000021FFF77CFA80BD80B511200021FFF705
:10D4E00076FA80BD80B512200021FFF770FA80BD6A
:10D4F00010B50E2000242146FFF769FA10202146BE
:10D50000FFF765FA10BD0000B0B501201849194CAD
:10D51000A04703201849A04705201849A047082024
:10D520001749A047F2F71DFBF2F722FBFFF7B0FF08
:10D53000F2F710FBFFF7B8FFFFF7B0FFFFF7BAFFF6
:10D54000FFF7BEFFFFF7C2FFFFF7D2FFFFF7C4FFF1
:10D55000FFF7C8FF00240B4D28683421415CE0B27E
:10D56000884203D200F010F8641CF5E7B0BDC04655
:10D5700021DF0510CFC905100DE7051041F7051093
:10D58000CDEC05101C240020F8B538264643009049
:10D59000FDF7D0FB0546164800689C214258D26B27
:10D5A00092689219A023EA504058C06BC068801955
:10D5B0002E46A0367060AE27B02F0FD03846AE385A
:10D5C000E919091F00240C70C1B20098FFF70EFA88
:10D5D0000470FF20E855F4747F1CEDE70024B47458
:10D5E0000098FFF7EFF9048002486887F8BDC0464D
:10D5F00070240020FFFF000010B580240C43FDF7CD
:10D6000099FBB2214454152005F0B8FFF5F739F91C
:10D6100010BD80B5FFF7D6F900788007C00F80BD38
:10D6200080B5FFF71BFAFD2108404142484180BD0B
:10D6300080B5FFF713FA80BD80B5FDF77BFB422173
:10D64000415A91225200825A008F401C50430622B8
:10D650004243501880B280BDB0B50446FFF724FEA7
:10D660002046FDF767FBAA21012545542046FDF71A
:10D6700061FBAB214554B0BDB0B514460D46FDF776
:10D6800059FB4019AA214454B0BD80B5FFF79AF95F
:10D6900001880120084080BD80B5FFF793F900782C
:10D6A0004007C00F80BD0000F0B58FB006920D4658
:10D6B0000646FDF73FFB2C21415CC91E4A424A4108
:10D6C000059200240A902146FDF7CAFD4178049195
:10D6D0000990478830462946FFF718FE03903046E8
:10D6E000294607942246FFF7F8FD0B90FAB2304620
:10D6F00029460E9200F0DDF80C906C4208956C41C2
:10D7000030462146FFF70AFE05460D963046214673
:10D71000FFF7FCFD3A46F91FCBB20B2B02D30E9953
:10D72000079F01E001270E990C9E012E03D1042DC5
:10D7300047D1884245D15549D9400F40160A0B9927
:10D7400001291DD10C900E9831460D9E324623467C
:10D75000FFF7ECFD042D0CD101214F4001D1002831
:10D7600007D00C980E99401A411E88410740012F9E
:10D770006ED130462146FFF771F90546052626E0B1
:10D7800000240698032849D0012844D10E9E304633
:10D790000599049AFFF7F2FD01283CD101240D9D63
:10D7A00028462146FFF71BF907462846214600F088
:10D7B00097F80546304600F09BF801284AD02246EB
:10D7C00049E00D982146FFF749F905460426099FCF
:10D7D00078781021801CC0B200910190029701243A
:10D7E0000020214622460346F8F779FB284600F040
:10D7F0008FF800280CD0054632460D9E30463B4639
:10D80000089F3946A84702463046394600F08DF851
:10D810000A98FDF76BFC20460FB0F0BD0D98089DEF
:10D820002946FFF71BF90C90002F09D00E983146BE
:10D830000D9A2B46FFF77AFD0446012804D0EAE74B
:10D8400003980E99884213D10326099F0C9DBFE7C8
:10D850000024E0E70222674065403D43099F00D075
:10D8600022462A2E0ED80320704309490D5C0AE097
:10D870000A98FDF716FD0128CDD10C980128CAD1D0
:10D8800001257BE716251646A2E7C04641040000A5
:10D890009CA6061080B5FFF7A9F800784006C00FD7
:10D8A00080BD80B5FFF78EF8018804229143018086
:10D8B00080BDB0B50C460546FF2A03D0104600F0E7
:10D8C00017F803E02846214600F00AF8002805D0A2
:10D8D000022228462146FFF700FDB0BD0020B0BD62
:10D8E00080B5FFF783F800788006C00F80BD000088
:10D8F00010B50146002005A20346042B04D0D45CD9
:10D900005B1C8C42F9D1012010BDC0460100161FDE
:10D9100010B501461439032901D2002010BD84003E
:10D92000FDF7FEF98068005910BDB0B514460D46EC
:10D93000FDF700FA4019AE214454B0BDB0B5014620
:10D9400000791F2811D8002002460346252A0FD04F
:10D9500007241440D5084D5DE540EC0703D05B1C5F
:10D96000DCB2022C03D0521CF0E70020B0BD012035
:10D97000B0BD000080B5044909689C22895848312F
:10D980000522F5F765FD80BD70240020F0B585B057
:10D990001E46174605460391FFF785F804462846BC
:10D9A000FDF7C8F90246781E06286CD8784400793D
:10D9B000400087440303683068355A002C20105C0F
:10D9C000032860D10292F01C0746FFF7B7FF012839
:10D9D00051D1307A0190767A05223846214605F0F9
:10D9E00055FF30020199401882B202982146FDF796
:10D9F000B5FE00260227284631463A46FFF736F89C
:10DA00000123284631463A46FEF7F7FF2846039998
:10DA1000FFF761F837E0B078012830D02A212FE0F5
:10DA200028460292FFF708FE04AF388020462946B8
:10DA3000FFF7A0FF0120B070082070700320307045
:10DA4000F11C0522204605F021FF08360222384647
:10DA5000314605F01BFF3A8802982146FDF77EFE0D
:10DA600028460399FFF728F80DE00222284603997B
:10DA7000FEF7DAFF07E02846FEF78CFF03E02321DC
:10DA80001046FEF73BF8FF2005B0F0BD00207047C0
:10DA9000704770470020704770470000F0B591B0A4
:10DAA0001E46144605460C91FEF7FDFF0746284624
:10DAB000FDF740F90346601E072800D9CEE0C046B6
:10DAC00078440079400087440303C922C92F7CC4ED
:10DAD00018462C300078032800D0BFE09120400089
:10DAE0000B93191873893289F0880C8800210091F2
:10DAF000019102940A90014609921C4600F006F931
:10DB0000002800D1ADE02846FEF744FFA6E0B0783B
:10DB100023210F280A4600D02A22002800D01146CF
:10DB20001846FDF7EBFF99E00B93B01C0890FDF74A
:10DB3000F7F809902846FFF77FFD044628200121C9
:10DB400007913954388B798B081840081090B88B9E
:10DB50000690F88B05900DA8057110A90F910D97EF
:10DB6000F2F714F8109838830A942104059A89185A
:10DB70000491069C23040343089862490AC004994F
:10DB8000016061483080032040021103FC6039616C
:10DB90000799490203C709980068798B0902083F71
:10DBA000884200D30846786110984002B8600B980C
:10DBB00039460A9AFDF7DBFD28460C99FEF77CFFF3
:10DBC0004CE02820385C012843D11C460DA8057183
:10DBD0000D97F1F7E7FF494800683D21415C890650
:10DBE00032D53D30407A40072ED5F88B0A90B88B5D
:10DBF00009903F8B648F424800680069802124228D
:10DC000004263346F8F770F900281DD001460B3082
:10DC10004C7207700B97099F4F730A9B0371002288
:10DC20000A720322CA710A228A713E224A710E7157
:10DC3000220A8A720B9A120A42703A0A8A731A0AE4
:10DC400042718020F8F7EDF9002128460A4600F0DD
:10DC5000C0FE002228460C99FEF7E6FEFF2011B018
:10DC6000F0BDF078002800D14DE70A99491E082937
:10DC700000D30821814200D245E7B2880A998A423E
:10DC800000D940E7FC830999B9830A9B3B837B83D6
:10DC900024035B02520240020DC739607C600B997D
:10DCA000CA6C01200C3F9A4207D18A6E944204D17B
:10DCB000088F0999081A411E8841282178540A982A
:10DCC00010900DA8057110A90F910D97F1F75EFF47
:10DCD000022228460C9C2146FEF7C8FE00220123A2
:10DCE00028462146FEF789FEB2890B983946FDF792
:10DCF0003EFD28462146FEF7EEFEAFE770240020E9
:10DD00002024002000030100030C000070B504462D
:10DD10001220062C1CD31925ED01AC4218D8062977
:10DD200016D3A94214D8A14212D394087C2C0FD840
:10DD3000059C049EB4420BD30A2B09D3AB4207D8EF
:10DD40000698521C4A4342439008834201D812204D
:10DD500070BD002070BD0000FEB5064687680479DE
:10DD60002046FCF7E7FF05462046FDF717F8002898
:10DD700044D08079042841D17802E96C81423DD0B9
:10DD800028462C300295B63539683D2212016B8841
:10DD90009B019A18EB889A4200D81346184A4A43C6
:10DDA00011463668007802280BD1164818188142AF
:10DDB00007D2019112490093E2F742FA009B0199C0
:10DDC00038602888F0844B2080001818091A00D287
:10DDD000002168892A8A904200D310468142029B22
:10DDE00000D8084682B2A92109018A4200D8084613
:10DDF000B08401212046324600F006F8FEBDC04640
:10DE0000E2040000BC0B0000F8B51C4615460E46A7
:10DE10001F46B437FCF7C2FF002802D00088022852
:10DE200001D0012000E00320A98C0B4A8918C140D1
:10DE30000A480818C00881B23888884200D30846CA
:10DE4000002E02D0E98C814200D301467980204621
:10DE5000FDF73AFAF8BDC04688FEFFFFB5FF0700A0
:10DE6000FEB5056806793046FCF764FF0746304684
:10DE7000FCF794FF002847D08079042844D13C4621
:10DE8000B434A88CE18881423ED0E0800021304645
:10DE90002A463B46FFF7B8FF1C4800683D21415C1D
:10DEA000890631D53D30407A40062DD52689A58892
:10DEB000E0880190208802907F8F154800680069F3
:10DEC0008021262204242346F8F70EF800281BD0D0
:10DED000014606748573019B0373029A827207726E
:10DEE0000720C8710B2088713E2048710C71300AE0
:10DEF0004874280AC873180A4873100AC872380A86
:10DF000048728020F8F78DF8FEBDC04670240020CE
:10DF100020240020704700207047704770477047EA
:10DF2000F0B58DB0099317460D460646FEF7BBFDCA
:10DF3000044608963046FCF7FDFE0346052F07D140
:10DF40003D211846FDF7DAFDFF2738460DB0F0BD3C
:10DF50000794224628321E462C363078022829D1D2
:10DF60001078401EFF270B28EFD8400078448088A7
:10DF7000400087440B00A400A700C200CC00D000E2
:10DF8000330137015F016F017E0181010A20099988
:10DF90008870FF273846043008800121089815460C
:10DFA0000A461C46FEF762FD2046FDF713FC0220E0
:10DFB0002870CAE7012F2ED100205070069200254C
:10DFC0001E4618462946FDF751F909998978032913
:10DFD00057D100283346079FB2D1099CE01C39462F
:10DFE000303108220592194B984720460B303946AC
:10DFF0002E310222154B984720460D303946059A9E
:10E00000124B9847153420370422204639460F4BCF
:10E01000984705203BE05078FF270D2895D80597B5
:10E02000112109015F18400078448088400087442E
:10E030000F00100065016D0176019B01D6012002E1
:10E04000E9014002ED01FE01140234028D38061090
:10E05000B4E70B200999887002205070FF273846DA
:10E060000430088000240122089821461D46FEF74E
:10E07000FDFC2846FDF7AEFB28462146FDF799FB3F
:10E0800063E70128334600D05AE701252846069F5A
:10E0900078703D710024089D284621462246FEF7EF
:10E0A000E5FC3046FDF76CFB28462146FEF7EEFC0A
:10E0B0000122284621462346FEF79FFC44E7032021
:10E0C000107021E1099880780B2800D038E70420EF
:10E0D0001070022118461D46FDF76BFB0124089EB7
:10E0E00030462146FEF7D2FC002230462146FEF79C
:10E0F000BDFC2846FDF744FB27E70B2009998870F3
:10E1000005201070FF273846043008801DE70620E0
:10E1100010700121D6E1099CA01C019005970027F1
:10E12000FD4D384604931646A84702900B9038469A
:10E13000A8470C903846059FA8470390FC492180CA
:10E140000A903546307A0002717A09044018B17A93
:10E15000069609064018C01C019C2060079E3046A8
:10E16000333000F025FA606002980006F18D090254
:10E170000818E97B4018A06025460BAC601C00F035
:10E1800017FAE8600398000661794018A17909023E
:10E190004018E1790904401828612A460AAD6878D8
:10E1A000A97809020818E978090440185061082282
:10E1B0002046314605F06AFB2036042228463146C7
:10E1C00005F064FB072006990870012108980A46AB
:10E1D000FEF74CFC0498FDF7FDFAB6E60820107037
:10E1E0000427B2E609988078112861D007285FD00B
:10E1F0000D285DD00428079C00D0A1E609201070EE
:10E20000099FF81C2146083108221D4605F03EFBF7
:10E210000B37214624310422384605F037FB34679A
:10E22000012100220898FEF721FC2846FDF7A8FAF4
:10E2300005278AE609988078112846D00D2844D011
:10E24000052800D07CE6144601210898FEF71EFC44
:10E250000A200CE0062009998870FF273846043010
:10E260000880022118461446FDF792FA0B20207010
:10E270006BE60C201070C7E009988078062800D063
:10E280005EE6002015461070C44800682C21405CF2
:10E29000C007C10E6F20C04348401C465A8F2979E1
:10E2A000C0B2012900D011E1114600F0BFF911E11F
:10E2B000BA4800682C21405C0001C0438021014322
:10E2C000902008405A8F1A210BE0B44800682C2196
:10E2D000405C0001C04380210143902008405A8FD8
:10E2E00006211C46002300F06FF92046FCF705FFCD
:10E2F0002046FCF7F1FE01210898F4E0032050705D
:10E3000001211846FDF755FA0B271EE6099880787B
:10E310000B2800D014E604205070032715E6099856
:10E3200080780328059F079E00D009E605205070DD
:10E33000099CE01C3146303108252A469B4B984702
:10E3400020460B3031462E310222984B984720460A
:10E350000D3031462A46954DA84715342036042203
:10E3600020463146A847ACE0002403948E4D204659
:10E3700004930692A8470B902046A8470C9020468D
:10E38000A8470426099CA6700D2161700321217005
:10E390000A90E11C0BAD08220292844B2846984754
:10E3A0000B340AAF384621463246804B9847079CCB
:10E3B000214608312846029A7C4DA8472434384625
:10E3C00021463246A847062006994870012208983F
:10E3D0000399FEF74BFB0498FDF7FCF9DBE070486E
:10E3E00000683D21415C890604D53D30407AC00675
:10E3F00000D593E0002108981446FEF747FB20461D
:10E400000D27C7E00920507006279EE506200999D0
:10E4100088700B205070FF252846043008800124A6
:10E4200018462146FDF7B4F93C702F468DE50024CF
:10E4300054705A4800682C21405CC007C10E6F2000
:10E44000C043484011465A8F0979C0B201294ED1C4
:10E4500011461E4600F0EAF84EE018461546FCF755
:10E460004CFE0024012208982146FEF7DDFA6C706C
:10E4700091E0D078012810D105200999887007987B
:10E480003067FF27384604300880002118461446BC
:10E49000FDF77EF90820607057E5099819461C467B
:10E4A000154600F0F5F80C2068702046FCF714FEC5
:10E4B00071E0099880780628059F00D040E50A2081
:10E4C000507000210898FEF7E1FA3EE50021012393
:10E4D00000F07AF8089D2046FCF70FFE2046FCF776
:10E4E000FBFD012128460A46FEF79EFA2DE5002194
:10E4F0001E46012300F068F83046089E3C70044632
:10E50000FCF7FBFD2046FCF7E7FD012230462946DB
:10E51000FEF78AFA3FE0C046BF3B06101F4800687E
:10E520002C21405CC007C00E069203D0192202E0E5
:10E53000031700000A22079D6F21C9434840C1B25A
:10E54000E88D07905C8F17480068006904230991E3
:10E550000893F7F7C9FC072700281AD0064604726B
:10E56000200A707230460A30303508222946F4F706
:10E570006FFF0799080AF074B1740520F0710D203F
:10E58000B0713E2070710898307109983146F7F7E4
:10E5900048FD06984770059FD7E4C0461C2400201C
:10E5A0007024002020240020BF3B06108D38061068
:10E5B0000178427812025118827812048918C078C2
:10E5C0000006081870470000F8B51E4615460F46AD
:10E5D0000446C00606D41348006836214056002879
:10E5E00004D4F8BDBF200440062200E016220E48E5
:10E5F00000686107C90E4018006902232146F7F739
:10E6000073FC0028EDD0014605728672C7710420A4
:10E61000887108224A710871280A48722046F7F763
:10E6200000FDF8BD7024002020240020B0B50D4668
:10E630000446C00606D4144800683B214056002812
:10E6400004D4B0BDBF200440072200E017220F48C9
:10E6500000686107C90E4018006902232146F7F7D8
:10E6600043FC0028EDD0014605720020C87103204C
:10E6700088713020487104200871280A48722046A9
:10E68000F7F7CFFCB0BDC046702400202024002046
:10E690000322027097235B00C95C490703D4062359
:10E6A0000D21022203E00621017111211346C370DE
:10E6B000817042707047F8B5144606460846FCF76C
:10E6C00047FB30214156002905D42C300078022820
:10E6D00003D1122518E0022516E0CFB200253846F6
:10E6E0002946FEF7D3F938462946FEF7DCF90146FC
:10E6F0002B30002E01D0057006E00122027010318F
:10E700001022204605F0C2F82846F8BDF0B585B0C5
:10E710001C4615460E460746FEF7C5F903900297BC
:10E720003846FCF707FB0746FF20062D00D999E085
:10E730000496972149007B183E462C367D442D795E
:10E740006D00AF4403088F298F8F4A000499012977
:10E7500060D1092086E0A1780E2902D0082900D0D6
:10E7600080E0E41C039908310546082220461E4635
:10E7700005F08CF8052230462146F4F769FE029E2A
:10E780003046049C2146FEF781F9032200233046DF
:10E790002146FEF732F91EE0A178072946D0092963
:10E7A00060D10546E41C052218462146F4F750FEC8
:10E7B0000398407C002805D07A8F802000212346D2
:10E7C00006F074FA306E102101433166032202987C
:10E7D0000499FEF729F9284644E0029009200190A7
:10E7E000607003202070E71C384600F03DF8A079E7
:10E7F000F7210140A17108253846039F39462A4672
:10E8000005F044F80498012808D13078022826D170
:10E81000A57026E00446032202981CE00198A0702F
:10E82000E078397A0140E17039741AE031780329CF
:10E8300018D104461878F72101401970039B587CC1
:10E84000002805D07A8F083380201A2106F02EFA8E
:10E85000032202980499FEF7E7F8204602E00E2012
:10E86000A070029805B0F0BDFEB50090FBF78CFDDE
:10E870000546FDF7E0FFC0B2C02141432806C50CA4
:10E880000D4309200602F1F779F8C7B277432F4309
:10E8900002F006F905033D432C4EB047C0B22C4FA1
:10E8A00047432F430D208506FDF7B2FFC4B26C43EA
:10E8B0003C4373204504FBF70BFDC7B26F4327436E
:10E8C000FBF706FD0546B0472840C0B20325EC041F
:10E8D00044433C43FDF79AFF80074742274302F039
:10E8E000CDF8800338431B4901430191FBF74EFDEE
:10E8F000C0B20E244443FBF7F6FB0006470C274347
:10E90000B047F921090104010C403C432E0202F0FA
:10E91000C7F80546754325430120C402FBF73AFDBD
:10E920000006000B0419FDF77FFFC0B260432843C7
:10E930006121014308480068006A0840029001A96B
:10E9400008220098F4F784FDFEBDC04625C80510D6
:10E95000002000031D0000087024002070B504464C
:10E960000846FCF7F5F900281CD006462C3631780D
:10E97000032907D19721490040180078000701D4E6
:10E980001A2424E030790121FEF729F800280DD05F
:10E99000002C09D130790121FEF74AFE032803D16A
:10E9A000002414E0022412E03A2410E0307901251A
:10E9B0002946FEF778F8447430792946FEF766F860
:10E9C00030790322002429462346FEF716F8204614
:10E9D00070BDB0B515460C46FCF7ACF98521490071
:10E9E000435A002D1A4600D0224641180C8BC56CA4
:10E9F0006543008F0A306843000B84B2641D944263
:10EA000000D3224694B2A3420BD048800A800879F2
:10EA1000012806D002200871122004F0AFFDF3F7A0
:10EA200030FFB0BDB0B585214A0081180B8BC46C96
:10EA30005C43038F0A3363431B0B9CB2074DAC420C
:10EA400000D82C46641D8452012008714B8012208E
:10EA500004F094FDF3F715FFB0BDC046B30B000002
:10EA6000F0B589B000242046FCF764F9009001203D
:10EA70000890434800683421405C844200D37DE024
:10EA80004D2080000594604300990C182C20205CD8
:10EA9000FE21014002296ED10121009E30460791DE
:10EAA000FCF7E4FB0546002130460191FCF7DEFB54
:10EAB000411E8841002D0899049100D10490432003
:10EAC00080002018039085204000201802908720A5
:10EAD00040002318089F06931C78F02626400F2537
:10EAE0002540032D1FD0022D0BD0012D2BD10498D2
:10EAF00000282CD01220012104F052FD069B022593
:10EB000025E00398008802990988081A0A234343DC
:10EB10001C4800680599C9B2B030012204F0D7FD45
:10EB2000069B032513E0A00611D5049800280CD0FD
:10EB30000598C0B200F028F8002801D0D026264061
:10EB40000898069B04E0019802E0D0262640089829
:10EB5000EFF3108172B619788C4203D12E431E70E8
:10EB6000002102E007990F4039464A1E914162B6E2
:10EB700000270842B0D1059C641C7AE709B0F0BDBB
:10EB80001C2400207024002070B505460121FDF7EB
:10EB900026FF0446012804D11220012104F000FDC3
:10EBA0000AE0012628463146FDF770FF08220023BF
:10EBB00028463146FDF721FF6042604170BD0000EC
:10EBC000FEB50446FCF7B6F805462C20285CFE216D
:10EBD000014002295BD10294852040002F183A7928
:10EBE000D00619D4F0240192144001212846FCF7E4
:10EBF0003DFB064600212846FCF738FB304306D093
:10EC00000298FFF7C1FF012801D020200443019A98
:10EC100010262643788827E0C0261D48006840213A
:10EC2000405600281CD5688F01901A4800688069FA
:10EC300042211446232202252B46F7F755F9224696
:10EC400000280DD00146019AC27185715720487184
:10EC500004200871100A08724220F7F7E2F92246F0
:10EC6000164078883988081A0A234343EFF3108046
:10EC700072B638798242029902D1032006433E716E
:10EC800062B603480068B030012204F020FDFEBDEA
:10EC9000702400202024002010B504468720400066
:10ECA000205C01280ED020463030017806480068EC
:10ECB000B03004F0D6FC85204000002121522018FD
:10ECC0004180017110BDC0467024002070B5FF2442
:10ECD000062A35D80546900001A210588746C0463E
:10ECE000FDEC051005ED051041ED05101DED0510BD
:10ECF00041ED051041ED051021ED0510012917D159
:10ED000013241DE0002628463146FDF7BFFE0822E9
:10ED1000284631463346FDF770FE11E0012108E038
:10ED20000120587003201870012907D0132006E035
:10ED3000002108222846FDF777FE01E01220987096
:10ED4000204670BD704770477047704780B5FBF72D
:10ED5000F1FF4121405C03490968497AF6F722F93D
:10ED600080BDC0467024002070470020704700001E
:10ED700080B5FBF7D5FF02490162002080BDC04687
:10ED800002000707F8B50546FCF708F8002827D069
:10ED90000446FBF7C5FF06462846FBF7CBFF0546B2
:10EDA00000210E222046F4F763FB708C6080308CCB
:10EDB000208041270095E85DF5F73CFF01250428F8
:10EDC00001D1064601E02E4686400098C05DF5F769
:10EDD00020FFA671042801D1054600E08540E571B9
:10EDE0000020F8BD0068A921090181812922D200F3
:10EDF000C2804181018182807047F8B50546FBF7EA
:10EE000099FF04462846FBF7C9FF9A21665A71B25A
:10EE100000292ED527462C373978022906D1017AC8
:10EE2000002900D181798171457A05E0417A002974
:10EE300000D181798171057A002D00D1C579C57124
:10EE4000042904D10088012803D0042102E04908E4
:10EE500000E006219A34787DF6F78FF8042D00D073
:10EE60006D08787D2946F6F71CF8208880218843B4
:10EE70002080F0B2C009F8BDF0B587B01E46174635
:10EE80000D460446FDF70FFE039004942046FBF761
:10EE900051FFFF23072F00D98DE1029505462C3540
:10EEA000044698347F00C0467F44BF887F00BF443B
:10EEB00007001C0041004D006700820126006E0023
:10EEC00028780299012900D0B5E0022800D003E19A
:10EED000039E307C032800D158E1012800D06AE16C
:10EEE000022003990874172365E1F07805A988705A
:10EEF0003079C87004981C4600F0C8FA5AE12878A6
:10EF00000299012971D10228039900D0CEE0087C32
:10EF1000022800D152E1002800D04CE11620B07048
:10EF2000032070703070C87CF070087D3071012053
:10EF3000087440E1F17805A881703179C170657D70
:10EF40001E46072D00D190E002218FE0B0780728FF
:10EF500000D1D2E01128049F00D1E7E0182800D1A9
:10EF6000FAE0172800D026E105A900200871F07802
:10EF700088703079C87038461C4600F0CFF919E126
:10EF8000B1781C46162900D185E02A2184E001933E
:10EF9000049F3846039E314600F0A3F9697D384648
:10EFA000FEF7BCFF71883088628C904202D1A28C3F
:10EFB00091420AD0A1846084EFF3108072B60120E0
:10EFC000400261880143618062B6EFF3108072B63F
:10EFD0000120000261880143618062B60722384641
:10EFE0000299FDF721FD019BE5E00228039966D116
:10EFF000087C052800D100E1002800D0DBE0019367
:10F00000049F3846FBF7CAFE1821B17005217170C4
:10F0100003253570017AF170407A3071711D02223A
:10F02000204604F033FC0398057420880028DAD0C9
:10F0300038460299DEE002284AD1039E307C03283C
:10F0400000D09FE01C46707C05A90871049D2846ED
:10F05000324600F0F0F8002800D1ABE028463146F7
:10F0600000F03FF90722284674E00121049F8171D6
:10F0700000213846FDF717FD04463846FBF75AFED7
:10F080002C21405C02280AD1FF2006302082072D67
:10F0900024D02A2023E02321FCF730FD8AE0072D2D
:10F0A00029D105A9384600F0F1F924E01620B07006
:10F0B000032070703070C87CF070087DA5E01720C8
:10F0C000B070032070703070487DF070887D9CE0D7
:10F0D00002220498FDF7CAFC18236CE02320A074D8
:10F0E000002438462146FDF7D1FC0722012338468B
:10F0F0002146FDF782FC33465DE01C4605A907204A
:10F10000887000204870F0780870039F787CC87081
:10F11000049E304600F092F92878032803D1304647
:10F12000394600F0DEF80722304613E005A9112029
:10F130008870F078087030794870039D687CC870DA
:10F1400038461C4600F07AF93846294600F0C9F8DE
:10F150000722384602992BE00193F01C05AE0522E8
:10F16000314604F093FB039D687C3071384631468C
:10F170002A4600F060F8002849D03846294600F0B9
:10F18000B0F82BE7072204981C4611E01C46707C5F
:10F1900005A90871049D2846324600F04CF8002865
:10F1A00046D02846314600F09CF801210722284627
:10F1B000FDF73AFC2346184607B0F0BD0193049FC3
:10F1C0003846FBF7EBFD1821B1700521717003255E
:10F1D0003570017AF170407A3071711D022220463B
:10F1E00004F054FB039805742088002800D1FAE647
:10F1F00001213846FDF760FC15E01620F070112063
:10F20000B070032070703070887C3071D3E7029D3D
:10F21000012D04D1012102223846FDF727FC384692
:10F220002946FDF758FC6088802101436180DAE6B9
:10F2300004203074BEE7FEB501920C460646FBF78B
:10F2400079FD07463046FBF7A9FD05462C200297BD
:10F25000395C032911D127780120042F2ED8032FE0
:10F260002CD06278042A29D8032A27D0029B98330D
:10F270006A722F7262881A8000E02F7A002F02D102
:10F280006A7A002A16D00020032917D1697A00294A
:10F2900014D0EA79019B00933A405207D20F0446FA
:10F2A0000123304600F004FA697A3046FEF735FE55
:10F2B000204603E021790120002900D0FEBD04464C
:10F2C000E97903204A0700D50146029A528FAB79AB
:10F2D0000091590700D503468020002100F0B2F9C3
:10F2E000E6E7BCB50D460446FBF758FD002807D0FD
:10F2F0008179C079042807D128460C30012205E025
:10F30000A81D0022012101E0A81D002200886880BC
:10F3100000950023204600F0CBF9BCBDFEB50D469C
:10F320000446FBF73BFD064628790128029014D1DC
:10F33000002520462946FDF7B6FB0746027DC37C23
:10F340009342019505D1032B02D3042B019D00D1DB
:10F350000125F0781840B37814E00121204601918E
:10F36000FDF7A1FB0746AB784375EA788275002567
:10F37000934204D1032B01D3042B00D10125387D06
:10F380001840FB7C1340002D02D08342034607D176
:10F390000021002B0A460AD0DA0704D0012203E03C
:10F3A000002211460DE004229B0700D5022200280E
:10F3B00007D0C10701D0012100E00421800700D55A
:10F3C0000221B37900209A42034600D013463372DB
:10F3D000F279914200D0084670722046FBF7AAFCF1
:10F3E0000546707A002802D1307A002815D02046D0
:10F3F000FEF722F998216852317A002910D0F0796D
:10F40000009708404007C20F0123204600F050F942
:10F41000317A2046FEF781FD02E098200021295232
:10F420000298012809D02046019D2946FDF72EFBB0
:10F43000022220462946FDF719FBFEBD7CB50D468C
:10F440000646FBF7ABFC04463046FBF773FCA97895
:10F45000072907D1FF213031425CF6231340435482
:10F460001A2100E06978EA78002A00D07CBDE679AC
:10F470000325720700D52E46428FA37900965807C0
:10F4800000D52B46802000F0DDF87CBDF0B585B0BE
:10F490000F460446FBF74EFC05460021204602912C
:10F4A000FDF701FB0646012001907074B878F074F6
:10F4B000F8783075B620285AF08103A804710396B5
:10F4C000FFF790FC2C20285C2C35022808D1707C9A
:10F4D000387120463946FFF721FF0298307425E045
:10F4E0002046FBF75BFC81787175C778B775337D73
:10F4F0000B40DBB2002B19D081798B4216D0D90793
:10F5000002D0019A114601E00221019A5B0700D561
:10F510000421F37C1F407B0703D4C079001F4242C3
:10F52000424100960123204600F0C2F80026204602
:10F530003146FDF7ABFA0722012320463146FDF79D
:10F540005CFA2878022804D1002102222046FDF727
:10F550008DFA05B0F0BD0000F0B587B00546FBF7A9
:10F56000E9FB04462846FBF719FC05469A20265A73
:10F57000B00527469A37002845D52E4800683D211A
:10F58000415C89063BD53D30407A400637D5788CC2
:10F590000290F88B0390388C0490788B0590608FE4
:10F5A00006902548006800698021262204230193E3
:10F5B000F6F79AFC002822D00146029A0274039BB7
:10F5C0008373049808730598887206980872072058
:10F5D000C8710B2088713E20487101980871100A8B
:10F5E0004874180AC8730498000A48730598000AFA
:10F5F000C8720698000A48728020F6F712FD388813
:10F600000E4901403980F00512D5E97903204A07F7
:10F6100000D50146628FAB790091590700D50346AA
:10F620008020002100F00EF838880549014039801B
:10F6300007B0F0BD7024002020240020FFFD000052
:10F64000FFFE0000F8B50446C0062CD40F4616484D
:10F6500000683D21415C890625D53D30807A000750
:10F6600021D51E461546114800686107C90E40188D
:10F670000069272203232146F6F736FC002812D022
:10F68000014606984D720873CE720F720C20C87135
:10F69000062088713E20487104200871280A88726B
:10F6A0002046F6F7BEFCF8BD702400202024002080
:10F6B000FEB5029301920E460546FBF73BFB04465E
:10F6C0000746B4342846FBF769FB0899042E06D197
:10F6D000002804D0019A002A0CD00A220BE0888866
:10F6E0000880012E02D1C0080E3801E080080F38D2
:10F6F000029E0FE00822029E8A5A0A800088022891
:10F7000001D0012000E003200B4BD218C2400B486F
:10F710001018C00883B222889A4200D30246002EF5
:10F7200003D093B2C889984200D31046608038460F
:10F73000FBF7CAFDFEBDC04688FEFFFFB5FF070010
:10F74000F0B587B01F4616460C460546FDF7ABF9E7
:10F7500004902846FBF7EEFAFF22062E00D9B2E00D
:10F760000346C0467E4436797600B744030EAC3A71
:10F77000ACAC5300012C5CD18C20185801068C33A2
:10F780000029049960D40C226CE00293039228466D
:10F7900000F0D4F8002800D094E0F81C0522019273
:10F7A000049E314604F072F8029F39463C313046DF
:10F7B000019A04F06BF88C203858420639468C3197
:10F7C000002A6ED401221202104308602846214606
:10F7D000FDF75CF90522002328462146FDF70DF9C7
:10F7E00070E0B8780C286ED1F81C0526049F3946C5
:10F7F00003923246029304F049F8284621463246E5
:10F80000FDF712F90298408F394600F06FF828464C
:10F81000394655E0164606A830210180012C2AD130
:10F820008C201858C10521D48C334021084318601E
:10F8300021E01646052228462146FDF7F5F8284620
:10F84000049900F043F82AE028461C4600F03EF8F0
:10F85000012105222846FDF7E7F82346206880218C
:10F860008843FF224021884318602CE001210522B3
:10F870002846FDF7D9F80D20F8700C20B870062046
:10F88000787003253D70391D06A80224224603F036
:10F89000FDFF05A80580B91D224603F0F7FF32469B
:10F8A00011E08022104308600522284621463C468C
:10F8B000FDF7BAF8788F314600F018F8284631463F
:10F8C00000F004F8039A104607B0F0BD10B50C46DE
:10F8D000FBF730FA01468C200A58082313430B50DB
:10F8E0003C310522204603F0D1FF10BD70B50C4617
:10F8F0000546104800683721405C000719D50E48BE
:10F9000000688069022121220323F6F7EDFA00281E
:10F910000FD00646001D29462246F6F707FE0820AE
:10F92000B0710C2070710420307102203146F6F75E
:10F9300078FB70BD702400202024002080B5FBF7E8
:10F94000F9F98C2140580007C00F80BD02480068BB
:10F950009C214058006D704770240020704770470C
:10F960007047002070470000B0B50E480068AC2119
:10F970004458FF20A0770025E577FAF7A9FC012875
:10F980000FD1FFF7E3FF242207498A5C002A2A46A9
:10F9900000D00268A2622322895C002900D0456859
:10F9A000E562B0BD702400208424002010B5017CE5
:10F9B000022909D10124047401688268C3680CC05B
:10F9C000A12005F00BFA00E00024204610BDF8B598
:10F9D0001E4617460D460446F4F7ACFE2046F4F7E3
:10F9E000B7FE2046F4F733FF20462146F4F73CFFEC
:10F9F00020463946F4F7D3FE20463146F4F78EFF11
:10FA0000069F002E02D02046F4F797FF2046F4F719
:10FA10006BFE2046F4F7EAFE2046F4F7B4FF2046DA
:10FA2000812F09D12946F4F73BFF2046F4F75CFF0C
:10FA30002046F4F78EFFF8BDF4F798FF2046F4F760
:10FA400022FFF8BDF8B51E4617460D460446F4F7EA
:10FA500071FE2046F4F77CFE2046F4F7F8FE2046BF
:10FA60002146F4F701FF20463946F4F798FE204678
:10FA70003146F4F753FF079F002E02D02046F4F7DB
:10FA80005CFF2046F4F717FF2046F4F72DFE2046D2
:10FA9000F4F7ACFE2046F4F769FF2046F4F7B2FE17
:10FAA0002046F4F72EFF812F07D120462946F4F790
:10FAB000F7FE2046F4F724FEF8BD2046F4F714FFC5
:10FAC000F8BD0000F8B51D4616460F460446F5F78A
:10FAD000D7F811492046F5F7F1F810492046F5F717
:10FAE00030F920463946F5F75DFA20463146F5F7FC
:10FAF00032FA20462946F5F7C2F90698812803D143
:10FB00002046F5F719FAF8BD2046F5F7A9F90121C5
:10FB10002046F5F73DF9F8BDD6BE898E55555500FE
:10FB200070B5044601F094FA4D21415C094D002264
:10FB3000BE2391420BD00668F65AA642164600D064
:10FB40002E4601252D025B19521C3546F1E7A8B25D
:10FB500070BDC046FFFF0000F8B5044601F078FA1A
:10FB600001464D20085C020200200D4B0546AA42CA
:10FB700013D00E687619BE27F75B9F4203D0CE27BD
:10FB8000F75D012F03D001263602AD19EFE7002CF7
:10FB900004D0C320305C411E8841F8BD0120F8BD6F
:10FBA000FFFF0000B0B50446D620205C800701D4DA
:10FBB0000020B0BD254684352846FCF742FEA16FE3
:10FBC0002846FCF736FEA06F08300021FCF72FFE18
:10FBD000606FA16F6167A0670120B0BDF0B585B00F
:10FBE00004920E4605464D2401F032FA0555066092
:10FBF00003904D300121029041700191CB04002609
:10FC00007C27049AE8B2864226D203980068C35142
:10FC1000C519542011492952522400202853422446
:10FC200029535E2428555C24FF2129555A21685404
:10FC3000462107246C52286168616B600499002991
:10FC400002D050652C3D2A60019800023F185C32BA
:10FC500002980578761CD5E705B0F0BDFFFF0000DF
:10FC600070B5044601F0F4F90546304E3046FFF712
:10FC700057FF2F49884212D100F060F8FF2834D096
:10FC8000000229680818BE2146524C210022425425
:10FC900038214254C26302648262C26208E00002F8
:10FCA00029680818CE21415C012901D10C253AE0D0
:10FCB0006179C22281540646C2360025F5720121BF
:10FCC000F170A179717021880902C1670146843100
:10FCD0002279042A15D8C0467A44127952009744F2
:10FCE00002060A0C0E00F3200AE007251BE0114A69
:10FCF000C267FD2004E0F22002E0F02000E0F520E1
:10FD00008886207AE2790D604D6032757075207AB0
:10FD10000870481C093406222146F3F799FB06486F
:10FD20000068407AB070284670BDC046FCFF0000F5
:10FD3000FFFF0000DC0500007024002010B501F07A
:10FD400087F94D21425C0021BE238A4208D0046815
:10FD5000E45A240B05D1012424021B19491CF4E7A1
:10FD6000FF21C8B210BD0000BCB5044600F016F873
:10FD7000002300930121074D20462A4600F02CF86D
:10FD80000446054801685631284600F08FF92046A0
:10FD9000BCBDC046FCFF0000702400201FB50C480D
:10FDA000FFF7BEFE0B49884210D16C46002121723C
:10FDB0000120C00220800720000201902046093067
:10FDC0000622F3F755FB2046FFF74AFF1FBDC0464A
:10FDD000FCFF0000FFFF0000F0B58FB00E93174648
:10FDE0000D460646054301F033F90446002D07D0C1
:10FDF0003846FFF795FEA749884218D142204AE0CD
:10FE000025464D35002637460E96287886420CD278
:10FE10002068C019CE21415C012901D100F092F97E
:10FE2000012000023F18761CEFE70E9833E0010234
:10FE300022685418CE21615C012E24D100021518CD
:10FE4000D620285C01273840002926D000280AD077
:10FE50008C202858A96F2A468C32526805C1686FD9
:10FE6000A96F6967A867942028580026002808D041
:10FE700094357D2044010E984443F3F7B4FB2018D9
:10FE80002860304607E00020012904D105462046BD
:10FE900000F058F928460FB0F0BD002807D08C209C
:10FEA0002858002803D190202858002806D0B820D0
:10FEB000285AC10704D0E98DF52901D91220EAE7B3
:10FEC000122301461A461940022903D14221695AD8
:10FED000002940D000070FD56D48BE21695A8142E4
:10FEE00001D00E9800E08020802801D91046D2E78A
:10FEF0000E9000281046CED01498BA2168527D2664
:10FF000071010E9A51439422A950002801D0CF21AB
:10FF10006F54BC2168522046EFF7A6FE0028BAD1E4
:10FF20002946D631284664302A4654326A67A86783
:10FF30002B4678330978C9070D930ED10021016053
:10FF4000A96655480168204665300622F3F780FA15
:10FF50000D98006808E00C209DE78C2169582A461E
:10FF60008C32526806C00838294694310E9184219B
:10FF700069582A46843252688160C2602046FFF781
:10FF800011FE00280C9602D0FCF759FC06E028462A
:10FF9000743001680D9B1A68026019600E9926463C
:10FFA000CE362846B8300D900868002805D0F3F703
:10FFB0001AFB0E9A1168081810603770C420295C6B
:10FFC000D027E85D81220E9200922E4614362246FA
:10FFD0003346FFF777FDE85D2521F4F7C4FE2F4691
:10FFE000D0370D980088C00603D4204600F057FD96
:10FFF00042E0F3F7F8FA9C210B91685001F012F8F7
:020000041006E4
:10000000099001F017F80A903878089094200021A0
:100010000D910A46F4F71CFA03460E98009020460C
:100020000899099AFFF7D3FC3878099096200121A6
:100030000D9AF4F70DFA03460D9800900E98019072
:10004000304609990A9AFFF7FDFCE96F0B982A5888
:100050003878124B0793124B0693124B0593124BB1
:100060000493142303931F2300AE0EC60C99CB00F8
:1000700021460E9A01F06EF89C242959387801F037
:1000800045F82859397801F0F5FA002003E7C04611
:10009000FCFF0000FFFF00001C240020E10206100E
:1000A00069070610D9050610E9020610F8B50C46D6
:1000B0000646FFF735FD0546184885422BD00094CB
:1000C0002C0200F0C5FF07683819BE214652B8213E
:1000D000405CC00707D028023818CE21405C0128B8
:1000E00001D10C2518E00E48006856300626009C09
:1000F00021463246F3F7ACF9280238188C21012248
:10010000425001468C3100254D608D3021463246EB
:10011000F3F79EF900E012252846F8BDFFFF000026
:100120007024002010B50446002003F041FD04496E
:1001300001402088401A424242414A40228010BD7C
:10014000FF0F0000B0B50446EFF3108072B62546ED
:10015000CE35A87800F0ECFFD120205C00F0E8FF5D
:1001600062B6A87801F096FACE2000212152A87A32
:10017000FF2801D0FBF793FCFF20A872287A8007A4
:1001800001D5FCF75DFBB0BD10B50446FAF702F9E6
:10019000012805D1FCF784FBEB21405CC00706D1A8
:1001A000FFF7FCFD03482146FFF780FF10BD0C2040
:1001B00010BDC046FCFF0000FEB5029314460F467A
:1001C000054600F045FF06463048854201D11F2014
:1001D00007E001200221F9F7F9FF002800D0FEBD59
:1001E0002B481221A04201D20846FEBD01912846AB
:1001F000FFF796FC000231680E182046314600F0E9
:100200004CFC0028EBD1CE20315C3820305C042F30
:1002100012D1002938D00028019A1BD01B488542F2
:1002200018D1F08D002815D0B820305A1021014087
:1002300021431046D3D10FE035463835002911D07F
:10024000032F09D102202870F4860020B08602997D
:100250003163FEBD1046FEBDB6363046FFF762FF85
:100260000020FEBD374628370028029A05D039689D
:10027000A120029A04F0B2FD029A3A60012028708F
:10028000F4850020B085FEBD0198FEBDFCFF000096
:1002900072060000F8B50C46054600F0D9FE074688
:1002A000FFF77CFD0C4E3046FFF73AFC0B498842C5
:1002B00008D1FFF743FDFF280BD00002396808186A
:1002C000BE214652032130462A462346FFF774FFDB
:1002D000F8BD0120F8BDC046FCFF0000FFFF000094
:1002E000D021FF2242547047F0B58FB00746D0208E
:1002F000385C2C235843684A12681018807D3C46AD
:1003000094343A46B43205923E46D63614280496C2
:1003100002930AD1F3F767F9054600F0D7FE059B73
:1003200028183230A06001251BE0A268561800256D
:100330003046114600F0C6FE002805D0F86FA168CF
:100340000A18A2606D1CF3E7059B9888000708D483
:10035000012003F034FC059B50490140A06840187F
:10036000A060988803210140481E81414800188000
:10037000987B01220146019211408207D20F891811
:100380004007C00F0818401E987738461E4600F0F8
:100390008BF80146307FF4F710FD307FF4F7CCFD89
:1003A000002003900499487138462830FFF7FEFA80
:1003B000064638463C30FFF7F9FA002E049E02D07C
:1003C0003179C90704D1002805D03079800702D5DA
:1003D0003846FFF7E7FBA1682068059BDA88002A0A
:1003E00002D1DA7E012A03D088424CDA00284AD0B2
:1003F000987E002847D09888000720D50DA8009047
:10040000039981800D9106A8019A42763C2282765A
:10041000FF228275C181224A82827A6F137A037623
:100420008181C175009B0793093206920A91089356
:10043000FBF732F83078800701D5FCF701FA02208B
:10044000F9F7D2FE012819D1059BDA88002A01D0DC
:100450003C2000E043200190124800680299405C73
:100460000001C0431946A1230343B12018400B7A71
:100470009A1AD3B28A7A019900F05EF8384600F0F1
:1004800095F8A168059B187F00F040FE03987071F5
:1004900028460FB0F0BDC04678240020FF0F0000B2
:1004A000FFFF00001C240020FEB50446C220275C8C
:1004B00001253D40BA07D00F28187907C90F401809
:1004C000401EC0B2C234267CB0420FD1019201203E
:1004D000029003F06DFB012E0AD0022E0ED1C0B2A5
:1004E0000621DFF733FF12A0405C12E0607C11E0D0
:1004F00002990840002D04D10CA108E0B808381A70
:1005000007E00199002901D407A100E005A108181E
:10051000007860747100C2B2CA40032010402430D9
:10052000FEBDC04606090000070D00000B0E0000CE
:100530001B1E272D36390000F8B51F4616460D46FE
:100540000446C0060BD4174800683D21415C89066B
:1005500027D53D30C07A800723D51F2202E0BF2077
:1005600004401122104800686107C90E4018006954
:1005700003232146F5F7B8FC002812D001460F20CE
:10058000C872FF2088720F734E720D721220C871EC
:10059000062088713E204871042008712046F5F736
:1005A00040FDF8BD7024002020240020B0B5044692
:1005B000D120205C00F0BCFD2546CE35A87800F0A7
:1005C000B7FDCE2000212152A87AFF2801D0FBF7E9
:1005D00066FAFF20A872B0BD70B50446C520205C45
:1005E000FCF7BEF905462646C536F07A2946F4F7EB
:1005F000C4FCF07A2946F4F754FCF3F7A0FF00F0AE
:1006000011FD0246B07D214600F001F870BDF8B53D
:1006100014460D4606460F46B8370420002E014604
:100620000DD139884A0707D4032211404A424A4172
:10063000022903D0510002E0012100E006212170CF
:10064000002E07D13988014004D12E20285C801D5E
:1006500060700FE0002E04D0284642300078801DE4
:1006600000E00C20607020460830696F09310622D6
:10067000F2F7EEFE696FA01C491C0622F2F7E8FEB5
:1006800020782F2101402170686F0078C007400E4C
:1006900040182070696F097AC9010818207000F0AD
:1006A000EDF921784001084320707142714138888A
:1006B000042202409008084001D1082700E00E27DC
:1006C000002801D00C2011E0002E01D03C2000E0D9
:1006D00028202958002E01D0422000E02E202D5A3B
:1006E000E0192A46F2F7B4FE7819801E60700020E7
:1006F000F8BD0000F0B585B016460D460446F3F788
:10070000FFFFF2F7B1FF0320C043C11C684601811F
:10071000012101824173BE21615A81722746BE3791
:10072000BA7EC272BA7C82730E4A891A4A1E9141FD
:10073000C173017301960095FBF7ECF92046283050
:10074000FFF734F93C342046FFF730F900203874C5
:10075000B87C00F05DFD387E800701D5FCF770F8AD
:1007600005B0F0BDFCFF0000F0B58DB0054600F00F
:1007700061FC0690874C2068F3F77BFF06462068F3
:10078000F3F78EFF0746D020285C2C214143824A94
:1007900012685118897D142903D10A21032200F01F
:1007A000FDFE2C46B4342846DB300490002E38D0B1
:1007B000059500270C970B97069D2878C0090BA973
:1007C000087076480068D822805C0390481C29464F
:1007D000083106263246F2F73BFE0A970997287839
:1007E0004006C00F09A90870481CA91C3246F2F740
:1007F0002FFE28780F260640052E01D1F2F734FF90
:10080000E37B2279029707AD01950598843000902B
:1008100009A8314606F0EEFA41087E2907D80146BC
:1008200006E00126002F54D10027278056E0012141
:100830002970059D696F0A680B9B9A422DD1496802
:100840000C9A914229D10746FF3F791E8F41032E12
:1008500023D1FF2821D0A088012780071DD5039828
:1008600001281AD12846F3F74BFF607E012809D1F1
:1008700060894B49884205D007AA1178C0B2521C42
:1008800000F092F8207FF4F757FB012004990870DC
:100890002846FFF7A1FE002620E0A088C0071AD056
:1008A000052E18D10698FAF7BFFF012813D1089931
:1008B0000798FAF791FD41424141394001290AD197
:1008C0000398012807D107AA28460699EFF7BCF933
:1008D0000126002702E00027278001262188A07F2B
:1008E000002822D0002922D1401EA077A088032111
:1008F0000140481E8141480020802846FFF7D4FD72
:100900000146207FF4F759FA207FF4F715FB2846BB
:10091000F3F7EAFFF2F7A8FE0020049908702846D2
:10092000FFF75AFEF2F7B8FE2AE0002919D019485D
:100930000068F3F7B5FE002822D02846F3F7D4FF6D
:10094000607C012801D0174900E046211435284673
:10095000F4F72BF82088401E2080F3F7F0FD0026E6
:100960000EE0F2F781FE2846F3F7BEFFE088401E56
:10097000E08000212846FFF7B7FC207F00F048FC0C
:10098000002F02D02088401E2080F5F7A9FA3046BB
:100990000DB0F0BD6C2400207824002070240020CD
:1009A000FCFF0000EE020000F8B50E4605461548B3
:1009B00000683D21415C890622D53D30C07A400760
:1009C0001ED51446104800684069A1212B2203233C
:1009D000F5F78AFA002813D00746467205720A30E6
:1009E00006222146F2F734FD1320F8710920B87170
:1009F0003E20787104203871A1203946F5F711FBAB
:100A0000F8BDC0467024002020240020F8B504461C
:100A1000D820FF212154B820255A01272F402646EF
:100A2000D836002F04D0FBF70FFC3070FF2822D0FF
:100A3000B83400F0F1FD2076FF2813D00021E8063D
:100A40001AD40D4600F0E8FD29466076FF2813D140
:100A5000002F02D03078FBF722F8207E00F0FEFD58
:100A6000072109E00721002F06D030780C46FBF75C
:100A700016F8214600E00C210846F8BD80B500F0CC
:100A8000E7FA4E21405C80BD10B54442444100F07D
:100A9000DFFA4E214454002010BD002070477047FB
:100AA0000020704770470000F0B583B004464C4802
:100AB00004602046F3F7B9FD05462046F3F785FDAF
:100AC00006466846F2F7D9FD0099091A4B0B4549CD
:100AD0000A681146D831002B02D11060012000E0D5
:100AE0000020087040480068447B0021FF2C0AD099
:100AF0002C2060433D4A12681018827C002A02D0E4
:100B0000416AC068FFE70127002E03D0002D01D104
:100B1000002911E0002D15D0354A8B1A5A425A414E
:100B2000344BCD1A6B426B41334D4E1B75427541B0
:100B3000002907D013431D432A4E294D04D088476E
:100B4000002701E0274E264D2868F3F762FD0028B4
:100B500001D0042520E02868F3F716FD002801D015
:100B6000012519E02868F3F71BFD002801D00225B4
:100B700012E02868F3F765FD2946052500280BD10A
:100B80000868F3F76AFD002806D115480068F3F7F6
:100B9000EDFC002820D000250120A8401749096855
:100BA0000A6802430A60002002F0E8FCF1F769FEDF
:100BB000F2F75AFD204600F02BFB3468607D0128D7
:100BC00008D1217C0F200840E2680909FFF76AFF7D
:100BD0000020607503B0F0BD002FE9D1EDE7C046FD
:100BE0006C2400207024002074240020782400202D
:100BF000116F06100D6F0610156F061020240020CF
:100C0000FF220E324243100A89084143880C401CDF
:100C100070470000042805D0012806D1FF20A43029
:100C2000074A04E0044A054801E0064A06484143F1
:100C30008818000A7047C046E9260100381A0000EB
:100C400006120000C62000004703000001480068AB
:100C5000008B704770240020904201D8884201D256
:100C60001220704700207047002070471220704704
:100C700080B54069014902F0B8FD80BD810C0610C5
:100C800080B50349C97A814201D9FDF799FF80BD3A
:100C900084240020F0B591B0069314460D910B907A
:100CA000B848C17A0C91017F0991C17E0A91817E79
:100CB0000891C77F0125E821284600F089FEB24E41
:100CC00030605821284600F083FE31689C2207924C
:100CD0008850384606F0B6F807213940069806F0E5
:100CE000C5F81C98009019AB0ECB0D9806910D938A
:100CF000FAF758F9012C00D008950020012C00D0FB
:100D00000A90012CA04F00D00990179A0D98012845
:100D1000059218D129209B49085C411E8841104347
:100D200001D0302500E020250C9E3046294600F0F9
:100D30004FFE3968942288503046294600F048FE1C
:100D40003968982288502C260C98314600F040FED5
:100D50003968A422885041208200012C02940AD1D3
:100D6000114620310120144600F032FE39688C22F1
:100D70008850214638E0252182480C91415C10467C
:100D800020300029019201D0014600E044212627AD
:100D90007C4AD25D002A00D001462925794A525D5D
:100DA000002A00D001460B9A012A00D101460120F9
:100DB00000F00EFE744909688C2288500B980128B7
:100DC000019C214610D06F48405D002821460BD180
:100DD0006C48C05D0028214606D16A480C99405CE9
:100DE000002800D02646314618980B90169803909C
:100DF0000126664D3046A847634F396890228850D7
:100E000010213046A8473968A02204928850042156
:100E10003046A8473968A822885034210C963046BD
:100E2000A8473968AC2288500898C7B2211F3846B5
:100E3000A8470546029C012C05D15C21384600F0EC
:100E4000C7FD024600E0002238462946FEF7C6FEEE
:100E500010AB0998D8700A9898700D9E5E700B9828
:100E600018702046059D29463A4605F0FBFF039F72
:100E700038462146FBF71DFD384621462A46FBF73A
:100E8000F2FC384621462A46334605F0EDFF00962F
:100E90003E46384621462A460B9BFBF7E7FCFBF70C
:100EA000C0FC012C07D1012D05D105F02BF9012E35
:100EB00001D105F028F90D980128334F01D105F033
:100EC00023F9FBF7A7FC0698314622462B46FEF78E
:100ED00046FD2C4EF07A411C2D4D28460C9A00F010
:100EE00065FD3968D0228850F17A0222284600F048
:100EF0005DFD39680A46A03250630498085878604E
:100F00005068B8602046FBF7D3FCFBF7ABFC00F061
:100F1000E3F8FEF729FD05F0A6FFFEF71FFDF9F740
:100F2000E5F8F2F741FB396800248C7248722046DC
:100F3000F2F742FBF4F7BEFC3868406EFDF703FFA2
:100F40003868079D40590C3002F02BFE3E460C9F3E
:100F50003846FBF76DFC3068415940228C54094AF1
:100F6000128B02831F200F90E0430E9048310EA891
:100F7000052202F08BFC30684059F902542281525C
:100F800011B0F0BD8424002070240020D119061077
:100F900080240020B0B588B0129C0694119C059462
:100FA000109D04950F9D03950E9D02950D9D019535
:100FB0000C9D0095FFF76EFE012C12D1FBF754FC3F
:100FC000F9F700FFEEF7DBFD0748C17A0748006834
:100FD000B030074A052302F02FFBF4F7D9FCFCF7E9
:100FE00058FD08B0B0BDC046842400207024002005
:100FF000710C061000210A46062905D0435C002B1F
:1010000000D00122491CF7E7D0B2704704480068BD
:101010005E21405E0D2141434031C8117047C046FA
:1010200070240020024800688C2140587047C04658
:101030007024002002480068902140587047C04644
:1010400070240020002801D03020704720207047F5
:10105000024800689C2140587047C0467024002018
:10106000FEB5154800689C2102914158542001901A
:10107000085ACF6B124C451CA9B2090A0E2901D996
:101080000E494518002F0FD0002620683421415CFE
:10109000F0B2884208D2F9F74DFE761CA9B2408F13
:1010A0008142F2D12846E6E7034800680299405899
:1010B00001994552A8B2FEBD7024002002F1FFFF45
:1010C0001C240020C0434018C00F7047014800682E
:1010D00080687047742400200948C07A094909686B
:1010E0001231002804D000220A802C31401EF8E77B
:1010F000054800680021C173FF2109028181704702
:101100008424002078240020742400202C224243D0
:101110000148006881507047782400202C23434305
:1011200002480068C250C01841607047782400200F
:10113000FF280BD02C214143054800684018817CD2
:10114000082901D0102100E0202181747047C04699
:1011500078240020F0B588B007932C2747431A481D
:101160000668F019847C012C2BD103461233149DA0
:101170000695139D0595129D0395119D0295049169
:1011800010990F9D0E9C009401920D9A079C44604B
:101190008260009AF2511F221540457511408175F9
:1011A00001210175019AC27401820299C1610399FA
:1011B000016205994162069981620499C160022029
:1011C000187008B0F0BDC0467824002080B50A49E8
:1011D00009680A7B012A06D1CA7B032A05D10020AF
:1011E000FBF792FB80BD002080BD0968081A034907
:1011F0004018C00F80BDC046742400200BFEFFFFC6
:10120000024909684A680260887B7047742400209C
:10121000F0B5B3B00746DC4800680B9001200190A0
:10122000099000210B988173D84803680A911972BC
:10123000FF20089002309882187CF02101400A09B2
:1012400088181874598AD140C907D149096807918B
:10125000059306D0002002F091F9F1F712FB059BEF
:10126000187C0F2102910840187496210998414377
:101270000B981291816001200490C04379B28142A1
:1012800010DC7F2007402C257D43079C60190A90C5
:101290006659F2F7A8F9301ABE49401800D5EFE0B8
:1012A000384604E0F8B2FF280ED000210A912C2124
:1012B00041430798401801210175817C082902D11A
:1012C0001230042101700897F2F78DF912990C1869
:1012D000AF480768283700252846AF49CA7A9542A3
:1012E0003AD23E46163E31780A07520F1ED00421EC
:1012F0003170394628390968CA43A21829D4611ABD
:1013000038461C3800683A460C3A1268904739460D
:1013100018390A8812180A80394614390A78801850
:101320007F2800D37F200870317801208906890F3B
:101330000FD03968002906D038461C380068884725
:101340003078012804D000203070394615390870F3
:1013500001202C376D1CC0E70028B5D18C480068EF
:101360000346123300242146A24209D01D78042DE1
:1013700003D1CDB213AE7455491C2C33641CF3E772
:101380000A0674D0CAB20E92002206920C4603924C
:1013900016460D910E9A96426ED012961094E3B2B4
:1013A00000272C463E46BB420DD013AAD25D2C2509
:1013B00055434559002F02D0F243AA1801D53C46A7
:1013C0002E467F1CEFE7129D4A1BD2B2511E13AA74
:1013D000535CE4B2175D575413550F91CBB2D35CF5
:1013E000002D2ED01D461199CAB213ACA45C2C2737
:1013F0007C430259911B04196368C91895314AD47A
:10140000D1430C9A511849D46F43C1198A7D0B7D81
:101410009340497D012632468A409A4200D81346BD
:10142000A17D277D8F40617D8E40BE420F9D00D8FB
:1014300037469F422B460D99109C00D3119B129E5C
:1014400011E00D990E9A012A01D102220692109CF8
:10145000129E0F9D2C225A438358821852689A1864
:1014600096320C922B46641E761C119392E7002054
:101470000B99486088732DE0039A1646069B13E08B
:101480006019807C102800D10AE7202800D107E7E6
:1014900000243D4621E0963E049B04E00D98401E4A
:1014A000119000263346039A1198C0B213A90D5C1F
:1014B0000B9842608373FF2D0CD02C206843079952
:1014C0000918D8B201280A9105D10868301A0B9979
:1014D000486000E0FF25019C089FF3F721F82A48A7
:1014E0000068FF2D2FD011971294044608200A9F00
:1014F000B874FEF736FA65733A6AF8687968904707
:101500003E680B9426602846F3F720F8F3F717F8A7
:101510001298002823D0F87CC10901223046F2F746
:1015200089F800281DD00998400009901028119FC3
:1015300000D276E6FEF714FAA12006210022134617
:1015400003F012FC09E00446F2F78EF8F2F7F0FF20
:101550000020E073FF200002A08104990FE0F2F761
:101560009BF8049B0B990B73F87CC873059AD660A3
:10157000117C029C21400001081819461074034890
:101580000068017233B0F0BD742400207024002084
:1015900078240020D4FEFFFF8424002010B51F23F0
:1015A0001A402C24444303480068001982751940EE
:1015B000417510BD78240020B0B52C2444430B485D
:1015C0000068059D05510019049C8460C1600B9959
:1015D00081620A994162099901620899C16107997A
:1015E000817506994175C2744360B0BD78240020AE
:1015F0002C21414302480068401810214182704765
:10160000782400202C22424302480068801881740C
:101610007047C0467824002010B50E480168283174
:1016200000200D4AD37A98420BD2EFF3108372B6A2
:101630000B46163B1C78002C05D062B62C31401CA2
:10164000F0E7FF2004E000220A600121197062B671
:10165000C0B210BD7824002084240020FF2806D0CA
:101660002C21414302480068401800214182704704
:101670007824002010B50C46EFF3108172B6FFF706
:10168000A5FD62B6002800D010BD2046FFF7C0FDC2
:1016900010BD0000B0B504461348C07AA04222D95C
:1016A000EFF3108072B6FF25EC35F1F79CFF40197F
:1016B000FFF78CFD0D4A13680021197262B60128EC
:1016C0000CD1106841600A4A436893420BD8037AF0
:1016D000002B07D143685B1C4360F5E72046FFF70A
:1016E00097FDB0BD0172B0BD84240020702400209D
:1016F000FFE10400F8B5184C01250422174E2046DE
:101700002946B047164F3860102220462946B04778
:10171000396808600C2220462946B04739680968B4
:10172000C860104DE98924222046B0470146386838
:101730000268D06881600021082903D00023535239
:10174000891CF9E7E989D18000211181E98941806B
:1017500000F048F9F8BDC04680240020AD190610FD
:101760007C24002084240020FEB51A4A12681368E5
:10177000EFF3108272B606229C5EE217274697436B
:1017800040000090185E144A0291891849094D1CC6
:101790000128019505DB421B564212B2D513354094
:1017A0003F18D8680022865E09B28E420EDD3EB236
:1017B0008E420BDD00995918621BDA800A88019B62
:1017C000D21A0A80029900F043F9024662B6104626
:1017D000FEBDC0467C240020FFFF1F00B0B50D46B3
:1017E000044600F05BF90146284600F00BF8044877
:1017F00000680068C068214600F00FF9B0BDC0461F
:101800007C24002010B50B4A12681268EFF3108395
:1018100072B64300D05E4418D4520BB2C318012BE9
:1018200002DB4342C10B1940D0880818D08062B651
:1018300010BDC0467C240020084909680A68EFF3FF
:10184000108172B60621515ECB1799434000105E9D
:10185000002800DD091888B262B670477C24002099
:10186000FEB58124002832D0064602910194194821
:10187000006800680090501E1F2101434C1CA7B255
:10188000304600F013F9054687420CD9601B81B23F
:101890000298FFF769FF0028019C18D001463046E6
:1018A00000F029FA12E0AF4210D20098C068314629
:1018B0003A4600F007F90446781E4009691E4909B6
:1018C000081A81B20298FFF79DFF00E0002420462D
:1018D000FEBDC0467C240020BCB50C4601461C4819
:1018E000006805682889EA685288131AA34226DA34
:1018F000A11A081801A908801648006880694221C9
:1019000040220323F4F7F0FA002817D004460222FD
:10191000C2720920A07220460C3001A9F1F798FD8F
:101920000020607206212172E071A171FF206071B8
:101930008220207142202146F4F773FBBCBD0320B6
:10194000224600F009F8288900192881BCBDC0464C
:101950007C2400202024002010B5084B1B681B6845
:10196000EFF3108472B640001C5AA41A1C524800AF
:10197000195A8918195262B610BDC0467C2400203D
:10198000B0B50C46054909680D6803212246FFF7EA
:10199000E3FF2889001B2881B0BDC0467C240020BD
:1019A00001484168016070478024002070B51446EA
:1019B00005464C430068401E032101434E1C002194
:1019C00030462246F1F754FD30192860304670BD8C
:1019D00080B50A4601460248FFF7E8FF80BDC046D1
:1019E00080240020F0B581B0054640888624002878
:1019F00010D0AE68002E0DD000246C602C802746DD
:101A000034602846314600F008F824367F1C688888
:101A10008742F5D3204601B0F0BD10B5002915D09E
:101A200000220C462346521C2468002CFAD1EFF306
:101A3000108472B6446841601C6001888918018076
:101A400062B6002001F0C2FDF0F71BFF10BD0000E0
:101A5000F0B5114A891849094A1C94B2EFF3108174
:101A600072B60021002C13D003889C4210D8641E4B
:101A700041680D4606D000260D462D68761CB7B28B
:101A8000BC42FAD82C68446000242C609A1A028068
:101A900062B60846F0BDC046FFFF1F0000210028C7
:101AA00002D00068491CFAE788B27047002806D0C7
:101AB00000210068491C0028FBD1480100E00020FB
:101AC00080B2704770B5002400290AD000260D4668
:101AD0000968334620339EB296420ED20029F6D1D1
:101AE00001E023462546D11A89B2FFF7B1FF2860ED
:101AF00000280AD17920C44307E0002904D0FFF769
:101B00008CFF00242C6000E00024E0B270BD0029AE
:101B100008D0002809D08BB2202B04D300682039CC
:101B20000B04F6D100211180704700207047F0B5FA
:101B300081B006465009040604D0002E2DD0366828
:101B4000401EF8E71C465B1E20469841002C1FD023
:101B5000002E1DD01F2002402020851AA8B2A3B25B
:101B6000984200D325460095AFB2B018001D3A4602
:101B70000D46F1F76DFC0098241AA1B24A1E0846E2
:101B80009041002904D0E91936680022002EE3D1E3
:101B9000002803D07E20C04300E08120C0B201B005
:101BA000F0BDF0B581B00D460646002A08D0002EE3
:101BB0002AD090B2202806D33668203A1004F6D1F5
:101BC000002E21D00022002B20D02020841AA0B289
:101BD00099B2884200D31C46A7B290B23018011DBA
:101BE00028463A460093F1F733FC009B1B1B180470
:101BF00004D0ED1936680022002EE6D198B20028F4
:101C000005D07E20C04302E0812000E00020C0B269
:101C100001B0F0BDF0B583B002910646002A08D0AD
:101C2000002E33D090B2202806D33668203A100414
:101C3000F6D1002E2AD00022002B019320D00027BD
:101C40001D4690B21F2814D820218C1AA1B2AAB226
:101C5000914200D32C46A2B2B9B2029B5918301857
:101C6000001DF1F715FC00280FD12D1BE7190022EC
:101C700000E0203A280404D03668002EE1D100E0CC
:101C80000027B8B2019B1B1A00E00346184603B0B8
:101C9000F0BD10B5521E1F2313439AB2531C9AB2C3
:101CA0009A4201D000220DE053090A46002154183F
:101CB00064684450091D2029F9D1116820305B1E49
:101CC0001C04F2D1104610BDB0B5521E1F231343A1
:101CD0009AB2531C9AB29A420CD15209031D0024A5
:101CE0000D591D51241D202CFAD100682031521E9F
:101CF0001304F3D1B0BD024600680028FBD1116087
:101D000070470000F0B597B0E54C6720C543EDF78C
:101D10003DFEE44E012802D0F07A002810D027467C
:101D20002C463834EDF732FEF17A614378433818A7
:101D30004418EDF72BFEF17A4143DB484843241861
:101D40002E34EDF723FE01280ED12846603031896C
:101D5000414328464430B27A42435018294648311C
:101D6000327B4A43801800E000200390F0890A90FB
:101D7000F8F70AFB012801D0FEF792FEEDF7FEFD11
:101D80000128119409D12C463834EDF7FFFD60434A
:101D9000F17A41430839099101E000200990F248A5
:101DA0004C301390FEF77CFE012815D0F8F7ECFAC2
:101DB000012811D02920305C00280DD12520305C6D
:101DC000002809D12620305C002802D0E6484C309B
:101DD00001E0284624301390E3486C301290FEF75F
:101DE0005FFE012815D0F8F7CFFA012811D029207D
:101DF000305C00280DD12520305C002809D1262038
:101E0000305C002802D0D8486C3001E028463C30D5
:101E10001290FEF745FE1090B07E0090F07F0F907C
:101E2000EDF7B4FD0790F07F0190FAF704FD0890FC
:101E3000F07F029001F065F90027F8F7ABFA01286E
:101E40003846159516974FD1707F0A2800D30A207F
:101E50002C4638344443C03C0025FAF7E3FC012803
:101E60002F4620D1EDF792FD01280E9503D0159B4A
:101E70001846543002E0159B18464830BA49E43100
:101E8000B27F4A43101835461E466036E97F324617
:101E90008A408718EDF77AFD012802D1E87A464397
:101EA000BF192E460E9DE0191490FAF7BDFC0746A7
:101EB000FAF7B8FC04463C40EDF768FD20400128E5
:101EC00008D1F07E401E03210143B07FB02242437F
:101ED000D043451A14984419FEF7E2FD6043A24925
:101EE00008182C30159D169F0690EDF74FFD012820
:101EF000394609D1F8F714FC0128394604D12220CB
:101F0000305C2946143141430591FAF78BFC0128D6
:101F1000384621D19448D430B17E414328464830D8
:101F2000F27A424354180027FAF77EFC012810D1B8
:101F3000EDF72CFD01280CD1159A10465830317F51
:101F4000414310466030F27E424350188438B77ED9
:101F50004743E019159D169F0E90F8F7B9F901282F
:101F6000384633D1EDF712FD012802D02F465C37F9
:101F700004E028466030F77A47430C3F2325705D24
:101F800000240028204605D0EDF700FD705D40429A
:101F900003218843C0192427F15D159A64324A430E
:101FA0008518F8F7F7F901280DD1FEF779FD01281A
:101FB00009D1FAF737FC012805D1F45D002C1598FA
:101FC00001D0044650342819159D169F0D90EDF749
:101FD000DDFC0128394609D1F8F7D8F9012839463E
:101FE00004D128464830F17A414314390C91EDF779
:101FF000CDFC01283A4608D1F8F775F801283A4691
:1020000003D128464C30F27A42432620315C252009
:10201000345C63182920305C0493002B149010D09A
:102020002820335C284660305843F838484327233B
:10203000F35C54355D434C4B5B19483363431F18C5
:102040001498002816970B920DD002462A20305C77
:10205000454D2B46B033434337462E46C83656438C
:10206000F318483B03E02A20305C0023374628263B
:10207000BE5D7143091827263D46BE5D7443241892
:10208000601813D0159F3E464C3666433C463434A8
:102090004C43A1193C465C3444430C19143C07E002
:1020A00000FCFFFF8424002070FDFFFF0024159F2B
:1020B00003990A9E11980818394644317143401813
:1020C0000999401813994018129941183846603000
:1020D00006460F9A96408919109A012A06D1224E77
:1020E000009A564371184526B60089192E46079D59
:1020F000059A012D02D1019DA840091808980128D0
:1021000005D138461830029DA8404118703906980C
:10211000049D081880180E9940180D9940180C99C4
:1021200040180B9940181499CD4201D038185830F6
:1021300016994018C0180419F3F7D3FE012800D1EE
:10214000E419706820180321C943F28DD21C0A409B
:10215000B38DDB1C0B409A18338EDB1C0B40D1185F
:10216000401A17B0F0BDC04690FEFFFF80B501F0E9
:1021700096F980BDB0B594B0044641780125294058
:102180003E306A4600F019F800280CD1694650220A
:102190002046F1F77DF9002808D0694648782840A4
:1021A0003E3100F03BF86078102801D2002002E0B8
:1021B000204601F069F914B0B0BDFEB514460646DC
:1021C00001250291012905D17079C02101404029E2
:1021D00000D1002501F040F920463E30019027460D
:1021E0001E37204601F03EF9002815D1002D0BD0F6
:1021F00060780121014002988142F2D106220198C3
:102200003146F1F745F903E03046394600F080F9F0
:102210000028E6D10020FEBDB320FEBDF0B595B08C
:102220000C46054601F018F901AE3E36B32701A869
:1022300001F018F9002810D1062230462146F1F7A6
:1022400027F901A9497801220A40AA42EFD10028C2
:10225000EDD101F037F90027E9E7F8B215B0F0BD8C
:10226000B0B50446074D2878002803D101F0F4F8F2
:1022700001202870204601F0F5F8002801D0002147
:102280002970B0BDB8240020BFB50D46044601AA90
:102290000846214600F07FF8002801D101F012F92C
:1022A00028462146FFF7BAFF04B0B0BDFEB514467C
:1022B0000191064601F0D0F827464437204601F048
:1022C000D1F8002811D16078C006F7D502AD3846A4
:1022D00001992A4600F07AF8022228463146F1F7A1
:1022E000D7F80028EAD10020FEBD8120FEBDF0B560
:1022F00085B01E4617460D46044602AA08462146EA
:1023000000F049F800280BD10498B84206D1BAB2BF
:102310000C203146F1F74CF8002816D001F0D2F825
:10232000019602AE3570701C06222146F1F790F836
:1023300004973046019901F082F8002805D006463E
:1023400028462146FFF76AFF00E00026304605B028
:10235000F0BDB0B598B01C46154601AAFFF72DFF99
:10236000002816D101A94A78012010403E3115AA53
:1023700000F011F8002801D0B3200AE0296817986E
:10238000884201D9872004E0286081B2204601F00C
:102390004BF818B0B0BDF8B514460D46064601F02E
:1023A0001DF8671C204601F01FF800280BD10622FB
:1023B00028463946F1F76CF80028F3D12078B0426E
:1023C000F0D10020F8BDB320F8BD0000F0B591B009
:1023D00001920091054608A90320088007AA00245D
:1023E000148014480068183003AF3B4600F024F80E
:1023F0000DAE102230462146F1F73AF80822304659
:102400000099F1F725F809AC384631462246F7F72E
:1024100061FF02AE022230462146F1F719F8287812
:1024200002994140019A1170707869784140517069
:1024300011B0F0BD1C240020BFB50D786C4625708E
:10244000497861701178A1705178E1700021039191
:102450000291019121461A46F7F73CFFBFBD0000EB
:10246000E0B5034601A9012008806A4600201080DB
:10247000024800681830FFF7DFFF8CBD1C240020E5
:10248000F0B587B0009003AE3046FFF7E9FF0027B4
:10249000384601F08DFB010A02AD69703F2404400B
:1024A0004034384601F084FBAC70287001AF3046F0
:1024B00029463A4600F00EF80326009C204639468D
:1024C0003246F0F7C5FFE01C29463246F0F7C0FF60
:1024D00007B0F0BDF0B589B000920F46054605AED5
:1024E000002110223046F0F7C3FF0324304639465E
:1024F0002246F0F7ADFF01AF284631463A46F7F7DE
:10250000E9FE009839462246F0F7A2FF09B0F0BD77
:10251000BCB50A460446C11C01AD10462A46FFF769
:10252000D9FF032228462146F0F7B2FF002800D049
:102530008120BCBDF0B585B000931746054601AEBD
:102540003046083008242246F0F782FF30463946EC
:102550002246F0F77DFF28463146009AF7F7BAFE8B
:1025600005B0F0BDE0B50B46014601AA0120108080
:10257000024800680830FFF75FFF8CBD1C24002074
:10258000F0B595B001931746039100251495139566
:102590001295119511A90DAC04902246F7F79AFEF9
:1025A0000F200290265609A9204600F085F8002E3B
:1025B00067D409A80299445605A900F07DF8002CBB
:1025C0006CD411A8002410222146F0F751FFFDB26F
:1025D000112D21D3201D81B210220DAB0398F3F7EA
:1025E000EBFA0020102807D00DA9095C11AA135C92
:1025F0004B401354401CF5E711AD0DAE049829462D
:102600003246F7F767FE102228463146F0F720FFE2
:10261000103F1034A4B2DAE7102D08D1201D81B28A
:1026200010220DAB0398F3F7C7FA09A814E00DA820
:1026300000211022F0F71CFF380608D00DA8431B1C
:102640001033201D81B203982A46F3F7B5FA0DA87E
:10265000401B8021C17305A8019A0021102909D0CF
:102660000DAB5C5C435C634011AD6C5C5C406C54D6
:10267000491CF3E711A90498F7F72CFE002015B0C8
:10268000F0BD11A8872101700F2D92D009A8415DDE
:1026900011AA525D4A4042556D1CF5E711A88721E9
:1026A000017000200F288CD005A90A5C11AB1B5CBF
:1026B00053400B54401CF5E710B5027852000A70E5
:1026C000491C00220F2A0BD083185B785B008B54C7
:1026D0008456002C02D5012423438B54521CF1E76D
:1026E00010BD0C2070470000F8B500276B4B6C4AFA
:1026F0003D4618683421405C854200D3CDE0106827
:10270000A4214058002800D1B2E0C4192089002833
:1027100000D1ADE0A07A0146D13905295DD300286A
:1027200000D1A5E0FE2800D18AE0A22859D0AA282D
:1027300000D181E0B22854D0B42800D18AE0BA2870
:102740007AD0BF2800D189E0F02800D18BE0102892
:1027500000D090E00121204604F0B8FC002800D110
:1027600096E00026A672F4F75BFC00284B4B4C4A1F
:102770007ED06020205CC0077AD004F018FC484A64
:10278000464B002874D0E079C021014040296FD128
:10279000444800684F21405C000769D524894248BD
:1027A00000688069482202210B46F3F79DFB3C4AF2
:1027B0003A4B00285CD001460420487208220A7275
:1027C000CE7188718C72FF20487182200871200AB6
:1027D000C8720220F3F725FC48E0204605F02CFAE9
:1027E00044E0E07D01260007304613D5204605F081
:1027F00028FD002806D0122804D00E2000F0BEFECE
:10280000F0F73FF8E07D60210140603948424841DF
:10281000224B234AE17C022904D1E17B10220A40A9
:1028200016091F4A002823D0002E21D06020205CEA
:10283000C00724D04B2023E0204600F037F815E0F5
:1028400060202056002813D5002170222046F0F782
:102850000FFE0BE0204605F059F807E00021204666
:1028600005F0A1F902E0204604F0B2FC0C4A0B4B43
:1028700070376D1C3DE7204600F019F80AE05B2038
:10288000C043A0720E2000F079FEEFF7FAFF01E0DE
:10289000F120A072014B024AEAE7F8BD1C24002097
:1028A000BC240020702400202024002070477047A2
:1028B000FEB5604F604C38680168002900D1B8E06F
:1028C00001F078F80546008805F04CFC0028F2D0AD
:1028D00006463868B021405C00280ED0082100224E
:1028E0000123304604F02CFD00280ED0FD2800D036
:1028F00096E02846F3F744F9DDE76868007A052892
:102900000CD12846314604F0EFFC2846F3F738F99D
:102910000E2000F033FEEFF7B4FFCCE7B17AF129D7
:1029200001D000290AD16021725C0121114001D13E
:102930000B28DED1002901D00128DAD1F07D000773
:1029400006D50296019501A800F094F8FC28CBD199
:102950006020305CC00707D10296019501A800F005
:102960008BF8FC28C0D122E06868007A042831D0B6
:10297000032837D001281AD1B07A002803D0FB28C9
:1029800047D0F128B5D1308905F0CCFB02460020B4
:102990000146234600F08EF8307E810702D50321E0
:1029A000084330762846314604F09EFED9E7284693
:1029B000314605F00FFAFC2803D0862899D08428E8
:1029C00092D1F07D000794D50296019501A800F000
:1029D0004FF889E7B07AB6288BD12846314605F002
:1029E0004DF8BEE7B07AB22809D0B42807D0B52890
:1029F00000D07EE72846314604F04AFFB1E7F07C7C
:102A0000022800D075E738684021415C032908D1CD
:102A10006FE7092100220123304604F091FCA0E772
:102A20003868294600F0A7FF0F2000F0A7FDEFF758
:102A300028FFFEBDBC24002030750000F8B50A4D0B
:102A400005400A4E30680768002F0CD03C46FF69ED
:102A50002088A842F8D13068214600F095FF204632
:102A6000F3F78EF8F0E7F8BDFF0F0000BC2400205C
:102A70001F2070471F2070471F20704780B50648F1
:102A8000C17A064800680830C91CC9B2044A072345
:102A900000F0D2FD80BDC04684240020BC2400206C
:102AA000A52A061080B54069014900F09EFE80BD50
:102AB0004D2B061010B5002906D0862401291BD104
:102AC000022A19D8002100E0032101280AD0002899
:102AD00011D18818C1B2094800680830012200F0FD
:102AE000F6FD06E08818C1B204480068083000F01E
:102AF000B8FD044600E00024204610BDBC240020A0
:102B0000FEB505467020029045430F480068A42199
:102B10000191405847193989022001240026224694
:102B2000334602F095F93846214604F0B9FB38895E
:102B3000FFF784FF04480068019940584019314666
:102B4000029AF0F795FCFEBDBC24002080B5022857
:102B500002D805F057FA80BD0449C97AC91C8142E0
:102B600003D9C01EC0B2FFF7CBFF80BD8424002074
:102B7000F8B52920C1000124204D2046A847204E49
:102B80003060204FF87A7021A8473168A42288501D
:102B900005F0C0F928212046A8473168AC228850AA
:102BA000F87AC01CC0B2411C174D28462246FEF7D9
:102BB000FDFE31688862F87AC01CC1B20222284644
:102BC000FEF7F4FE3168C862084600F0C9FEFFF760
:102BD00055FF3068422100254552402103224254CE
:102BE0000A49046341638563443010212A4600F09A
:102BF000ECFF284605F022FBF8BDC046D1190610AF
:102C0000BC24002084240020802400200710070713
:102C100010B5044600F00CF8002801D00C2010BDBF
:102C20000248006840214454002010BDBC2400200C
:102C300070B5104800683421405C702141430E4853
:102C40000268A43200200346994212D01468E518A5
:102C5000AC7A6026AD5DED0704D16034E4B2512C4E
:102C600004D205E05034E4B2412C01D37033EBE7D9
:102C7000012070BD1C240020BC24002010B5044697
:102C8000FFF7D6FF6178012903D1002805D102465C
:102C900004E000280FD00C2216E00C220B49096832
:102CA0004023CB5C032B01D16E22D243032B0BD0EC
:102CB000002802D008E0054801683031102208469B
:102CC0002146F0F7C5FB0022D0B210BDBC24002085
:102CD00010B50C4605F046FA002810D0C17C022938
:102CE0000FD1094909688C63C17B10220A43C27362
:102CF0000E2000F043FCEFF7C4FD002010BD0220C1
:102D000010BD0C2010BDC046BC240020F0B589B019
:102D1000049315460591074606AE08AC3046214699
:102D2000F4F728FA22780020009504990191029086
:102D300038460599334600F003F809B0F0BD0000AD
:102D4000F0B587B00293009201913A4909683423A3
:102D5000CA5C702757430025EC43374B1E68A436E6
:102D60000C9906910E9903910D9905910494AF4227
:102D70005ED03368591909897035641C0029F6D171
:102D8000944255D25F193946683908803846703800
:102D90000521017038460F38009901703846103807
:102DA00000900199017038460E380622234B029993
:102DB00016469847FE20069A104001210A40022834
:102DC00000D0114606923C466F3C217002280598BF
:102DD000039900D001463D466E3D28463246174BCA
:102DE00098473846173806990170384616380599BD
:102DF0003246124B98473846583800210422F0F7E3
:102E000037FB381F663F1021397004990160207824
:102E1000294605F067F9002805D000980078C0071A
:102E200001D0FB2038700E2000F0A8FBEFF729FD41
:102E300007B0F0BD1C240020BC2400205134051034
:102E4000F0B589B004931746059106460E9C2046BE
:102E5000FEF7D0F80F9D002808D007A806222146CB
:102E6000F0F7F6FA06A80122027005E007A806AC02
:102E70002146F4F77FF92278009704980190029593
:102E800007AB30460599FFF75BFF09B0F0BD0000C6
:102E9000F0B589B015460E4605F064F9002870D0EB
:102EA0000446807ABC2806D1278908A80021018021
:102EB0002646283656E027463037E17D090709D4F3
:102EC0002046283008223146F0F7C2FA3D70280A21
:102ED0007870A07A2189029108A900220A802646EA
:102EE0002836BC283DD025461C35F1280FD1E07D81
:102EF000000736D407AA019228463146FFF766FA42
:102F0000022201983946F0F7C3FA002821D038464A
:102F10003146224604F049F900281AD0029D28467D
:102F2000F7F709FA207E80070CD0284605F0FAF85A
:102F3000024601200021154BFFF7BCFD207EFC213D
:102F400001402176022003220023294601F080FF60
:102F500017E00D480068083008AA29463346FFF7F5
:102F60006BFA029F03AD002110222846F0F780FA89
:102F7000227C28463146F0F76BFA38462946F7F7A7
:102F8000CBF909B0F0BDC0461C240020307500000C
:102F9000F8B50E460546104605F0E4F8002856D070
:102FA00004460746002E0BD00020B87208340122D8
:102FB000062D32D139891546062E0ED005220DE098
:102FC000F97A01200843F872F97C891E022910D889
:102FD000F97D090708D5042107E004220220002317
:102FE00001F036FF2A4618E00221F922104040186D
:102FF000F872B87AAD2805D0AE2805D0BC2827D104
:10300000BF2002E0AF2000E0F020B87208340E20AC
:1030100000F0B4FAEFF735FC00226020385CC007FE
:103020000BD1B87EC10605D5EF210140B97641B27A
:10303000002918D4002A19D109E0387EFC2101406A
:10304000397603210140481E81410A430ED1F8BD63
:10305000062DDBD1F128D9D139890220002213466F
:1030600001F0F6FED2E76F210840B876208805F01F
:1030700059F8024601200021014BFFF71BFDF8BD66
:103080003075000010B505F06DF8002825D0044615
:10309000008905F047F80246012000210F4BFFF799
:1030A00009FD2089FFF7CAFC6020205CC007A07AD8
:1030B00004D16030C0B2512804D307E05030C0B210
:1030C000402803D80221204604F0EAF8FE20A0722E
:1030D0000E2000F053FAEFF7D4FB10BD307500005E
:1030E000B0B505460024204605F088F8002801D038
:1030F0000C2404E0012D02D1012005F09FF82046A8
:10310000B0BD00207047704770470000B0B50C4656
:103110000546088805F026F8002825D0002D0FD098
:10312000012D21D1608841281ED81248006821460F
:1031300000F01AFC0F2000F021FAEFF7A2FB16E0D6
:103140006168097A0B2909D1017E03220A40012A0C
:103150000AD1FC221140891C017605E08A1FD2B2F7
:10316000042A01D804F00CFE2046F2F709FD0020E5
:10317000B0BDC046BC24002010B5C37A5C07A20FC6
:1031800009D0012213405A425A41037C0320102BDC
:1031900009D0034608E0DA070AD1807A0122F12833
:1031A00009D0134608E00423002C05D4034603E0AD
:1031B0000223002200E00223002A01D1184600E089
:1031C0000120002900D0184610BDF8B51C4616464F
:1031D0000D46002129701170197004F0C3FF0028FA
:1031E00017D0074601212970807AF12810D100916B
:1031F00000213846FFF7C0FF3070012809D10220B6
:103200002870F97A4907890F00D10098207000E0F2
:1032100031700020F8BDF8B51C4615460F4604F085
:10322000A1FF002816D00646811C06222846F0F78A
:103230000FF9707869460870002F1FD000281DD044
:10324000012809D1F1798A090120022A16D84029DA
:1032500003D213E00220F8BDF179C02008404028D5
:1032600008D1694630462A4603F088FF002803D07B
:103270008120F8BD8620F8BD6846007820700020C7
:10328000F8BDB0B504F06EFF002811D0044600254B
:10329000294603F01BFF00280BD0A17AF12905D1A4
:1032A000A17BCA0702D0890700D50020054600E0AF
:1032B00002252846B0BD10B50C4604F053FF002887
:1032C00005D0817AF12902D1007CA04201D2B6203A
:1032D00010BD002010BD80B504F044FF002806D0CA
:1032E0006021425C802313434354002080BD812031
:1032F00080BDF0B589B00E4604F034FF002825D01B
:1033000005461C3005A90091FFF72CF974882B465F
:103310006833271DB9B204223046F2F76FFCFAB2C7
:1033200001AF009831463B46FFF72AF9083720469F
:10333000083081B2082230463B46F2F75FFC0C347D
:103340007480A86E401CA866002000E0022009B02E
:10335000F0BDF0B58DB00D464F8804F003FF002896
:1033600005D00446407C400603D4B12034E002205E
:1033700032E02146483105A81022F0F769F8083FED
:10338000B9B20C2202AE28463346F2F715FC30786B
:10339000717809020818B17809044018F178090613
:1033A0004118E06E814201D8401C10D10191FAB25F
:1033B00005A809AE29463346FFF7E2F802A8001D2A
:1033C000083608223146F0F763F8002801D00520BE
:1033D00002E00198E06600200DB0F0BD0148002138
:1033E00001707047C0240020BCB50346064D287804
:1033F0000C210091012400222146EFF761FF2C707F
:1034000000F004F8BCBDC046C0240020C01CC0B2FF
:10341000042802D37E20C04302E0C1000148C84016
:10342000C0B27047B3B7B400E0B5034600910220C4
:1034300001210C22EFF744FFFFF7E8FF8CBDE0B558
:103440000B4601460089009001200C22EFF7EAFEAE
:10345000FFF7DCFF8CBD00000148002101707047C0
:10346000C12400201CB50346064C20785021009151
:1034700000210A46EFF724FF01212170FFF7C6FF64
:103480001CBDC046C1240020E0B5014600200090CC
:1034900050220346EFF7C6FEFFF7B8FF8CBDBCB560
:1034A0000024214620460D460094C0B22146224603
:1034B0002346EFF705FFC21C691C0120002AF2D148
:1034C000E8B2BCBD80B50220EFF79CFF80BDE0B53F
:1034D000034626200090022100200246EFF7F0FE6E
:1034E000002800D081208CBDE0B501460023009368
:1034F00002202622EFF796FE002800D081208CBD06
:103500000348006800218160C1600161016070476B
:10351000C424002070B5174D2868EFF3108172B6EF
:1035200001680026066042680A43426062B62C6861
:103530001034206800280FD0204600F05BF880008F
:1035400029680818EFF3108272B6826886604868AE
:103550001043486062B6ECE72868041D064D2068F9
:10356000002806D0204600F045F8810069588847B9
:10357000F5E770BDC424002020A706101F210140DC
:1035800001228A40EFF3108172B6044909684009AC
:1035900080000B5813430B5062B67047C4240020C0
:1035A0001F22024001239340EFF3108272B689007C
:1035B000054A1268511840098000081881681943AB
:1035C000816062B67047C046C42400201F210140BC
:1035D00001228A40EFF3108172B60549096840095B
:1035E0008000081801691143016162B67047C04646
:1035F000C4240020EFF3108172B601684A420A40E9
:103600005140016003485043C00E03A1085C62B6FC
:103610007047C046DF3A650400010206030B07103D
:10362000040E0C150817111A1F050A0F0D14161990
:103630001E0913181D121C1B10B5122400280ED0D1
:10364000002A0CD00B2B0AD841700370036A59541E
:10365000491E4B1CFAD3026100240475C061204648
:1036600010BDF8B505461220002D1BD00C466A7817
:103670008A4217D92B6A195DA14201D10020F8BDF9
:1036800017463E46DF5D974201D0A742F9D10020A0
:10369000974205D09955964202D1284600F003F88A
:1036A000296A0C55F8BD10B542788A4207D1017DD0
:1036B0000024002909D00830EFF7B0FF05E04900E9
:1036C000426A515E00F06AF80446204610BDF0B52B
:1036D00085B0122600285ED01F460D46044643786A
:1036E0008B4258D920780521090381408F4252D856
:1036F00004920293EFF777FF02462378206A405D39
:10370000A8420CD00498002845D0204603912946B1
:1037100004931646FFF7A5FF03993246049B332016
:1037200078430E46010A0818010C08187107D208E0
:1037300051184218581DC0B2C24001956800616A14
:1037400004920A52EFF74FFFC00803906278206A94
:1037500017463B46C75D97420DD07D00666A755B94
:103760002678761D0399F1406D1A2DB2049E711AC8
:1037700009B28D42EDDDC15C019A8154206AC254C8
:103780000298834206D1049801B2204600F006F860
:10379000064600E00026304605B0F0BDFEB50191BA
:1037A000044607460837EFF71EFF02900D462678BD
:1037B000207D002804D03846EFF730FF227800E063
:1037C0003246701D029CE108C1400198401A00B2C7
:1037D000401EC1170832DCF7A9FE02194D413846D8
:1037E0002B46EFF70AFFC0B2FEBDFEB502910546BB
:1037F0004778006AC45DEFF7F6FEC00801902046E6
:10380000C2B2BA420DD053006E6AF35A2E78761DBA
:103810000199F140591A09B2012903DC286A805C38
:10382000EEE73846296AC855C6B228463146FFF742
:103830003AFFE0B2B04206D0296A0F5C0C540299FC
:1038400088473C46F5E7FEBDF0B5002A0BD00024C2
:10385000E543002B264600D056190F5D87556D1E97
:10386000641CA242F5D1F0BD70B5034601200029C9
:1038700009D0002426462546965D9E4204D16D1C43
:10388000EEB28E42F8D370BD204670BD002A05D03E
:1038900003780B70521E491C401CF7E7704780B537
:1038A000027C0B7C9A4206D1202A07D0102A09D12B
:1038B0008989808908E00020C04380BD1022EFF78D
:1038C000E7FD80BDC968C068401A80BD70B58AB088
:1038D0000C46014605AD142628463246EFF7B8FDE2
:1038E000684621463246EFF7B3FD287C802807D092
:1038F00005AC0D490C222046EFF7AAFD0020E0811F
:103900006846007C802807D06C4607490C22204678
:10391000EFF79EFD0020E08105A869461022EFF731
:10392000B7FD0AB070BDC04678A7061010B50A46AC
:103930000146007C202804D0102805D10C31022437
:1039400003E00C31042400E0102410462246EFF777
:103950007FFD204610BD017C802900D00C307047CF
:1039600000210160406070470022CA614268116016
:103970001C31416070470268CA61002A02D10A46C0
:103980001C3242600160704703688B4209D01A46BE
:10399000DB698B42FBD1CB69D361002B07D11C3291
:1039A00004E0CA690260002A01D102464260002098
:1039B000C861704701460068C2690A60002A00D1E8
:1039C00049600021C161704700210068002802D0D1
:1039D0001C30491CF9E788B270470000F0B587B089
:1039E000044608060D9D52D00195FF2015468543DB
:1039F000012605930C9B1F460096374003977E4295
:103A00001640F2B252190692254D059F3A462A40B9
:103A10001E469D07ED173D40049003062B409B1862
:103A2000022030400290481E0590C8B2410800268E
:103A3000C8B2C200A01845680298002801D11848F1
:103A40000540A0580246049FBA43039F002F01D1AE
:103A5000384600E0C0B282180698904201D1AB42CD
:103A600018D0AB4203D804D10698904201D94E1C1D
:103A700001E0481E05900598801BC0B2401CC2B2F0
:103A8000510889198242D3D00020019D04E0002111
:103A9000084601E0019D0098297007B0F0BDC046BE
:103AA000FFFFFF00F0B589B015460F4604460679C2
:103AB0000068616808AA009301923A462B46FFF716
:103AC0008DFF00210F9B0E9A0028079226D10697A2
:103AD0006779BE4222D202930390049508A9087820
:103AE000059686420DD0059F2268FDB2ED0056195D
:103AF0003346083B0ACB515173607F1EF9B28142B5
:103B0000F2D12168C000069A0A5008180499416051
:103B10000598401C207101210398029B089A079C7C
:103B200022701870084609B0F0BDF0B587B00F4696
:103B30000146007900260C9C00282FD003900868CD
:103B400004914968059206AD009301953A46059B9C
:103B5000FFF744FF002821D0029005940D9A049CA1
:103B6000236806A90978CD005B19DB7913700398E7
:103B7000401E0390C0B2814223460BD01D68CEB2D6
:103B8000F600AF19BA68FC68AA517C60491CCAB239
:103B90008242F3D103981871029E059C267007B0EB
:103BA000F0BD00210171704780B5EFF79EFC80BD2C
:103BB0001CB501AC2046EFF7D7FC20881CBDE0B552
:103BC00001A8EFF7DDFC01988CBD7CB50C460546DD
:103BD0000020C6B2A6420ED20020FFF7E9FFA8558A
:103BE00001A90870000A69460870711CA14200D240
:103BF0006854B01CEDE77CBDF0B595B0394800685D
:103C000000900BA8FFF763FC002831D001AF062419
:103C10000025354B384621462A4698477879C021F9
:103C2000014379710BAE30462030304B3946224685
:103C3000984707AC1027204639462A462A4B984712
:103C4000304621463A46294B984703AC2046394630
:103C50002A46254B98473046103021463A46234B9A
:103C600098473046FFF740FC002803D1054603E0A3
:103C7000002501E00E20C5431D4C22682E3200268F
:103C8000062730463946FFF7EFFD0BA9002801D083
:103C9000203101E021682E31009860303A46EFF77C
:103CA000D7FB2268083210213046FFF7DDFD0028DF
:103CB00005D0206808300BA91022EFF7C9FB226855
:103CC000183200201021FFF7CFFD002806D00BA9E5
:103CD0001031206818301022EFF7BAFBE8B215B0A7
:103CE000F0BDC04624240020CB3B06105134051003
:103CF0001C240020B0B5FFB083B01C466D462B736A
:103D0000AA722972A8711B0A6B73120AEA72090A55
:103D10006972000AE87128460E3086992246EFF74C
:103D200097FB20460A30A870000AE8700F2028711F
:103D3000FF206870822028700C2068710E34A1B2B8
:103D40002846EBF753FD7FB003B0B0BDB0B5FFB070
:103D500083B00C4605468B68CA8889886846801DF2
:103D6000F2F757FD280702D5A068F1F709FF03997C
:103D70000A460A3268468270120AC2700E22027126
:103D8000054A02800C2242710E3189B2EBF72EFDFA
:103D90007FB003B0B0BDC04682FF0000B0B5FFB039
:103DA00085B00C4605468B68CA88898802A8801DA4
:103DB000F2F754FD280702D5A068F1F7E1FE02AC46
:103DC000A38962892189E0880E340094FFF792FF6D
:103DD0007FB005B0B0BD0000F0B5FFB086B00C46B6
:103DE00005460B7ACA8889886089A6892769009068
:103DF0000196029703A8801DF2F779FD280702D5E6
:103E00002069F1F7BDFE03A8417B827B12025118A5
:103E10000A460B328270120AC2701A220271054AD7
:103E200002800C2242710F3189B2EBF7DFFC7FB0C8
:103E300006B0F0BD82FF0000F0B5FFB08CB00C46BC
:103E400005468B68CA88898807A8801DF2F787FD18
:103E5000280702D5A068F1F793FE07A841890591CC
:103E600001890391C18802910C3004900025049EC1
:103E7000A8B2059988421CD231188AA8069002245B
:103E80002246EFF7E5FAA81C80B2311889AF384610
:103E90002246EFF7DDFA281D84B230193B880699D7
:103EA0000A88009002980399FFF724FF38882518A4
:103EB000DEE77FB00CB0F0BDB0B5FFB083B00C460C
:103EC00005468B68CA8889886846801DF2F7C0FB62
:103ED000280702D5A068F1F753FE6846C17A039A15
:103EE000120251180A4609328270120AC270042264
:103EF0000271054A02800C2242710D3189B2EBF742
:103F000075FC7FB003B0B0BD82FF0000B0B5FFB05C
:103F100083B00C4605468B68CA8889886846801D30
:103F2000F2F7B4FB280702D5A068F1F729FE68462E
:103F3000817A8900CA1D8270120AC270052202713C
:103F4000044A02800C2242710B31EBF74FFC7FB028
:103F500003B0B0BD82FF0000B0B5FFB083B00C4627
:103F600005468B68CA8889886846801DF2F7A3FBDE
:103F7000280702D5A068F1F703FE6846C17A039AC4
:103F8000120251180A4609328270120AC2700622C1
:103F90000271054A02800C2242710D3189B2EBF7A1
:103FA00025FC7FB003B0B0BD82FF0000B0B5FFB00C
:103FB00083B00C4605468B68CA8889886846801D90
:103FC000F2F797FB280702D5A068F1F7D9FD6846FC
:103FD00041890A4608328270120AC27007220271B1
:103FE000054A02800C2242710C3189B2EBF7FEFBCC
:103FF0007FB003B0B0BDC04682FF0000B0B5FFB0D7
:1040000083B00C4605468B68CA8889886846801D3F
:10401000F2F785FB280702D5A068F1F7B1FD6846E5
:1040200041890A4608328270120AC270082202715F
:10403000054A02800C2242710C3189B2EBF7D6FBA3
:104040007FB003B0B0BDC04682FF0000B0B5FFB086
:1040500083B00C4605468B68CA8889886846801DEF
:10406000F2F773FB280702D5A068F1F789FD6846CF
:1040700041890A4608328270120AC270092202710E
:10408000054A02800C2242710C3189B2EBF7AEFB7B
:104090007FB003B0B0BDC04682FF0000B0B5FFB036
:1040A00083B00C4605468B68CA8889886846801D9F
:1040B000F2F761FB280702D5A068F1F761FD6846B9
:1040C000C17A039A120251180A4609328270120A02
:1040D000C2700A220271054A02800C2242710D311F
:1040E00089B2EBF783FB7FB003B0B0BD82FF000065
:1040F000B0B5FFB083B00C4605468B68CA88898886
:104100006846801DF2F755FB280702D5A068F1F735
:1041100037FD6846C1890A460C328270120AC270A5
:104120000C220271044B03804271103189B2EBF70B
:104130005DFB7FB003B0B0BD82FF0000F0B5FFB003
:1041400086B00C4605460B89CA8889886089A6898D
:10415000276900900196029703A8801DF2F7E2FB01
:10416000280702D52069F1F70BFD03A8C1890A468B
:104170000C328270120AC2701B220271054A028040
:104180000C224271103189B2EBF730FB7FB006B0E0
:10419000F0BDC04682FF0000B0B5FFB083B00C4652
:1041A00005468B68CA8889886846801DF2F7EDFB52
:1041B000280702D5A068F1F7E3FC684641890A4662
:1041C00008328270120AC2701E220271054A0280F1
:1041D0000C2242710C3189B2EBF708FB7FB003B0BF
:1041E000B0BDC04682FF0000F0B585B00546C006F0
:1041F00045D4264800685024005D0024C0073FD005
:104200000293039204910A9E214800686907C90E2F
:1042100040180069711E03220A43113291088BB2C3
:1042200056222946F1F760FE00282CD007460B984D
:1042300001903E740299B973039B3B73049ABA725E
:10424000300A7874080AF873180A7873100AF8723A
:104250003846123001993246EFF7FAF80C2078729E
:10426000012038720A36300AF871BE71FF20787169
:104270008220387128463946F1F7D3FE00E08624C3
:10428000204605B0F0BD0724FAE7C04670240020A0
:1042900020240020F8B50446C00608D40D4619486D
:1042A00000685021405C800703D4002727E0862760
:1042B00025E01646144800686107C90E40180069D9
:1042C000572203232146F1F70FFE002816D001469E
:1042D000067385720C204872022008720027CF7185
:1042E00006208871FF20487182200871300A4873C7
:1042F000280AC8722046F1F794FE00E007273846E6
:10430000F8BDC0467024002020240020F8B50546E2
:10431000C00621D40E46134800685121405C002499
:1043200080061AD5174600930F4800686907C90E22
:10433000401800690F2203232946F1F7D5FD002814
:104340000DD001460098C8604F810E810748486033
:104350002846F1F766FE00E086242046F8BD0724D3
:10436000FBE7C04670240020202400204D3D0610AD
:10437000F8B50546C00621D40E4613480068512101
:10438000405C002440061AD5174600930F48006889
:104390006907C90E40180069102203232946F1F766
:1043A000A3FD00280DD001460098C8604F810E8102
:1043B000074848602846F1F734FE00E0862420468E
:1043C000F8BD0724FBE7C04670240020202400200D
:1043D0009D3D0610F8B50446C00608D40D461E489B
:1043E000006851214056002804D4002700E08627A9
:1043F0003846F8BD1F461646184800686107C90EC2
:10440000401800695B2204232146F1F76DFD002866
:1044100020D00146079A06980090C8730E738D72DB
:104420000C234B7211230B7238460027CF710A23DD
:104430008B714A748873FF224A7182220A71009834
:10444000000A0874300A4873280AC8722046F1F737
:10445000E8FDCDE70727CBE77024002020240020CB
:10446000F0B587B00546C00643D40E462448006820
:104470005221405C002480073CD5049205930C9A9D
:10448000204800686907C90E401800691E49069255
:10449000511803220A43113291088BB25C2229463B
:1044A000F1F722FD002828D007460D9906980090C4
:1044B00003910191381D3146049A059BF2F7F3F9F7
:1044C000280704D50398F1F75BFBF72005400C2083
:1044D000787212203872FF20787182203871069825
:1044E000C01DB871000AF87128463946F1F799FDE8
:1044F00000E08624204607B0F0BD0724FAE7C04656
:104500007024002020240020FDFF0300F8B504469D
:10451000C00625D416460D46144800686107C90E2A
:10452000401800695D2203232146F1F7DDFC0028D5
:1045300018D00146067385720C2048721620087246
:104540000027CF7106208871FF20487182200871F2
:10455000300A4873280AC8722046F1F762FD02E06B
:10456000862700E007273846F8BDC04620240020F3
:10457000F8B50446C00625D416460D461448006812
:104580006107C90E401800695E2203232146F1F736
:10459000ABFC002818D00146067385720C204872C7
:1045A000172008720027CF7106208871FF204871FC
:1045B00082200871300A4873280AC8722046F1F731
:1045C00030FD02E0862700E007273846F8BDC046E8
:1045D00020240020F8B50446C0062ED41F461646F7
:1045E0000D46184800686107C90E401800695F222F
:1045F00004232146F1F778FC002820D001460698D4
:1046000008748F730E738D720C224A7219220A720B
:104610002B460025CD710A228A71FF224A7182221F
:104620000A71000A4874380AC873300A4873180AB5
:10463000C8722046F1F7F5FC02E0862500E0072568
:104640002846F8BD20240020F8B50446C00620D432
:104650001F4616460D46114800686107C90E4018EE
:104660000069112205232146F1F73EFC002812D0F3
:1046700001460898079A069B48610A82CB810F730E
:104680004E810D81064848602046F1F7CAFC0020A3
:10469000F8BD8620F8BD0720F8BDC04620240020C4
:1046A000D93D0610F8B50546C00621D40E4613487C
:1046B00000685221405C002400071AD51746009379
:1046C0000F4800686907C90E4018006914220323C7
:1046D0002946F1F709FC00280DD001460098C86072
:1046E0004F810E81074848602846F1F79AFC00E0A8
:1046F00086242046F8BD0724FBE7C046702400202E
:1047000020240020393E0610F8B50446C00608D41F
:104710000D46194800685021405C400703D400272B
:1047200027E0862725E01646144800686107C90E71
:10473000401800695822032721463B46F1F7D4FB75
:10474000002815D00146067385720C2048720F723E
:104750000027CF7106208871FF20487182200871E0
:10476000300A4873280AC8722046F1F75AFC00E064
:1047700007273846F8BDC0467024002020240020BA
:10478000FEB50446C00624D41646134800685022DD
:10479000805C002500071DD51F46019102950F483A
:1047A00000686107C90E40180069072503232146E8
:1047B0002A46F1F799FB00280CD00146C7604681D4
:1047C00001980881064848602046F1F72AFC029DBE
:1047D00000E086252846FEBD70240020202400200D
:1047E000B93E0610F8B50546C00621D40E4613485A
:1047F00000685021405C0024C0061AD5174600937B
:104800000F4800686907C90E401800690822032391
:104810002946F1F769FB00280DD001460098C860D1
:104820004F810E81074848602846F1F7FAFB00E007
:1048300086242046F8BD0724FBE7C04670240020EC
:10484000202400200D3F0610F8B50546C00621D4EF
:104850000E46134800685021405C002480061AD59B
:10486000174600930F4800686907C90E4018006991
:10487000092203232946F1F737FB00280DD0014612
:104880000098C8604F810E81074848602846F1F7BC
:10489000C8FB00E086242046F8BD0724FBE7C0469D
:1048A0007024002020240020593F0610F8B505464A
:1048B000C00621D40E46134800685021405C0024F5
:1048C00040061AD5174600930F4800686907C90EBD
:1048D000401800690A2203232946F1F705FB002846
:1048E0000DD001460098C8604F810E81074848608E
:1048F0002846F1F796FB00E086242046F8BD072401
:10490000FBE7C0467024002020240020AD3F0610A5
:10491000F8B50546C00621D40E461348006850215C
:104920004056002400281AD5174600930F48006807
:104930006907C90E401800690B2203232946F1F7C5
:10494000D3FA00280DD001460098C8604F810E812F
:10495000074848602846F1F764FB00E086242046BB
:10496000F8BD0724FBE7C046702400202024002067
:10497000FD3F0610F8B50546C00621D40E46134883
:1049800000685121405C0024C0071AD017460093EC
:104990000F4800686907C90E401800690C220323FC
:1049A0002946F1F7A1FA00280DD001460098C86009
:1049B0004F810E81074848602846F1F732FB00E03E
:1049C00086242046F8BD0724FBE7C046702400205B
:1049D000202400204D400610F8B50546C00621D41D
:1049E0000E46134800685121405C002480071AD508
:1049F000174600930F4800686907C90E4018006900
:104A00000D2203232946F1F76FFA00280DD0014645
:104A10000098C8604F810E81074848602846F1F72A
:104A200000FB00E086242046F8BD0724FBE7C046D3
:104A300070240020202400209D400610F8B5054673
:104A4000C00621D40E46134800685121405C002462
:104A500000071AD5174600930F4800686907C90E6A
:104A6000401800690E2203232946F1F73DFA002879
:104A70000DD001460098C8604F810E8107484860FC
:104A80002846F1F7CEFA00E086242046F8BD072438
:104A9000FBE7C0467024002020240020F1400610CF
:104AA000F8B50446C00608D40D46194800685121DF
:104AB000405CC00603D4002727E0862725E0164681
:104AC000144800686107C90E401800695922032381
:104AD0002146F1F709FA002816D0014606738572BF
:104AE0000C2048720D2008720027CF7106208871B3
:104AF000FF20487182200871300A4873280AC87262
:104B00002046F1F78EFA00E007273846F8BDC04688
:104B10007024002020240020F8B50446C00620D4CC
:104B20001F4616460D46114800686107C90E401819
:104B30000069122205232146F1F7D6F9002812D088
:104B400001460898079A069B48610A82CB818F81AB
:104B50004E810D81064848602046F1F762FA002038
:104B6000F8BD8620F8BD0720F8BDC04620240020EF
:104B70003D410610F8B50446C00628D41F46164627
:104B80000D46154800686107C90E4018006960228B
:104B900003232146F1F7A8F900281AD0014606732D
:104BA00085720C2048721C2008723A460027CF718B
:104BB000072088718A73FF20487182200871300AAB
:104BC0004873280AC8722046F1F72BFA02E08627BC
:104BD00000E007273846F8BD20240020F8B5054638
:104BE000C00621D40E46134800685221405C0024C0
:104BF00040071AD5174600930F4800686907C90E89
:104C000040180069132203232946F1F76DF90028A3
:104C10000DD001460098C8604F810E81074848605A
:104C20002846F1F7FEF900E086242046F8BD072467
:104C3000FBE7C04670240020202400209941061084
:104C40001CB589886C46E01CF1F780FC0520A0703B
:104C5000132060700420207008212046EAF7C6FD6A
:104C60001CBD0000B0B50446C00616D40D460D4864
:104C700000686107C90E40180069022221461346E8
:104C8000F1F732F900280AD00146074848600D8143
:104C90002046F1F7C6F90020B0BD8620B0BD072040
:104CA000B0BDC04620240020414C0610FEB505468C
:104CB000C00633D417461C4800683D22825C00249D
:104CC00092062CD53D30407A000728D501910293F9
:104CD000164800686907C90E401800692522042398
:104CE00029460093F1F700F900281AD006464772CA
:104CF00001983072380AB07230460B30082202999F
:104D0000EEF7A6FB0099F1710C20B0713E20707196
:104D1000317128463146F1F784F900E086242046B7
:104D2000FEBD0724FBE7C04670240020202400209D
:104D300010B5FFB083B089886C46A01DF1F752FE14
:104D4000217A481DA070000AE07001202071FF2028
:104D50006070822020700820607109312046EAF7D7
:104D600045FD7FB003B010BDF8B50446C0062DD494
:104D700015460F460093184800686107C90E401891
:104D80000069511E03220A43093291088BB2402266
:104D90002146F1F7A9F800281AD00646C572877295
:104DA0000C3000992A46EEF753FB00277772062055
:104DB0003072281D010AF171B071FF2070718220DC
:104DC000307120463146F1F72CF902E0862700E0E9
:104DD00007273846F8BDC04620240020F8B5044611
:104DE000C0062DD416460D46184800686107C90E46
:104DF00040180069412204232146F1F775F8002884
:104E000020D001460A300671057000274F7210222B
:104E10000A72CF710A228A71FF224A7182220A71B4
:104E2000320EC271320C8271320A42712A0EC27085
:104E30002A0C82702A0A42702046F1F7F2F802E04A
:104E4000862700E007273846F8BDC046202400200A
:104E5000F8B50446C00608D40D46194800684E212E
:104E6000405C800703D4002628E0862626E01F4603
:104E70001646144800686107C90E401800694522AB
:104E800003232146F1F730F8002816D00146857239
:104E9000042048720120087232460026CE71062096
:104EA00088714F730A73FF20487182200871280AA5
:104EB000C8722046F1F7B5F800E007263046F8BD85
:104EC000702400202024002080B500F035FD80BD36
:104ED000F8B504460588F5F76AFB01462846F2F75F
:104EE000D9FC0546204600F0D7F81D2803D023281A
:104EF00001D01B280ED16188EA88914205D8032988
:104F000003D3232867D1042965D82046F0F738FE5B
:104F10000020F8BD204600F0BFF8A988CA066ED56B
:104F2000012802D0AA78904269D110208143A9803B
:104F30006A89298903263046F2F71EFD6188E888D0
:104F40000091814200D99AE0204600F0A5F8421E67
:104F50000121CA410023102A00D988E092001F468F
:104F600001A39A583B4697461F500610235006103F
:104F70002F5006104D500610AD4F061075500610FC
:104F80007550061075500610AD4F06101B500610D8
:104F90006F500610275006101B5006106F50061059
:104FA0006F5006106F50061075500610092802D178
:104FB000009904295BD3112802D10098062856D302
:104FC000A089401C81B2204600F047FA3B460028E9
:104FD0004DD0014643E01D280DD1A888800612D48B
:104FE0006A8929890220F2F711FD00284CD1A8888E
:104FF00020210143A980204600F0B7FFF8BD2046DC
:1050000000F0B7FAF8BD08354220032102222B46F2
:10501000FFF7AAFE002837D177E70B4627E00523E4
:1050200025E0334623E0009B042B1FD91FE00098A6
:1050300006281CD3A089401C81B2204600F00DFA3E
:1050400001280BD002281AD1122108E0009802286A
:105050000DD3009B581E800708D108E00421009E54
:10506000B01EDBF773F90029334600D00023009807
:10507000984204D1074801682046884702E020464C
:1050800000F05EFF842801D18420F8BD0020A870C4
:10509000F8BDC046AC28002080B5818900F0DDF95C
:1050A00080BD80B500F070FC80BD80B500F06EFC66
:1050B00080BD0000F8B5054681884088F2F7EAFB1C
:1050C000002808D0044629781E2906D1A088800629
:1050D00039D40C2693E1122691E1480606D4CA4839
:1050E000CA4A0260A088C00600D56DE1E0888A1E29
:1050F00086261E2A00D991E0032752007A4492881E
:105100005200974422007C011E007C019F007C011C
:10511000A2007C0122007C011E007C0194007C0125
:105120002D017C0190007C017C017C01A9007C01A7
:10513000AC007C017C017C017C017C0121007C01B4
:105140009400052701E0E0880127B9B2814200D32D
:1051500007460097BFB220463946F2F799FC00286F
:105160002FD006462A78818900F054F92878811ECC
:1051700016292DD84900C0467944898849008F44B2
:1051800016000D0170000D0177000D0193000D0157
:10519000A1000D01AA000D01BA000D01C0000D0112
:1051A0002F000D010D010D01CE000D01E600984804
:1051B000028AB089401C81B23046F0F716FD032008
:1051C000EBE00820FEF7DAF9EDF75BFB882616E145
:1051D000202800D1CAE0522802D0D22800D0DDE039
:1051E0002A89B089401C81B23046F0F7FEFCEB689A
:1051F0006A89B089C01C81B23046F0F7FFFC28787C
:10520000122800D1B8E0D22800D0C7E000980C38AE
:10521000708020893146FEF76CF8BFE0522902D039
:10522000D22900D0EBE0D22908D0032107E0297A67
:1052300049004F1C874200D887E7E0E00F216A89C8
:10524000571882E7E989CF1D7FE7E968097C802943
:1052500000D089E0152778E7A9894F1D75E7022757
:1052600073E76A892989304600F0A2F9052094E0A5
:105270006A892989304600F09BF9AA89B089401DC6
:1052800081B23046F0F7B1FCE889C01DB84200D8C1
:105290000746F81F82B22B69B089C01D81B2304623
:1052A000F0F7ACFC072078E06A892989304600F0E5
:1052B0007FF9B089401DEB68197C80295ED181B2ED
:1052C00010225EE02A89B089401C81B23046F0F796
:1052D0008CFC0B2061E02A89B089401C81B23046E9
:1052E000F0F783FC6A89B089C01C81B23046F0F7C0
:1052F0007CFC0D2051E02846314600F04DF90F208E
:105300004BE06A892989304600F052F9B089401D86
:10531000EB68197C802939D181B2102239E02A89C1
:10532000B089401C81B23046F0F75FFC6A89B089D1
:10533000C01C81B23046F0F758FC2B69AA89B089AD
:10534000401D81B23046F0F759FC172025E02A7A3B
:10535000B089401C81B2304600F05CF819201CE096
:10536000E968097C80294CD00727EEE628463146BB
:1053700000F012F9212010E013200EE081B20C336E
:1053800002223046F0F73AFC092006E081B20C33E5
:1053900002223046F0F732FC1120A0700098708095
:1053A0002A78B189304600F035F82878410611D4C2
:1053B0001E280FD0628921890320F2F727FB0028DD
:1053C00004D03046F0F7DCFB842618E0A0881021DA
:1053D0000143A18060893146F2F7DEFA002801D04E
:1053E00081260CE0287800261E2808D162892189B0
:1053F0000220F2F7C1FAA08820218843A08030461D
:10540000F8BD1127A1E6C046AC2800200D5A0610B1
:1054100084240020BCB514464068202904D301AD83
:105420002A46FCF774FB298840180471BCBDBCB542
:1054300004468089401C81B2204600F00EF8618845
:10544000081AA1894018801C81B2022201AD2046B1
:105450002B46F0F7B1FB2888BCBD1CB51F2903D82B
:1054600001AA1180406805E0406801AC2246FCF7C3
:105470004EFB2188401800791CBD1CB581894288EB
:105480005118891E89B2022201AC2346F0F794FB21
:1054900020881CBDFEB50E464188052912D11C4648
:1054A00015468189052201AF3B46F0F785FB7878E8
:1054B0003070B878F97809020818288002982070AE
:1054C0000020FEBD8620FEBDBCB504468089401C80
:1054D00081B22046FFF7C1FF6188081AA1894018F0
:1054E00081B2022201AD20462B46F0F765FB2888E9
:1054F000BCBD70B514460E4605468089401C81B27D
:105500002846FFF7AAFF02464643B01C6988884236
:1055100008D2A989081881B228462346F0F74CFB27
:10552000002070BD862070BDBCB504468089401C3B
:1055300081B22046FFF791FF1121C943012800D114
:105540000E3160884018A189081881B2022201AD8D
:1055500020462B46F0F730FB2888BCBD80B50B46B3
:1055600042888189491D89B2521F92B2F0F71BFB14
:1055700080BD1CB50446008801AB18804220022182
:105580000A46FFF7F1FB002801D084201CBD20460D
:10559000F0F7F6FA00201CBD10B50C46C3688989E7
:1055A000007A4200481C81B22046F0F727FB10BD6C
:1055B000B0B514460A4605468089401C81B228468B
:1055C000F0F713FBA889C01C81B228462246F0F7E9
:1055D0000CFBB0BD10B504460821FCF7F9F90449ED
:1055E0000968602200238B52486660314C8010BDF0
:1055F00028240020F0B585B0174604901C4D28687B
:105600006024065B024660325288964217D20294AA
:105610000393002917D00197084600F02BF8441C8B
:105620002868B1B2A2B291420BD3C900406E4018B3
:10563000014608390822EDF70BFF761EF0E7002738
:1056400012E0019F00E03446406EA1B2C900049A06
:1056500042544018039A42602868029BC25A521C66
:10566000C252406E40184780384605B0F0BDC04673
:105670002824002008490A68516E6223D25AD200B9
:105680005218083A824202D3401AC00801E00020B2
:10569000C04380B27047C0462824002080B500F087
:1056A0000FF80549884205D0C00004490968496ED1
:1056B000081880BD002080BDFFFF000028240020C6
:1056C00010B5044600F024F80649884207D0C2000D
:1056D000054B1B685B6E9A185288A24200D00846A0
:1056E00010BDC046FFFF00002824002080B500F058
:1056F0000FF80549884205D0C00004490968496E81
:10570000081880BD002080BDFFFF00002824002075
:1057100070B509490A686021535A00210225074CD7
:105720008B4206D0566E765B864203D20835491C02
:10573000F6E7214688B270BD28240020FFFF000054
:10574000FEB5029315460022884223D80C4616491E
:105750000F686021795A00291CD000920191FFF74F
:10576000D7FF06462046FFF7D3FF0199491E814225
:1057700000D3014689B2B2B28A420DD8786ED30006
:10578000C45CAC4204D1C0184368029CA34205D05B
:10579000761CF0E71046FEBD0098FEBD03498A4224
:1057A00000D10020FEBDC04628240020FFFF0000DD
:1057B00080B5FFF75FFF0749096860228A5A401CDD
:1057C00080B2904203D2496EC000081880BD00200C
:1057D00080BDC0462824002080B500F003F8408832
:1057E00080BD0000F8B5047802252146294302292E
:1057F0001ED1FFF73FFF0F49096860228B5A401CFA
:1058000082B29A4210D2002C08D0022CF7D1D700D5
:105810004E6EF75D2F43022FF1D106E0D7004E6E9A
:10582000F75D002FEBD100E04E6ED00080190838F4
:10583000F8BDC04628240020064800686021415A6F
:10584000002905D0406EC9000818801F00887047E5
:105850000020704728240020FEB50D460446FFF7BF
:10586000EBFF002834D0AC4232D80646A0422FD3FA
:105870002046FFF725FF04461648844228D0AE4252
:1058800000D32E463046FFF71BFF13490F686026F2
:10589000B95B4A1E824217D90190054602948BB229
:1058A0006D1CAAB29A420DD2796EA0B2C00008183F
:1058B000D20089180822EDF7CBFD07480768B95BCD
:1058C000641CECE7029C0198C243A2185118B9531A
:1058D000FEBDC046FFFF00002824002010B5094986
:1058E0000A686021535A190409D0516E9CB2E40031
:1058F000611808390C785B1E8442F4D100E0002165
:10590000084610BD2824002010B504460846FFF7BD
:10591000FFFE08490968496E82B2D2008B5CA3423F
:1059200005D0421E00041046F6D1002010BD881894
:1059300010BDC0462824002070B5114CA07A242147
:10594000FCF746F80F490B6800221D4650351E46ED
:1059500048369A64DE641A655D65A47A002C0CD022
:1059600002620B685B6D18600123037005462035E9
:105970000B685D652430641EF0E79A6570BDC04613
:10598000842400202824002070470000F8B50D462C
:105990000446194E376848373F68002F10D0788882
:1059A000A0420BD1B888A84208D138781821014309
:1059B00039700C20FDF7E2FDECF763FF2037EBE7D1
:1059C000042D17D13068816D0B46002B0BD01A4681
:1059D0009D680023002DF8D0AB88A3422B46F4D15C
:1059E000AB689360F1E7002904D08A88A24201D114
:1059F00089688165F8BDC0462824002080B502482A
:105A00000068804780BDC046B0280020F0B595B042
:105A100005460488F4F7CBFD0146204600F06EFAF7
:105A20008626002800D108E204462F882846F4F78D
:105A3000BEFD01463846F1F72DFF08902078FB2186
:105A4000014021700C273846FDF798FDECF719FF4F
:105A5000284600F065FA012807D16088F1F704F8BC
:105A6000002860D0204600F060FA2078002201076C
:105A700057D4A379591E112900D9DEE107924900B4
:105A80007944898849008F44C50002010F019900BB
:105A900099001F01640175017C01B901A600A600EF
:105AA000B8001100B00011001100B000C00600D510
:105AB000A7E0A28861880A202B46FEF7BFFF0028D6
:105AC00000D0B4E1A079112800D1B2E1637A216954
:105AD0000891102800D0D0E10693A889401C81B21B
:105AE0002846F0F772F80590A889C01C81B22846B4
:105AF000F0F76BF80026A2896988491F914204904B
:105B000000D0CFE1384606994843089A10188068BB
:105B10006189411828461546FFF720FD069B039032
:105B2000C4E1164689E109A90FAA0EAB2846FFF782
:105B3000B1FC00282BD02846F0F722F80EA80078F8
:105B4000122808D160880421F1F7A4FE818801227F
:105B500052020A438280A079012804D1089B9988C7
:105B60000422914399800EA909780A2908D00729AF
:105B700002D10A2800D175E7217810220A43227049
:105B80000E2800D171E7102800D16EE76AE709A856
:105B900000780790A38862880FA8008821460EAC81
:105BA0002478009001940C46022011461A46079B67
:105BB000FEF710FC0028BED006463EE1A2886188B0
:105BC0000A202B46FEF740FE002800D02FE1284691
:105BD000FFF77AFCC8E0A28861880A200B2B00D06E
:105BE00020E12B46FEF7C6FE1FE1A2886188022055
:105BF000FEF756FF002800D019E12846EFF7C0FF56
:105C000017E16089002800D113E1002626720F20D9
:105C1000A07112E1A889401C81B22846EFF7D5FF98
:105C20000646172800D81726B348008A8642089FE0
:105C300000D30646B888000714D5F888B04211D0C2
:105C40003B460833422003210222FFF78DF800284B
:105C500000D0ECE02078102101432170B8880821A1
:105C60008843B8802078C00600D5FE88618802206D
:105C70003246FEF749FD002800D0D8E0FE80B88803
:105C80000821014304208143B9802046DCE0A2883A
:105C900061880A202B46FEF79FFE002800D0C6E050
:105CA0002846FFF7C4FB0BE0A28861880A202B4638
:105CB000FEF798FD002800D0B9E02846FFF7DDFB8D
:105CC0008C49884253D1B4E0284600F008FA089085
:105CD00060890EA9088020460C30079009A80C3076
:105CE00005900FA8401D06900026F7B20FAA28467F
:105CF0003946FFF7FEFB002800D0A1E008980728EE
:105D000005D109A8102101740222059803E009A811
:105D10008021017410220699EDF79AFB0EA80FA9B5
:105D20000222EDF795FB09A80799FDF7CFFD0028A2
:105D30000DD1A28861880898009001954743B81C4E
:105D400083B20220FEF78CFB002800D082E0761C94
:105D5000CBE7A28861880A202B46FEF711FD0028B8
:105D600065D12846FFF7E0FB6189884261D2401C7B
:105D7000208161E0A28861880A202B46FEF796FD0B
:105D800053E0284600F0ABF9064606946088F0F729
:105D90006BFE089002246888A3B2834253D208980D
:105DA00001280ED1A889001981B20FAF28463246CA
:105DB0003B46EFF701FF5C2031463A46F0F7F0FF33
:105DC0001AE0069FBA887988009601950220FEF7AE
:105DD00047FB00282BD1387F10280DD10698008B67
:105DE0004249884208D1069840880421F1F752FDC3
:105DF00081883F4A11408180A419CCE7A28861883C
:105E00000A202B46FEF784FD002810D10898C08890
:105E1000411E6888401E82B291420AD861890818E2
:105E2000608109E02B46FEF7D9FE002801D08426C8
:105E300003E0204600F079F8079E304615B0F0BD2B
:105E40000EA800880AE0069800F06FF82846EFF7E1
:105E500097FEF1E70E98401E0EA90880618982B274
:105E60008A4202D2401C208102E0204600F05DF808
:105E70002846EFF785FE0026DFE76189089AA089AA
:105E80004018608180B25F43D11989888842D3D19C
:105E9000207A401E984224D900266681607A401CF0
:105EA0006072CAE7F0430390069B089D3946594348
:105EB0006A5A2846059D95420BD1024641184A88E8
:105EC00061898A18049DAA4203D1024603980028DA
:105ED000D5D026720F20A0712078102101432170A7
:105EE000ABE7012020720F20A071A5E72A2B00004C
:105EF000FFFD0000FFFF000084240020074A126815
:105F000048321268002A07D05388834202D193880E
:105F10008B4201D02032F4E710467047282400203D
:105F200080B5818900F0CBF880BD80B5017808226A
:105F30000A4302700C20FDF721FBECF7A2FC80BDA8
:105F400010B50488F4F733FB01462046FFF7D6FF6F
:105F5000002808D0017818220A4302700C20FDF7AF
:105F60000DFBECF78EFC002010BDF0B585B00446AB
:105F700005888089461C2046FFF7D2FF232810D0D1
:105F8000B1B21B2822D12046EFF71FFE014628465A
:105F900000F05CF800283DD02046EFF7F1FD002529
:105FA00050E06788B1B22046B9422AD2EFF70DFE21
:105FB0000146284600F04AF80028EDD1B01C81B215
:105FC0002046EFF702FE3018061DEBE72046EFF7FC
:105FD000FCFD0146284600F039F8002824D06E4622
:105FE00075802046F4F7E3FAB0801E20307030460A
:105FF000FFF760F80546002820D12046EFF7C0FDE6
:106000001CE0F4F7D4FA02460A2029462346FEF79C
:1060100049FB12E02046F4F7CAFA02460A20294654
:106020002346FEF7A5F908E02046F4F7C0FA024639
:106030000A2029462346FEF769F90546002D01D0BE
:106040007B20C543E8B205B0F0BD0000BFB50446F3
:1060500000F022F80546002806D10E48014600F05F
:106060001BF80546002802D02878022801D200201B
:106070000DE003A902AA01AB2046FDF7A6F800280F
:1060800004D1287802A909788142F0D2C02004B056
:10609000B0BDC046FFFF0000074A126858321268C0
:1060A000002A07D09388834202D153888B4201D0C3
:1060B0000832F4E7104670472824002070471CB5CA
:1060C0001F2903D801AA1180406805E0406801AC8F
:1060D0002246FBF71CFD2188401800791CBD80B5C5
:1060E0008189491C89B2FFF7EAFF80BD0020704713
:1060F0000020704780B541680078F4F753FA00201B
:1061000080BD704770477047704770B504463020B7
:10611000255C608FF4F703FEFF2012302618284616
:10612000F6F7BCFB002804D03034607C0121FBF77B
:1061300069FA002030701520FDF720FAECF7A1FB7A
:1061400070BD7CB50446EEF7E8FA0546012120460D
:10615000F5F786F826462C36214628318D4210D098
:1061600085420ED0E16F2046F4F7CEFF0121204694
:10617000F5F77CF8012804D16878002801D0001DCB
:1061800068702546D0353078032813D101A8FBF775
:1061900037F8012806D000280AD1606FA16C4900A9
:1061A000081806E0216D0198884202D3084600E0F5
:1061B000206D68602046F5F787F82046F6F748F925
:1061C000296814342046EEF7F0FB7CBDF0B589B0A9
:1061D0004222855A426C0192511806919121490040
:1061E0004118029101464231059101462D3103913A
:1061F00007909A30049000200890A9B20122079ECF
:106200003046F5F706FBF16C4143726C5418746428
:106210000899411808912D18AFB230463946F5F764
:106220009BFB0646002802D10698201AE5D4059C5F
:106230002088B84207D90920400107990918029817
:106240000088F6F781FB2580002E089D18D107985D
:10625000416C019A8F1A3946F5F712FC0646002860
:106260000ED107983946F5F741FB0646002807D1BD
:10627000079839462A46F6F775F80646002807D0EB
:10628000039C207DFBF7B4F9267000200499088058
:10629000284609B0F0BD0000F0B599B00746408E21
:1062A000401C788641203D5C2D20385C002808D0B9
:1062B000EDF7DAF92846FBF79BF92846FAF7A8FF2D
:1062C000A5E22120C0003E1838462C300D903C46F7
:1062D00080343846D0300790EA480068EEF7E0F99D
:1062E000099000280B940A96089540D03E46143633
:1062F0003046EEF705FA3046EEF7F6F9204608305C
:106300000C90207A800745D43846EEF706FA054609
:106310003C4628340D98007800210691032800D0CF
:10632000A6E03046EEF7F9F90346A54215D02978E4
:1063300003200A460240032A0AD1890600D402201B
:10634000285C062804D138460593F4F7C5FE059B62
:106350000C9A106840210143116018782978014394
:10636000C80674D40C980078C0067DD580E0384605
:10637000EEF7C6F93846EEF7B7F90EA8002686778D
:1063800006764677BF4C2068EEF77EF9002810D0DD
:10639000012514E03D46A835EDF766F90D9E707DA8
:1063A000FBF726F9002028801321717060833446A2
:1063B000E5E12068EEF721F90546401E85410EA86B
:1063C000C5762068EEF777F906900F90002D1FD064
:1063D000EDF74AF90A9DE868002802D0C188491CF7
:1063E000C180286900280B9C069E0AD00D98407D2C
:1063F000EEF7D4FB4000296908189421425A521C38
:1064000042520EA801250576A06808340023B9E0A1
:106410002068EEF72EF90B9A117A4B0901252946CF
:1064200099430EAB997605900E9020681446083477
:10643000EEF7BFF800286ED02078C006049779D414
:10644000EEF77DF8206810210143216076E007987F
:1064500040680590EDF7C7F8796C081A059940185F
:1064600002D4796F884203D2EDF7FEF8012006903E
:106470003846F4F722FF02283DD10B9840690068A6
:10648000C10615D4400636D50D98407DEEF7C5FA05
:106490000B9B58690168402291430160986808216C
:1064A000884398601220FDF769F8ECF7EAF922E0DA
:1064B000059500200F900E900D9D687DEEF7C1FAB6
:1064C000687D0EA9EEF78EFC2878032803D10D987D
:1064D000407DEEF7AAFC0B9B58690168102291439E
:1064E000016098680821014399601220FDF746F881
:1064F000ECF7C7F9059DA5420A9901D0888AC882A0
:10650000069800280D9C00D036E1079801683046B7
:10651000EEF74BFA35E15B480068EEF762F80028C9
:1065200026D00598002823D0EDF79EF80EA83D232D
:10653000837723E0EDF798F80EA8057637460A989A
:10654000C068002802D04188491C41800A9E3069F9
:1065500000280AD00D98407DEEF720FB40003169FD
:1065600008184A21425A521C42523B46049F05E0F9
:10657000206810218843206000231D46069E216864
:106580002020084371427141890140229043401804
:106590000C942060002D25D00EA8807F002869D1A2
:1065A0000EA8C07E00280D9C0C9D00D0DCE0B86CCD
:1065B000002800D1B6E0344E3068D821415C012972
:1065C0004BD10568E9F7DAF9012800D094E0207989
:1065D0000E21414330689C228058C06B40694018AE
:1065E000C0798AE01C46029238461430EEF795F8DE
:1065F000054611900178032001400EAE039171759C
:106600002978890600D40220285CF075F6F7B6F9DF
:106610003075B96E796601230699002909D00C9965
:106620000968194005D01626EDF71EF80EA88677E2
:1066300020E00B9949694978C907059A18D0002AC2
:1066400016D0039903290ED13D261428ECD81946FB
:1066500081400E4801420BD1E6E7EDF705F80EA8A0
:10666000012101765DE06878002801D03D26DBE756
:10667000002C0DD00D9C607DFAF7BAFF0EA8807F2C
:1066800060707CE06C240020702400201200100058
:10669000019338461446EEF740F806460EA800214E
:1066A00001774176129606911091002C0D9800D139
:1066B00047E10078022813D1287831780143C806D1
:1066C00009D53C6DECF78FFF796C081A001902D4DC
:1066D000796F884204D2ECF7C7FF0EA8012101763A
:1066E0006C78002C00D12CE10C980068082606403C
:1066F00000D095E00A9CAAE001207E6CEEF78BFCAE
:10670000281A7864B96C891B0818079A5168814265
:1067100001D9081A50600020B86478633846F5F74C
:1067200097FE0C9D0EA8807E012802D1B86E786677
:1067300004E01120FCF722FFECF7A3F80A98C068E8
:10674000002802D00188491C01800A9E3069002877
:1067500007D0607DEEF722FA400031690A5A521CD8
:106760000A522079F8F7F0FA0EA8007E012808D125
:106770002868102188432860384600F082FA0126F4
:1067800000E00026657D2846EEF7F7F90C990968C8
:10679000002805D0480705D42846EEF73EF904E066
:1067A0000807F9D52846EEF74CF9002E1DD00B9CB2
:1067B000E569002D15D00D9E707DEEF7B9F9024602
:1067C0002946103101232846FDF7EEF9707DEEF7DA
:1067D0009BF90146203508222846FDF757F800208E
:1067E000E0610898FAF714FD01E0EDF7A8FE0998BA
:1067F00000280CD1ECF7EFFE7F2805D00546FAF70C
:1068000005FC28180A9908703846F8F79EFA012402
:106810002046FCF7DBFEECF734F8204619B0F0BD5B
:10682000F3F7B2FD012801D01C2000E0FC2020423B
:106830000A9C0CD06878001F68700220A07112209A
:10684000FCF79CFEECF71DF80EA8407D0390039822
:10685000032810D10EA8C57D022D17D111984078BC
:10686000022813D10EA8012101770C9D286802216E
:106870000143296042E00D980078032817D1207A5F
:10688000002814D00220109901434AE03846F4F75A
:1068900002FD002821D00D98407DEEF7ADFB002EC3
:1068A0000C9D2BD00D98407D00F061FA26E01198E8
:1068B0004678F3F769FD012801D01F2501E006980D
:1068C000C543354028061ED00698B867EFF76CF828
:1068D00000281BD00220109026E00D980078032895
:1068E00008D1272D06D1119840780B2802D10EA887
:1068F000012141770EA8012141760C9D2868802155
:106900000143296014E00698109011E0798FEAB2F3
:106910000198EFF713F9B867002801D0019900E05A
:1069200002211091880703D50D98407DEEF764FB96
:1069300011980078A18AE182202101400EA881757A
:10694000129E012138460591F4F78AFC05463B4624
:1069500028330B980168002911D0087A00070ED55A
:10696000C86900280BD0AE4209D09E4207D00C4621
:106970000C990868029A90430860214603E00F983A
:1069800000280D9C17D0AE42039318D09E4225D00C
:10699000486988610E46097B069D3573328A511815
:1069A00031828AB273889A421AD2F2895118C90682
:1069B00019D034461AE0EDF7C2FD0B9EE3E00C4619
:1069C00003213846F4F714FF3846EDF780FEA87827
:1069D00027280ED10EA8012141770AE00C4608E0D5
:1069E000F469042502E000683446B0611098284339
:1069F00010903846F4F75BFC05463846F4F75DFC2A
:106A00000EA90E7F002E24D1012822D10121384663
:106A10000691F4F725FC064638463146EDF7BFFEF1
:106A20003246307880060B9E21D4907827284CD0AF
:106A3000154602280D9C52D10C990868069A1043FD
:106A40000860607D1F210A46FAF7A8FDB86E386716
:106A500045E0EEF7B7FF002818D0EDF770FD0E986F
:106A600000280D9C09D00B9E0399059808E0154657
:106A70003846EDF787FE0D9C31E011200B9E0399FF
:106A8000388538460D46EDF78AFE71E0002CE4D0DB
:106A9000012DE2D0012EE0D0EDF751FD77480068DE
:106AA0008C214058218AE28951181F220A4010186F
:106AB000811C38460D46EDF772FE38462146F4F744
:106AC00023FBFC670B9E0D9C52E00D99887D507155
:106AD000C87D1546907100200A9A90820C46706914
:106AE0000068010715D4800610D5607DEDF795FF8D
:106AF00070690168202291430160B06804218843D5
:106B0000B0601220FCF73AFDEBF7BBFEEDF717FD86
:106B10001FE0002017901690607DEDF792FF607DDA
:106B200016A9EEF7D3F92078022802D1607DEEF79E
:106B3000E9F9EDF704FD70690168082291430160ED
:106B4000B06804210143B1601220FCF717FDEBF798
:106B500098FE02213846F4F74BFE706901684A0737
:106B600006D5042291430160708B06990843708317
:106B700001213846F4F77AFB012804D1687800280F
:106B800001D0001D68701098810707D50C9909780D
:106B9000090703D5607D00F0EAF81098410705D594
:106BA0003046FCF707FFEEF737FF1098C0071ED0FE
:106BB000119844780026F3F7E7FB012801D01F2540
:106BC00000E0F5432540B86F40681199891C2A46BA
:106BD000FBF77AF8B86FC6614580119909780322EE
:106BE0000A40017A11430172EEF7FAFEBE670EA861
:106BF000407E012831D100213846F4F731FB0546AB
:106C0000119801784078000240182880F5F70AFEB4
:106C10000646F5F7FDFD3043C0B2FAF713FA0EA9A8
:106C2000897D202901D0022100E00321119A511809
:106C3000001FC3B252789A420B9C00D30246D2B2D4
:106C4000A81CECF705FC2069016801220A430260D8
:106C50001520FCF793FCEBF714FE0EAD38462946E1
:106C600000F00EF8A87D202800D095E411988078D7
:106C700081093846F7F753F98EE4C04670240020A6
:106C80007047F0B585B00546452080000390285830
:106C90002E464236002802D08188491C81802C462D
:106CA00080342846F5F751FE686C029037882846F4
:106CB000F4F770FA024628463946F4F7AAFDEA6C62
:106CC0004243696C8918696401903818049087B24E
:106CD0003088B84207D90398281809214901691852
:106CE000C089F5F731FEA06880218843A06028465E
:106CF0003946F4F731FE074604983080002F18D14A
:106D0000686C0299461A28463146F4F7B9FE0746E0
:106D100000280ED128463146F4F7E8FD0746002842
:106D200007D128463146019AF5F71CFB0746002893
:106D300006D02D35287DFAF75BFC2F70002060838C
:106D40002068002801D0C6690DE000260BE035461A
:106D5000F669287A000706D520462946FCF714FE76
:106D60002846EEF70DFF002EF1D105B0F0BD1CB5A1
:106D700004466946EDF723FF0098411E0091002864
:106D800002D10198401E019069462046EEF72AF88C
:106D90001CBD000070B584B015460A460446002BA1
:106DA00007D00A9882421FD10B98684000021BD17D
:106DB0001BE0099808990123002902D006461E40CD
:106DC00004D1002911D1022108400ED008480068E2
:106DD0009C214158C868096903AE009301962B466F
:106DE000FCF7FCFD002800D1FF24204604B070BD54
:106DF00070240020F0B587B0CD1EFF21FD24254270
:106E00001CD1002A1AD00D9E0C990C68059406938B
:106E10004B6882C8FF2000063C46844312C6039399
:106E20000598029006980190684268410090C8B2A7
:106E30005207D30F3A46FFF7ADFF0146084607B0A9
:106E4000F0BD000010B50124844008212046FAF767
:106E5000BFFD034909689C2289584C74C86010BD65
:106E6000702400207047704770470000F8B5002874
:106E700046D00E46012568212846FAF7A9FD214F84
:106E800039689C2409598860B540EEB20821304623
:106E9000FAF79EFD3968095989684D724860009675
:106EA00075001126212E0FD008212846FAF790FDF3
:106EB0003968095989688919491F08603868005973
:106EC000806885550836EDE728210098FAF780FD9F
:106ED00039680959896808600B4802250126294646
:106EE0003246FAF763FD39680959896888640648AB
:106EF00031462A46FAF75AFD396809598968C86443
:106F0000F8BDC04670240020802400200020704777
:106F1000002070470020704780B50A4A12683D2360
:106F2000D25C0270012A05D0002A08D10846F0F789
:106F30004FF902E00846F0F755F9002080BD8620A1
:106F400080BDC046BC24002070B50D460646062014
:106F5000F3F758FC0446002803D02846EEF710FE4D
:106F600008E0308901F0DEF802460020024B0146BD
:106F7000FBF7A0FD204670BD30750000B0B51C4683
:106F80001546002907D1018900200622EEF7D6FD1B
:106F90000146002809D002204880486805724868E8
:106FA00044720620F3F72EFCB0BD8820B0BD80B53A
:106FB000FBF7DCF880BDF0B597B0044603AE0021C6
:106FC00050223046ECF754FA5920205C7178014386
:106FD000717030463E3021465A3106252A46ECF77C
:106FE00037FA207CF070E07D010716D4112020567E
:106FF000002804D503A8417880220A43427003AEDA
:10700000301D21461E310222ECF722FAB01D214626
:1070100020310822ECF71CFA03E0FE21084003A906
:10702000887003A80E302146283110263246ECF72E
:107030000FFA607C81060CD503AF38461E3021461E
:1070400038311022ECF704FA787820210143797066
:10705000607C40060BD503AF38462E3021464831C0
:107060001022ECF7F5F97878402101437970A07C83
:10707000052108420AD003AF3846443021461C316E
:107080000222ECF7E5F97878304301E003A8407874
:10709000E17A2940014303A84170A16EE26E159187
:1070A0001692FBF767F8054600280CD0A11C01AC2E
:1070B00006222046ECF7CCF9A571422005210722D3
:1070C0002346FDF751FE284617B0F0BD70B594B0C9
:1070D0000E4604464178801C6A46FBF76EF805466A
:1070E000002E05D0002D03D16846214600F004F89B
:1070F000284614B070BD0000F8B50C4605460120C6
:107100008873E878087408461C3029464431022602
:10711000194F3246B84720461E30291D3246B8471F
:1071200020462030A91D0822B8472046283029468D
:107130000E3110263246B8472046383029461E31D7
:107140003246B8472046483029462E313246B847A5
:10715000A86CA066E86CE066687806210140E172E0
:10716000E0210140607C08436074A878010702D5E3
:10717000FE210840E075F8BD5134051070B594B09B
:1071800014460E464178801C6A46FBF716F8054601
:10719000002807D10020307069463E310622204683
:1071A000ECF756F9284614B070BDB0B594B014464B
:1071B0006A46FBF77BF80546002803D1684621465E
:1071C000FFF79AFF284614B0B0BD1F20704700009B
:1071D00070B50446807B03210140258903290AD12B
:1071E0002046FFF7E8FE002805D0082100222046AF
:1071F00000F026F870BD284600F094FF02460120FA
:1072000000210E4BFBF756FCE07C032802D1002046
:1072100000F0E6FF20461830002604223146ECF745
:1072200027F92046314600F03BF8F120A0720220F9
:10723000294632463346FDF70BFE70BD307500001F
:10724000F8B516460C460546008900F06BFF02466D
:1072500001200027114B3946FBF72CFC2889FBF74E
:10726000EDFB0221284600F01BF8284618300422C6
:107270003946ECF7FDF8E87B2F210140E973002E39
:1072800004D06878A91C00F051FEFB27AF72298951
:10729000022002462346FDF7DBFDF8BD30750000F5
:1072A000BCB56022825CD207827A04D16032D2B24D
:1072B000512A04D30FE05032D2B2402A0BD8094AE7
:1072C0001268B123D35C002B05D0B132047D0125B7
:1072D000A540AB4313706A4611710090104600F050
:1072E000B2FFBCBDBC240020B0B50C466021615C7F
:1072F00001220A40A37A4068417A02D19F2B02D82A
:10730000B0BDB02B14D3F02B15D9F12B0ED10F2912
:107310000CD1254659350F2101222046FFF790FF59
:1073200029785A342046FAF7AFFFB0BD002AE7D0DB
:10733000207E8007E4D001222046FFF781FFB0BD08
:10734000F8B51F4613460C46054605221946234646
:10735000FFF714FE0646002F01D1882E04D001222B
:1073600028462146FFF76CFF3046F8BD10B50B49A3
:107370000A68B121535CB1320021032905D00124F0
:107380008C401C4203D0491CF7E7032103E000288E
:1073900001D023431370C8B210BDC046BC240020E6
:1073A0000001002900D00830C0B270471CB504218C
:1073B00007226C462346EEF7FFFB62780A21042A77
:1073C00013D86A469278012A0FD86A46D278920773
:1073D0000BD40749096834228A5C694609799142CD
:1073E00002D31129014600D3062108461CBDC04620
:1073F000BC24002080B5127D1201002900D0083283
:10740000D1B2044A12685318B43304210722EEF7AC
:10741000D3FB80BDBC240020F0B524490968027D5F
:1074200012010832D2B28B18B5241C5D0473B62445
:107430001B5D012B03D1437B02241C4344730B4689
:107440003633032515430C46B434655D01262E40C2
:10745000877B3743877304263540C77B2F43C77329
:107460001643A55D057405251543645D6025455DDE
:10747000ED070ED11D782C4007252C40847406247E
:1074800022438918B422895C5A780A402A404274FF
:10749000F0BD5D7825404574062422438918B42246
:1074A000895C1A780A408274F0BDC046BC24002072
:1074B000F8B5017B427BD30701D0930705D4C37D88
:1074C00008241C4003D0920701D0032219E0C37B9B
:1074D0000522134214D0424B1B6840255D5D4A4390
:1074E000404B9A18525DC27403461333002A0BD1E5
:1074F000002C3DD101296FD1012D6DD101226CE00D
:107500000122C274034613336024055D0126354011
:1075100003D11A240457002C26D404460F342478AF
:10752000E40704D0012A02D103241C7052E0C37D79
:107530001B0703D5022A01D10023C376022A11D1E9
:10754000C27BEF231340C373254A12684023D25CE9
:107550000024022A274618D3042A0BD0022A13D16A
:10756000374612E0002435E01D4C24683134D6E75C
:10757000042232E00229374607D304292F4604D0DB
:10758000022901D1274600E0FF27174909684E224A
:10759000895C49071ED50689144800688069022560
:1075A000462203232946EEF79FFC002812D001460D
:1075B0008672042048720D720024CC7105208871F7
:1075C0000F73FF20487182200871300AC872284664
:1075D000EEF727FD2046F8BD02221A7094E7C04658
:1075E000BC24002084A70610702400202024002042
:1075F0000B49096830228A5C0123134030314A78F4
:10760000D207520FD218CB78DB07DB0ED21889785D
:107610004B080B43D907090F511801707047C0463A
:10762000BC24002070B505460089FBF72AFE4642BF
:1076300046411B4909683C22895C022904D0002488
:1076400001292AD1002828D108200143A97515480D
:1076500000684E21405C012480071ED52D89124808
:107660000068806902214B220323EEF73DFC0028CD
:1076700013D001468572042048720B200872002046
:10768000C871052088710E73FF204871822008712F
:10769000280AC8720220EEF7C4FC204670BDC0461E
:1076A000BC240020702400202024002010B50724D2
:1076B0004480446821720B4909684024095D44688C
:1076C000617201211140426891724168CB72416838
:1076D000029A0A734168039A4A7340680499817355
:1076E00010BDC046BC240020F8B50C460746012555
:1076F0002846FFF73BFE022801D93820F8BD064690
:107700003846FFF753FE002810D0014610480068A5
:10771000B122825C002A03D0B130B540AA43027086
:10772000002201232046FFF70BFEF8BD267501213C
:1077300038462246FFF75EFE2046FFF773FF00281B
:1077400001D00020F8BD204600F004F8F8BDC04686
:10775000BC240020F0B587B0044606A800260670B9
:1077600021890B223046EEF7E9F900281BD005905D
:10777000B020A072E675E07B2F210140E173434FFA
:107780003D68207D01210491FFF70AFE4019B721D1
:10779000455C38683221405C022806D10820284028
:1077A00003D1032151E0882661E0207EC00705D186
:1077B00006AF3846FFF71CFF387802E0607D06A967
:1077C0000870054018202840E17D0143E175080755
:1077D00001D4B42706E0204600F031FD0146002820
:1077E00033D1B227204600F0DFFC06984107C90FCD
:1077F000E173C007800FA0732046FFF70DFE2046FF
:10780000FFF756FE014600281FD1E07C022804D174
:10781000E07BC00601D44D20C7431C4800683521D9
:10782000405C06A90B78627B617CA57C009001918D
:1078300002950221059D2846FFF738FF204629467C
:10784000FFF782FB0146002814D010480068B122DF
:10785000825C002A05D0B130237D049D9D40AA435F
:10786000027001232046059AFFF76AFD064630465E
:1078700007B0F0BDE07AF8210140E1720598314689
:107880002246FFF7B7FDA772F1E7C046BC240020EF
:10789000F0B589B00C46074609890025152228460F
:1078A000EEF74CF9002813D00646002F06D02346E9
:1078B0002833052110223846EEF77EF9E07D0007D7
:1078C00008D42146483105AA204600F031F807E0E7
:1078D000882019E005A80290019401A800F061F940
:1078E000112070807068032101720521102205AB00
:1078F0003046EEF783F920463146FFF725FB002896
:1079000002D1B620A072284609B0F0BD10B50446D9
:10791000483010210022FCF758F9E07D000702D41E
:10792000B520A07210BD204600F03AF910BD00004D
:10793000F0B59BB01446069107460FAE00252E22E7
:1079400030462946EBF794FD304610301022069958
:10795000EBF77EFD2036F87C03280DD0022812D1EB
:1079600044480068806B0FA90870020A4A70020C34
:107970008A70000EC87006E03E48016844310FA8C6
:107980001022EBF765FD387D01210591FFF708FD19
:107990000290387D2946FFF703FD01906120385C95
:1079A000F07106960FAE3046283039466231062215
:1079B0000092314B049098477878069908703046C9
:1079C0002130B91C0390009A2B4B98472948006836
:1079D00001994118B4310BAF3846093007220192A2
:1079E000254B98472348006802994118B431B81CC8
:1079F000019A214B9847781C0699C91D059A1E4B80
:107A000098471D4B38460699059A98471036102D11
:107A100007D0705D0BA9495D414007A841556D1C19
:107A2000F5E70FA807A92246F2F754FC0BAE002594
:107A3000102230462946EBF71BFD062730460499F5
:107A40003A46EBF705FDB01D03993A46EBF700FD0A
:107A5000102D07D0605D0BA9495D414007A8415535
:107A60006D1CF5E70FA807A92246F2F733FC1BB0FF
:107A7000F0BDC046BC24002051340510F0B58BB0D9
:107A80000D46064600240294098915222046EEF789
:107A900055F8002820D007462B4638330521102200
:107AA00030461E46EEF788F8E87D000716D40094AD
:107AB000344603AE284621463246FFF739FF2946B1
:107AC0002831102230462646009CEBF7E1FC01A944
:107AD000BC220A7002900CE088245BE001A80A90A6
:107AE00002A8099003A80890079507A800F05AF883
:107AF0000298002806D00421012328463A46FFF7C1
:107B00001FFC1BE0112078807868042101722B464D
:107B10004833052110223846EEF770F828463946DA
:107B2000FFF712FA002809D10198A8721B480068D3
:107B30003521405C297C814200D9287402980028B4
:107B400028D1E87D000725D407A80024102221466B
:107B5000EBF78EFCE87C03280DD0022812D10F48E9
:107B60000068806B07A90870020A4A70020C8A70CC
:107B7000000EC87006E009480168443107A81022C9
:107B8000EBF766FC29464831283507A832462B46D4
:107B9000FAF7D0FC20460BB0F0BDC046BC24002054
:107BA00070477047704780B5012911D1427C530757
:107BB00005D0C37D1B071DD506231A401AD16022AC
:107BC000835C01221A40002906D0002A19D103E063
:107BD000002900D080BD0022817CCB0704D0C37D6A
:107BE0001B0701D4D12109E08B0706D4490708D52A
:107BF000D52103E0D021817280BDD3218172002A7A
:107C000002D000F004F880BD00F016F880BD80B509
:107C10006021415CC90706D111214156002902D5D6
:107C2000817E8A0602D4FFF7D3FA80BD0422114375
:107C30008176FFF7CAFA80BDF0B589B0044608A87E
:107C400000260680218915223046EDF777FF0028AF
:107C50002DD005466020205CC0060BD42746603737
:107C600020461C3002210022FBF7AFFF387810219C
:107C700001433970A07AD138042875D87844007946
:107C8000400087440219384E60003C480068214695
:107C90001C31083008AA04AE3346FAF7CDFB6868F9
:107CA0000621017211206880227C052158E00E20F7
:107CB0000021FBF775FC5FE004AE08210291002271
:107CC00030460196FBF781FF20461C3008AF314655
:107CD0003A46FAF77BFB0B20688068680726067235
:107CE0000521022228463B46EDF788FF284631460B
:107CF000029A019B36E011206880686808210172B1
:107D000004A800211022EBF7B3FBEFF789F9002854
:107D100002D004A8FAF7A4FB0521102204AB2846E0
:107D200020E003A8067004AE3146FFF7F5F80820FE
:107D300068806868092101726868039941720621A8
:107D400028460A460DE01120688068680A21017201
:107D500020461C3004AE3146FAF704FC05211022FF
:107D600028463346EDF74AFF20462946FFF7ECF850
:107D7000002801D1DD20A07209B0F0BD1C24002034
:107D800080B5827ADD2A23D18A1F042A1ED8D22107
:107D90007A44127952009744180211070A00817C34
:107DA0008A0702D5D32110E0817C49070CD46021D9
:107DB000415CC90704D1FFF72AFF80BDD42104E04C
:107DC0000121FFF7F0FE80BDD5218172FFF734FF5E
:107DD00080BD0000F0B585B007464068057AA81F51
:107DE000042823D80C46887A8626D0281FD120461E
:107DF00059300190208900F095F902460020444B4B
:107E000002900146FAF756FE062D05D0092D11D035
:107E1000082D34D0072D3DD1E07D000707D4607CCC
:107E2000C00704D0062D44D128342CE084263046E7
:107E300005B0F0BD607C8007F9D503AB00269E80BD
:107E40000396062138460A46EDF7ADFE002845D0D8
:107E50007868407A019D287023465A3306213846B7
:107E60000A46EDF7A9FE2878012803D1A8798009F0
:107E7000032845D3617C2020084360742FE0607C98
:107E80008007D4D538340521102238462346EDF733
:107E900093FE33E0607C4007C9D523464833052173
:107EA00010223846EDF788FE607C40210143617462
:107EB00017E07868407AA0777868807AE077234680
:107EC0002033072108223846EDF776FE607C8021BA
:107ED000014361744007800F10D102E0607C4007CD
:107EE000A5D40198C079C00705D1002620463146A7
:107EF000FFF759FE9BE72046FFF76AF9029E96E7D7
:107F00000821002201232046FFF71AFA06468EE7D1
:107F10003075000080B503200821F9F759FD0249AA
:107F20000968A822885080BDBC240020FEB50191BC
:107F3000032002900027304A3D4616461068A824C8
:107F40000059C019801C06220199EBF7A1FA0028FC
:107F500031D002980328324609D110680059C05D1B
:107F60008006800F01D0032000E0E8B202900837BD
:107F70006D1C032DE1D110684125415DA830022917
:107F800036D80299CF000068C019801C1646062218
:107F90000199EBF75DFA306800591021C15502983C
:107FA000C2B200200121154BFAF784FD3068415D13
:107FB000491C4155FEBD30680059C35DCF211940B1
:107FC000103103221A40531C032A02D0DC24214022
:107FD0001943C155032A00D1134609A0C05C7D2175
:107FE000CB004343EAB200200121FAF763FDFEBD56
:107FF00001210172FEBDC046BC240020B80B000068
:1080000003050A14F8B5294E3168A8254959C4005A
:108010000A5DD3060ED4930646D50919930735D0C9
:10802000FC231340521E03241440E2180A7000F08F
:1080300041F8F8BD00F03EF8306840590019841C42
:108040006520C64337466537194800683421405CCF
:108050007F1C874228D215480068A4254059801902
:108060007036683006222146EBF712FA0028EBD171
:108070000E4800684059815DFB2915D110218155BA
:108080000E20FBF77BFAEAF7FCFBF8BD354600242F
:10809000082208462146EBF7EBF93068B02144543A
:1080A0004121425C521E4254F8BDC046BC2400200F
:1080B0001C24002010B5044600200121074B224655
:1080C000FAF7F8FC06480068A8214058E100425C35
:1080D000CF2313402033435410BDC046204E000030
:1080E000BC240020F8B50C460720C0430C4E0546C2
:1080F0000835182D10D03168A827C95908180A303A
:1081000006222146EBF7C4F900282846F0D1306852
:10811000C059405DC00601D40020F8BD0120F8BD63
:10812000BC240020B0B50D4909683422895C0028C0
:1081300011D00B4A1268A4320023DCB28C420AD25E
:10814000702565431468641924894440240501D0CE
:108150005B1CF2E71946C8B2B0BDC0461C24002023
:10816000BC240020F0B501460020002917D00C4A9D
:1081700012683423D35C70225A436F23DD43094BCA
:108180001B68A4332C467034A24208D01E687519AF
:108190007827ED5B4D402D052546F4D13019F0BD13
:1081A0001C240020BC240020B0B504460B48006805
:1081B000AC2140584578801CA11C0622EBF768F9D9
:1081C00001460020002900D0B0BD61788D42FBD16E
:1081D000617B012001436173B0BDC046BC24002017
:1081E00080B52822504304490968AC23C9580818AF
:1081F0000021EBF73DF980BDBC24002070B50D498E
:1082000009683422895C70224A430B490B68A43305
:1082100000210C46A2420AD01D682D19EE7DF607FA
:1082200002D02D89854201D17034F3E7012108463F
:1082300070BDC0461C240020BC24002070471F20B5
:1082400070471F20704770477047000010B5034B00
:108250000100186800F030F810BDC046C0280020AA
:1082600010B5034B0100186800F074FB10BDC04648
:10827000C028002070B50F4E0D00316804000029A1
:1082800002D100F02BFB30602900200000F026FB1B
:10829000431C03D101256D42280070BD0323C51C7A
:1082A0009D43A842F8D0291A200000F017FB0130A6
:1082B000F2D1EFE7C8240020F7B50322CB1C93438B
:1082C000083305001F000C2B34D20C27B94233D8D9
:1082D000280000F071F8374E33681C00002C2FD1B5
:1082E00039002800FFF7C6FF0400431C5FD1346843
:1082F0000094009B002B4AD1002C52D02368280008
:10830000E3180099019300F0E9FA019B834248D1F8
:1083100023682800FF1A3900FFF7ACFF013040D076
:108320002368DB19236033685A68002A33D1009B25
:10833000336019E0002BC9DA0C232B600020FEBD4E
:108340002168C91B20D40B290AD9E2192760A3424E
:1083500004D1326063681160536005E05A60F9E748
:108360006268A3420ED13260280000F02DF8200090
:1083700007220B30231D9043C21A9842DFD01B1AEC
:10838000A350DCE75A60EFE723006468A6E7009C8F
:1083900063680093ADE71A005B68A342FBD100233A
:1083A000DAE70C2328002B6000F00EF8C6E7076020
:1083B000DAE7C046CC24002010B5024800F0BBFA32
:1083C00010BDC0461026002010B5024800F0B4FAD7
:1083D00010BDC04610260020002310B50400036025
:1083E0004360836081814366C2810361436183612D
:1083F000190008225C3000F02FFA0B4B24626362F4
:108400000A4BA3620A4BE3620A4B23630A4B9C426A
:1084100005D00A4B9C4202D0094B9C4203D120005C
:10842000583000F087FA10BD658606108D8606105C
:10843000C5860610F1860610D024002038250020BD
:10844000A025002010B5034A0349044800F06CF849
:1084500010BDC046B4280020A9900610C4280020F2
:1084600041680B4B10B50400994201D000F01CFE8E
:10847000A168084B994202D0200000F015FEE16887
:10848000054B994202D0200000F00EFE10BDC04600
:10849000D024002038250020A025002010B5094B4D
:1084A000094A04211A6009480022FFF795FF0122BA
:1084B00009210748FFF790FF022212210548FFF724
:1084C0008BFF10BD0826002045840610D024002014
:1084D00038250020A025002010B5024800F02BFA16
:1084E00010BDC0461126002010B5024800F024FA45
:1084F00010BDC0461126002010B50400FFF7ECFFA8
:10850000236A002B02D0FFF7EFFF10BD044B23625C
:10851000044B1B68002BF6D1FFF7C0FFF3E7C04602
:108520006184061008260020F7B51400002600908C
:108530000191A5686768013F04D52468002CF8D133
:108540003000FEBDAB89012B08D90E22AB5E013392
:1085500004D029000098019B984706436835EAE754
:10856000036A70B505000E008468002B01D1FFF787
:10857000C3FF636EDB0705D4A3899B0502D4A06DFE
:1085800000F0D9F9A3891B0702D52369002B1FD15D
:108590002100280000F0F4F8002819D001256D42D0
:1085A000636EDB0705D4A3899B0502D4A06D00F0A0
:1085B000C3F9280070BD0136A360002B04DAA2695C
:1085C0009A4216DC0A2914D023685A1C22601970BA
:1085D000A3683178013B0029EDD1A360002B0FDAAD
:1085E000220028000A3100F089F80130D6D00A258F
:1085F000D6E72200280000F081F80130E8D1CDE76D
:1086000023685A1C22600A221A70F0E710B5034B47
:1086100001001868FFF7A4FF10BDC046C028002065
:108620000EB410B500240C499DB01FAB029006900B
:108630000791049109480A4904CB0591006802A9F1
:1086400001931B9400F030FA029B1C701DB010BC0B
:1086500008BC03B01847C046FFFFFF7FC0280020BA
:108660000802FFFF70B50C000E25495F00F022F9EB
:10867000002803DB636D1B18636570BDA389024A84
:108680001340A381F9E7C046FFEFFFFFF8B51F00D5
:108690008B8905000C001600DB0505D50E23C95E8D
:1086A0000022022300F0F2F8A389054A28001340B3
:1086B000A38132000E23E15E3B0000F021F9F8BDFA
:1086C000FFEFFFFF70B50C000E25495F00F0DEF8EC
:1086D000A389421C03D1054A1340A38170BD8022A7
:1086E00052011343A3816065F8E7C046FFEFFFFF27
:1086F00010B50E23C95E00F0B7F810BDF8B506003E
:108700000D001400002804D0036A002B01D1FFF7EC
:10871000F3FEA369A360A3891B0702D52369002B7D
:1087200009D12100300000F02BF8002803D00125EA
:108730006D422800F8BD23692068EFB2C01A636952
:10874000EDB2834205DC2100300000F0ADFC0028D2
:10875000EDD1A3680130013BA36023685A1C22605D
:108760001F706369834204D0A389DB07E1D50A2D1A
:10877000DFD12100300000F097FC0028D9D0D6E7E7
:108780002D4B70B5050018680C00002804D0036A52
:10879000002B01D1FFF7B0FE0C22A35E1A0723D4F1
:1087A000DA0607D409222A60402201201343A3815C
:1087B00040423AE05B0713D5616B002908D02300E3
:1087C0004433994202D0280000F0C4F800236363C8
:1087D0002422A3899343A381002363602369236038
:1087E0000823A2891343A3812369002B0BD1A02165
:1087F0008022A389890092000B40934203D021007C
:10880000280000F0A7FC0C22A35E01211A000A40F8
:108810000B420BD00022A26062695242A26100208A
:108820002269824201D11A06BED470BD990700D4D4
:108830006269A260F3E7C046C028002030B500247A
:108840000139A24201D1002005E0035D01340D5D34
:10885000AB42F6D0581B30BD03008218934200D1C2
:10886000704719700133F9E7002370B5064D040015
:1088700008002B60DFF775FB431C03D12B68002B2E
:1088800000D0236070BDC0460C26002070B50400E7
:10889000080011001A000023054D2B60DFF782FB52
:1088A000431C03D12B68002B00D0236070BDC04651
:1088B0000C26002070B50400080011001A000023E7
:1088C000054D2B60DFF714FB431C03D12B68002BF5
:1088D00000D0236070BDC0460C260020002370B578
:1088E000064D040008002B60DFF768FB431C03D132
:1088F0002B68002B00D0236070BDC0460C260020E2
:1089000070B50400080011001A000023054D2B600B
:10891000DFF70BFB431C03D12B68002B00D0236037
:1089200070BDC0460C260020014B18687047C04639
:10893000C028002070477047704710B500F001F85C
:1089400010BD002310B59A4200D110BDCC5CC454B8
:108950000133F8E770B505000C1E10D0043C236805
:10896000002B00DAE4182800FFF726FD1D4A1368E3
:10897000002B05D1636014602800FFF725FD70BD52
:10898000A34208D9206821188B42F3D119685B688B
:1089900009182160EEE71A005B68002B01D0A342A2
:1089A000F9D911685018A0420BD120680918501845
:1089B00011608342E0D118685B6841181160536010
:1089C000DAE7A04202D90C232B60D5E720682118F2
:1089D0008B4203D119685B68091821606360546099
:1089E000CAE7C046CC240020F0B58E6885B01F00D1
:1089F0000C000B6802900392BE4230D80C21625EDC
:108A00009021C9000A4228D0032021695B1A0193F2
:108A1000636943430198DD0FED187B1C1B186D1033
:108A2000AB4200D91D00520528D529000298FFF756
:108A300043FC061E2CD0019A2169FFF782FFA28910
:108A4000184B1A4080231343A381019B2661F6181B
:108A500026603E006561ED1AA560BE4200D93E0069
:108A600032000399206800F0B6FB0020A3689B1B2E
:108A7000A36023689B19236005B0F0BD2A0002980B
:108A800000F0EBFB061EE0D121690298FFF762FFC0
:108A90000C230120029A40421360A289343313430D
:108AA000A381E9E77FFBFFFFF0B5A1B003901D00B4
:108AB0008B890F0016001B0611D50B69002B0ED1F8
:108AC0004021FFF7F9FB38603861002805D10C23FD
:108AD000039A136001204042CFE040237B610023D2
:108AE00008AC6361203363761033A37607953500B5
:108AF0002B78002B01D0252B48D1AB1B0593B54219
:108B00000BD0320039000398FFF76EFF013000D11F
:108B1000AEE06369059A9B1863612B78002B00D146
:108B2000A6E0012200235242626004A95432521886
:108B30006E1C2360E360A3601370A365544B052291
:108B400018003178059300F07DFB751C00281FD1BB
:108B50002268D30604D5532304A95B182021197079
:108B6000130704D5532304A95B182B2119703378FC
:108B70002A2B16D0350000210A20E3682A786E1CC3
:108B8000303A092A50D9002911D117E00135AFE751
:108B9000059B2268C01A0123834013432E002360E3
:108BA000CCE7079B191D1B680791002B01DB0B937A
:108BB00004E05B42E3600223134323602B782E2BF7
:108BC0000CD16B782A2B34D1079B02351A1D1B68F8
:108BD0000792002B01DA01235B4209932D4E0322F9
:108BE0003000297800F02EFB002806D04023801B9F
:108BF00083402268013513432360297806222648E2
:108C00006E1C217600F01EFB002838D0234B002B71
:108C100022D10722079B07339343083307936369E5
:108C2000049A9B18636162E74343350001219B1856
:108C3000A4E700230A201900013563602A786E1C1E
:108C4000303A092A03D9002BC8D00991C6E741431D
:108C5000350001238918F1E707AA009221003A00A4
:108C60000F4B039800E000BF0490049B0133D6D162
:108C7000BB890D985B0600D52CE721B0F0BD07AA93
:108C8000009221003A00064B039800F07BF8EBE7D6
:108C90009DA70610A3A70610A7A7061000000000B6
:108CA000E9890610F7B5160001938A680B690C0074
:108CB0000090934200DA13002200336043321278AE
:108CC000002A01D00133336023689B0602D5336844
:108CD000023333602268062315001D401A4227D054
:108CE000230043331B785A1E93412268920630D4E6
:108CF000220001990098089D4332A847013025D0F1
:108D00000622236800251340042B05D13368E5684B
:108D1000ED1AEB43DB171D40A3682269934201DD86
:108D20009B1AED180026B54220D1002010E0013535
:108D3000E36832689B1AAB42D2DD2200012301991D
:108D40000098089F1932B8470130F0D10120404205
:108D5000FEBD3020E1184331087021005A1C453116
:108D60000978A218433202331170C1E722000123AF
:108D700001990098089F1A32B8470130E6D00136B1
:108D8000D1E70000F0B58BB006920A00433207939A
:108D9000059003920A7E0C00109B782A09D8622A5B
:108DA0000BD8002A00D1BAE07A490491582A00D1A0
:108DB0008EE0250042352A7022E010006338152825
:108DC000F7D8D7F733FA16001F00F6FFF6FFF6FFC5
:108DD000F6FF1F00F6FFF6FFF6FFF6FF9F003600D6
:108DE0007E00F6FFF6FFB000F6FF3600F6FFF6FF56
:108DF000820025001A684235111D196013682B7016
:108E000001239EE018680968021D0D060BD506684F
:108E10001A60002E03DA2D23039A764213705D4BFD
:108E20000A27049318E006681A604906F1D536B29D
:108E3000EFE70868196840C9050602D4400600D566
:108E4000B6B21960534B0A2704936F2A00D1023F30
:108E50002300002243331A706368A360002B06DBF3
:108E600004212268039D8A43226033430CD0039D72
:108E700030003900D7F76AFA049B013D5B5C2B7028
:108E8000330006009F42F3D9082F09D12368DB077E
:108E900006D5626823699A4202DC3023013D2B70BB
:108EA000039B5B1B2361079B210000930598069B96
:108EB00009AAFFF7F7FE013048D1012040420BB06C
:108EC000F0BD202209680A432260782232490491C9
:108ED000210045310A701968226840C9100602D481
:108EE000500600D5B6B21960D30702D5202313432C
:108EF0002360002E01D01027AAE720222368934385
:108F00002360F8E71A680D68101D49691860136836
:108F10002E0601D5196002E06D06FBD519800023ED
:108F2000039D2361BFE71A68111D196015680021B0
:108F30002800626800F086F9002801D0401B6060BC
:108F4000636823610023039A1370ACE72A00236946
:108F500006990598079DA8470130AED023689B0766
:108F600015D4099BE0689842A9DA1800A7E7220007
:108F7000012306990598079E1932B04701309CD00D
:108F80000135E368099A9B1AAB42F0DCE9E700255A
:108F9000F7E7C046AEA70610BFA70610F7B50C222C
:108FA0008B5E05000C001A0756D44A68002A02DCC2
:108FB0000A6C002A4EDDE76A002F4BD00022802089
:108FC0002E682A601A004001216A0240034233D011
:108FD000626DA3895B0706D56368D21A636B002BA9
:108FE00001D0236CD21A00232800E76A216AB8470F
:108FF000A289431C06D129681D2946D8294BCB409C
:10900000DB0742D50023636023692360D20405D5C2
:10901000431C02D12B68002B00D16065616B2E6070
:10902000002917D023004433994202D02800FFF7CB
:1090300091FC002363630DE001232800B847020080
:10904000431CC6D12B68002BC3D01D2B01D0162B7F
:109050001AD12E6000201EE00E69002EFAD00F6893
:109060000E60BA1B019200229B0700D14A69A260E0
:10907000019B002BEEDDA36A32001F002800019B3C
:10908000216AB847002807DCA28940230120134346
:109090001BB2A3814042FEBD019B36181B1A0193EF
:1090A000E6E7C046010040200B6970B505000C00E2
:1090B000002B02D10025280070BD002804D0036ACF
:1090C000002B01D1FFF718FA0C22A35E002BF1D080
:1090D000626ED20704D49B0502D4A06DFFF72BFC6F
:1090E00028002100FFF75AFF636E0500DB07E2D47A
:1090F000A3899B05DFD4A06DFFF71EFCDBE7000012
:1091000070B50E001D000E23C95E140096B0002934
:109110000CDAB2898023110019401A4214D180233D
:10912000DB0000202960236016B070BD6A4600F0A5
:1091300065F80028EDDBF02301991B021940044B70
:10914000C9184B425941EAE700214023E9E7C046EC
:1091500000E0FFFFF0B502268B8905000C0085B00A
:10916000334207D023004733236023610123636127
:1091700005B0F0BD03AB02AAFFF7C2FF029F01904A
:1091800039002800FFF798F8002808D10C22A35EC8
:109190009A05EDD4032293431E43A681E2E7802380
:1091A000A28920601343A381039B20616761002B88
:1091B0000CD028000E23E15E00F032F8002805D024
:1091C0000323A2899A43023B1343A381A389019AF3
:1091D0001343A381CCE710B5884202D98B1898427B
:1091E00008D300239A4207D0CC5CC4540133F9E77A
:1091F0008B5C8354013AFBD210BD0000002370B594
:10920000064D0400080011002B60DEF7B4FE431C7D
:1092100003D12B68002B00D0236070BD0C260020EA
:10922000002370B5064D040008002B60DEF7B1FE88
:10923000431C03D12B68002B00D0236070BDC046B7
:109240000C260020C9B28218904201D1002070473C
:1092500003788B42FBD00130F6E7F7B506000C002F
:109260001500002905D11100FFF726F804002000A1
:10927000FEBD002A03D1FFF76DFB2C00F7E700F0DD
:109280001CF80700854202D84308AB42EFD32900FF
:109290003000FFF711F80190002801D1019CE6E7AA
:1092A0002A00BD4200D93A0021000198FFF749FB8E
:1092B00021003000FFF74EFBF0E70B1F1B68181F63
:1092C000002B01DA0B58C01870470000F7B50025D5
:1092D0008AB00E460446002804D0002E06D10C9811
:1092E000002803DD612040010DB0F0BD0C9800287E
:1092F00004DB102804DA2079800601D48C48F3E7D7
:109300002079410701D4810702D58948401CEBE749
:109310004021084320712046143008901CE00020B2
:1093200081004A199219537817781B023B439778AA
:109330005BBA1B043F02D2783B4313430A195269BC
:10934000401C534004AA53500428E9DBA26804A837
:109350000899E6F73DFE009D0C99284610300090D4
:109360008842DCDB207980061ED400291CDD002029
:1093700081004A199219537817781B023B4397785A
:109380005BBA1B043F02D2783B4313430A1952696C
:10939000401C534004AA53500428E9DBA26804A8E7
:1093A0000899E6F715FEC0E00020009001900290B9
:1093B000039069460846A268E6F70AFE00998722EC
:1093C000C80F5043019A4900D20F114300910199EF
:1093D000029A4900D20F114301910299039A490060
:1093E000D20F1143029103990C9A4900414028463B
:1093F0001030039190421AD1002081004A1993192C
:109400005A781F7812023A439F7852BA12043F02E8
:109410003A43DB786F461A430B195B697F58401C4F
:109420007B405A4004AB5A500428E6DB74E0009AB3
:109430008723D00F5843019B5200DB0F1A43009241
:10944000019A029B5200DB0F1A430192029ACB0F42
:1094500052001A4302924A00424003920C9A0020A2
:10946000531BDA179C46920F62449210964616E000
:1094700081004A1993195A781F7812023A439F784B
:1094800052BA12043F023A43DB786F461A430B1973
:109490005B697F587B405A4004AB5A50401C86455C
:1094A000E6DC81000A196B4652695B5867465A40F0
:1094B00004AB5A507F1A00224B19BC469E460BE063
:1094C00073469B18F35CD7001825ED1BAB4004AD29
:1094D0006F587B406B50521C9445F1DC002A09D038
:1094E000D600182204AB961B5D588022B24055402E
:1094F0005D5005E004AA53580125ED076B40535019
:1095000004AB6A4605E081000D196D695658754037
:109510005D50401C0428F6DBA26818460899E6F75F
:1095200057FD20790421084320710020DCE600006B
:109530001D0C0000F8B516460F46040009D0002E99
:1095400007D025468035E86D401E102804D3134807
:10955000F8BD61204001F8BD2079400604D4002206
:1095600011462046FFF7B2FE207902210843207100
:10957000002018210CE0C217920F121892089200D6
:10958000121983075269DB0ECB1ADA403A54401C99
:10959000EA6D8242EFDC00203260F8BD1F0C000053
:1095A00010B5040007D002230022A16800F01AF8C9
:1095B000010003D00CE06120400110BD002010220A
:1095C0002261024683001B19401C5A610428F9DB02
:1095D000606A102801D0024810BD084610BD000086
:1095E0001D0C0000F0B5002807D0002905D05B074E
:1095F0009C0F002A04D1012C02D061204001F0BD53
:10960000436A102B03D0182B01D0202B05D1012C3D
:1096100005D005696D1E102D01D31A48F0BD102B21
:1096200002D01848801EF0BDC2600379F9252B4096
:109630000371012C20D000231C469D002D185B1CBB
:109640006C61042BF9DB002313E0DC17A40FE41892
:10965000A408A40025182E461436B4461C1BD65C5C
:10966000E40018276D693C1BA640354366465B1C29
:10967000356004699C42E8DC0279D20700D1816040
:089680000020F0BD1F0C0000EA
:04968800F8B5C0462B
:04968C00F8B5C04627
:109690004D61696E206D656E7520252E32642F2513
:1096A0002E326420252E32643A252E32640A42611D
:1096B000636B3A706C617920747261636B0A5365F5
:1096C0006C3A617070656E64207363686564756C74
:1096D000650A25633A53657420446174652F746983
:1096E0006D650A25633A6D6F7265206F7074696FDE
:1096F0006E730A566F6C756D653A202563252E339F
:109700006425630A43757272656E7420736F6E67A9
:109710002025642D2564000053656C656374204624
:109720006F6C6465720A2020202020202020256391
:10973000202020202020202025630A466F6C6465AD
:10974000723A20256420547261636B3A2025640AC2
:1097500020202020202020202563202020202020C1
:10976000202025630A0000004F7074696F6E730A31
:109770002044757479204379636C653A202563250C
:109780002E326425630A20536F6E673A2563256382
:109790000A256356696577205363686564756C654F
:1097A00025630A2563436C656172205363686564B1
:1097B000756C6525630A2563436C656172204C6F87
:1097C000677325630A000000536574204461746563
:1097D0002F54696D650A20256320202563202025EC
:1097E00063202025630A252E32642F252E32642023
:1097F000252E32643A252E32640A20256320202546
:109800006320202563202025630A000053636865D8
:1098100064756C652074696D6520746F20706C616F
:10982000790A202563202025632020202020202065
:109830002025630A252E32642F252E326420746F72
:1098400020252E32642F252E3264202E2E2E0A2023
:109850002563202025632020202020202020256330
:109860000A20202025632020256320202020256336
:10987000202025630A533A252E32643A252E32647D
:1098800020453A252E32643A252E32640A202020C3
:1098900025632020256320202020256320202563A8
:1098A0000A6D6F6E74683D31202D207265706561A0
:1098B00074000000746865207363686564756C6586
:1098C00020697320656D7074790A707265737320F6
:1098D0006261636B20746F206C65617665000000C7
:1098E0002563202020202020202020202020202030
:1098F000202020202025630A7363686564756C65E9
:10990000202325640A6D6F6E74683A2025640A640A
:109910006179733A2025642D25640A74696D652088
:10992000252E32643A252E32642D252E32643A25B6
:109930002E32640A666F6C6465723A2025642C20AE
:10994000747261636B3A202564000000616E2065CB
:1099500072726F72206F636375727265640A7072DF
:10996000657373206261636B20746F207265636F2F
:10997000766572006661696C656420746F2073653A
:109980007420766F6C756D65000000006C6F6773F6
:1099900020627566666572206F766572666C6F7799
:1099A00065642C206D6F737420726563656E74201E
:1099B0006461746120686173206265656E206C6FFC
:1099C000737400006661696C656420746F20736550
:1099D000742064757479206379636C6500000000FD
:1099E0006661696C656420746F20636C65617220C8
:1099F0007363686564756C65000000007363686577
:109A000064756C6520636F6D706C65746500000033
:109A10007363686564756C65206F766572666C6FDC
:109A2000772C20666F7263656420746F20636F6D9E
:109A3000706C6574650000006661696C6564207314
:109A400065742074696D653A206D696E7574650082
:109A50006661696C6564207365742074696D653A2C
:109A600020686F75720000006661696C6564207320
:109A700065742074696D653A2064617900000000A6
:109A80006661696C6564207365742074696D653AFC
:109A9000206D6F6E74680000506C6179206576658A
:109AA0006E743A2025642C202564000048616E64A1
:109AB0006C6520706F737369626C79206E6F7420AF
:109AC00076616C696420616E796D6F7265210D003D
:109AD000102900203E2200001400010200001E0098
:109AE000F7000000A00F0000F401021008020103BB
:109AF0001700010000010101010101000001000344
:109B000000040000240A0410E2080410C008041035
:109B1000AC080410C0080410C6090410C0080410E2
:109B2000AC080410E2080410E2080410C60904108E
:109B3000AC080410A4080410A4080410A40804101D
:109B4000E809041000000000000000302C222C3036
:109B500000303C3E3C30000C3444340C000C3C7C67
:109B60003C0C00102844FE000010387CFE0000FE73
:109B70004428100000FE7C381000000000000000A7
:109B800000000000000000000000000000000000D5
:109B900000000000000000000000000000000000C5
:109BA00000000000000000000000000000000000B5
:109BB00000000000000000000000000000000000A5
:109BC0000000000000000000000000000000000095
:109BD0000000000000000000000000000000000085
:109BE0000000000000000000000000000000000075
:109BF0000000000000000000000000000000000065
:109C00000000000000000000000000005E000000F6
:109C10000C02000C0200147F147F1400242A7F2AF7
:109C200012002313086462003649512250000000DC
:109C30000C02000000003E41000000413E00000018
:109C40000A041F040A0008083E08080000005030FB
:109C500000000808080808000060600000004030AC
:109C6000080601003E5149453E0042427F40400007
:109C70004661514946002241494936001814127F75
:109C800010004F49494931003C4A494930000171AF
:109C900009050300364949493600064949291E008D
:109CA000000036360000000056360000081422413D
:109CB00000001414141414000041221408000601BA
:109CC000510906003E415D553E007E0909097E00AE
:109CD0007F49494936003E41414141007F41414170
:109CE0003E007F49494941007F09090901003E4181
:109CF000414939007F0808087F0041417F41410008
:109D00003141413F01007F08081463007F4040401B
:109D100040007F020C027F007F0408107F003E415C
:109D200041413E007F09090906003E4151215E0084
:109D30007F090909760046494949310001017F013F
:109D400001003F4040403F001F2040201F003F4097
:109D500030403F00631408146300070870080700D0
:109D6000615149454300007F414100000106083030
:109D700040000041417F0000040201020400404015
:109D80004040400000010204000020545454780078
:109D90007F444444380038444444440038444444F4
:109DA0007F00385454545800087E090902000854B2
:109DB000545438007F040404780000487A400000BE
:109DC0002040403A00007F101028440000017F40EE
:109DD00000007C0478047C007C080404780038448B
:109DE00044443800FC242424180018242424FC00B3
:109DF0007C0804040400485454542400043E4444A1
:109E000000003C4040403C001C2040201C003C40E6
:109E100020403C004428102844000C5050503C0086
:109E20004464544C440008083641000000007F00A0
:109E3000000000413608080008040808040000106B
:109E400038100000000000000000000000000000CA
:109E50000000000000000000000000000000000002
:109E600000000000000000000000000000000000F2
:109E700000000000000000000000000000000000E2
:109E800000000000000000000000000000000000D2
:109E900000000000000000000000000000000000C2
:109EA00000000000000000000000000000000000B2
:109EB00000000000000000000000000000000000A2
:109EC0000000000000000000000000000000000092
:109ED0000000000000000000000000000000000082
:109EE0000000000000000000000000000000000072
:109EF0000000000000000000000000000000000062
:109F00000000000000000000000000000000000051
:109F10000000000000000000000000000000000041
:109F20000000000000000000000000000000000031
:109F30000000000000000000000000000000000021
:109F40000000000000000000000000000000000011
:109F50000000000000000000000000000000000001
:109F600000000000000000000000000000000000F1
:109F700000000000000000000000000000000000E1
:109F800000000000000000000000000000000000D1
:109F900000000000000000000000000000000000C1
:109FA00000000000000000000000000000000000B1
:109FB00000000000000000000000000000000000A1
:109FC0000000000000000000000000000000000091
:109FD0000000000000000000000000000000000081
:109FE0000000000000000000000000000000000071
:109FF0000000000000000000000000000000000061
:10A000000000000000000000000000000000000050
:10A010000000000000000000000000000000000040
:10A020000000000000000000000000000000000030
:10A030000000000000000000000000000000000020
:10A040000000000000000000000000000000000010
:10A050000000000000000000000000000000000000
:10A0600000000000000000000000000000000000F0
:10A0700000000000000000000000000000000000E0
:10A0800000000000000000000000000000000000D0
:10A0900000000000000000000000000000000000C0
:10A0A00000000000000000000000000000000000B0
:10A0B00000000000000000000000000000000000A0
:10A0C0000000000000000000000000000000000090
:10A0D0000000000000000000000000000000000080
:10A0E0000000000000000000000000000000000070
:10A0F0000000000000000000000000000000000060
:10A10000000000000000000000000000000000004F
:10A110000000000000060909060000000000000021
:10A12000000000000000000000000000000000002F
:10A13000000000000000000000000000000000001F
:10A1400000000000022D0410E42E0410163104104B
:10A15000F435041040380410AE3D04109A40041049
:10A160000832041026320410443204106232041003
:10A1700098320410C4320410FA320410BA330410B6
:10A18000DC330410FE330410203404104C3404106B
:10A1900082340410AE340410763E0410763E04106F
:10A1A000343E0410463E04105C3E0410CE430410BE
:10A1B000F043041090440410CE440410F6440410FC
:10A1C000384504108C450410AA460410EA460410D1
:10A1D0005C470410F44704101C4804104448041061
:10A1E0006C48041094480410BC480410F048041053
:10A1F0001849041090490410084A0410804A0410B9
:10A200002044041032440410444404108C440410CC
:10A2100056440410684404108C4404108C44041008
:10A220008C4404108C4404108C4404108C4404109E
:10A230008C4404108C4404108C4404107A440410A0
:10A24000D65C0410E85C0410005D0410105D04107E
:10A25000305D0410405D0410505D0410AA5D0410D0
:10A26000025E041018E004102CDF041048DF041014
:10A2700018E0041018E0041018E0041018E00410AE
:10A2800018E0041068DF041018E0041018E004104F
:10A2900018E0041018E0041018E0041018E004108E
:10A2A00018E00410B8DF041018E0041018E00410DF
:10A2B00018E0041018E0041018E0041018E004106E
:10A2C00018E0041018E0041018E0041018E004105E
:10A2D00018E0041018E0041018E0041018E004104E
:10A2E00018E00410D6DF041001000200040006008C
:10A2F00008000A000C00100020004000800000014F
:10A300000101010307010000080402040801010122
:10A3100000F0061000080000AA02000000F8061075
:10A32000F80701000000000053544D33325742300B
:10A3300000000000020000001823002000000000C0
:10A340000800000044270020000000000100000079
:10A350004C2700200000FFFF000000000400000068
:10A3600054A3061000000000050000001C2300207C
:10A3700001000000000000000100000070A30610B2
:10A380000100000003000000242300202000000042
:10A39000FB349B5F8000008000100000052A000055
:10A3A00010000000010000002C28002058A3061017
:10A3B0000A000000FB349B5F80000080001000005A
:10A3C000292B000010000000000000000000000029
:10A3D00064A3061002000000FB349B5F8000008035
:10A3E000001000002A2B00001000000000000000F8
:10A3F000000000000000000002000000FB349B5F32
:10A4000080000080001000003A2B000010000000C7
:10A41000000000000000000074A30610B822051020
:10A42000DC220510942205100223051028230510B4
:10A4300057696C646C69666520506C617962616310
:10A440006B20537065616B6572000000642C051011
:10A45000562C0510762C0510B62C05107C2C0510FA
:10A46000942C051002100000669A0C200008A7909A
:10A47000F0117A2BD18BDED28000000000000000AA
:10A48000000000008028002004100000669A0C20C4
:10A490000008A790F0117A2BD28BDED2800000004A
:10A4A00000000000000000008C2800200A100000BE
:10A4B000669A0C200008A790F0117A2BD38BDED27D
:10A4C000800000000000000000000000982800202C
:10A4D000669A0C200008A790F0117A2BD08BDED260
:10A4E00080000000010000000000000000000000EB
:10A4F0000300000064A406102A2E0510842F051006
:10A500007C2F0510842F0510842F0510842F051033
:10A51000842F0510842F0510842F0510842F05101B
:10A52000842F0510842F0510842F0510842F05100B
:10A53000842F0510842F0510842F0510842F0510FB
:10A54000842F0510842F0510842F0510742F0510FB
:10A55000842F0510842F0510D02E05102A2F0510EA
:10A5600004030202010101010000000000000000DC
:10A5700001F9041021F9041017C805101FC80510AF
:10A580001BC80510ADF90410CDF90410EDF9041045
:10A590000DFA0410196505104DFA04106DFA041037
:10A5A0008DFA04102DFA04101D65051021650510A3
:10A5B0002565051029650510F16905100182051052
:10A5C0009D820510978305108F840510A1860510C4
:10A5D000A1860510B78705108F8405109189051095
:10A5E0009189051091890510718A05102D8B051030
:10A5F000738B0510B78705108300850007000700DF
:10A600008300850005000700030003000F0005001C
:10A610008200810005000300FFFFFFFFFFFFFFFF37
:10A62000FFFFFFFFFFFF010000000000FFFF010030
:10A630000000FFFFFB349B5F8000008000100000E3
:10A64000052A000010000000FB349B5F80000080A2
:10A6500000100000292B0000100000000200000084
:10A6600003000000030000000600000003000000DB
:10A67000030000003C0000007000000070000000BB
:10A68000D003000070000000C3010000F401FA00D4
:10A69000960064004B0032001E001400000C000203
:10A6A0000800040200011703010D0301010001016C
:10A6B0000015020003090003090001010001010067
:10A6C00005060014020003090116180016180014EC
:10A6D000030008010108010006090106090107033A
:10A6E000020703000705001603000A02020A010020
:10A6F0000923001202011202010E24020E09020EA9
:10A7000010001004000B04020B05000B0500110BD8
:10A7100002110B000C04010D0B00092B00000000BE
:10A720002D61051029A705100361061033A7051038
:10A7300031A70510C5F804101176051057FD041057
:10A7400075FD041093FD0410B1FD0410CFFD04103D
:10A75000FD59061049820610FFFC04101DFD04106F
:10A7600035C805105FF90410BDFB041037FB041059
:10A7700099DA051041F90410FB349B5F80000080DA
:10A7800000100000010102010201000201000202AA
:10A7900002010201010101010200020100232D302A
:10A7A0002B2000686C4C00656667454647003031D9
:10A7B0003233343536373839414243444546003028
:10A7C0003132333435363738396162636465660057
:08A7D000885EFD7F010000001E
:10A7D800FF0000000200000012000000000000005E
:10A7E800000000000100000000000041000000001F
:10A7F8000000000000000000000000000000000051
:10A808000000000000000000000000000000000040
:10A818000000000000000000000000000000000030
:10A828000000000000000000000000000000000020
:10A838000000000000000000000000001D7004106F
:10A84800004000410000000000000000000000007F
:10A8580000000000000000000000000000000000F0
:10A8680000000000000000000000000000000000E0
:10A8780000000000000000000000000000000000D0
:10A8880000000000000000000000000000000000C0
:10A8980000000000000000000000000000000000B0
:10A8A80065420410655E0410A16F04105D2A04104F
:10A8B800CD4204101D5F041041700410D12A041009
:10A8C8009D430410C5600410B9700410512C041085
:10A8D8000024F400020010000400000000001048EA
:10A8E80000001048000010480400000001000000AB
:10A8F800020000000300000032000000E4220020F3
:10A90800FFFFFFFF0000FFFF01000000020700003B
:10A91800FB349B5F8000008000100000002A0000CC
:10A928001000000000000000000000003827002090
:10A9380002070000FB349B5F8000008000100000CD
:10A94800012A0000100000000000000000000000C4
:10A9580030A3061002070000FB349B5F80000080D4
:10A9680000100000042A0000100000000000000091
:10A97800000000003CA3061002070000FB349B5FA8
:10A988008000008000100000A62A000010000000CF
:10A99800000000000000000048A30610220709007C
:10A9A800FB349B5F8000008000100000882B0000B3
:10A9B800100000000000000000000000000000007F
:10A9C800FB349B5F8000008000100000001800002E
:10A9D800100000000100000000000000000000005E
:10A9E800020000005027002003070000FB349B5F93
:10A9F8008000008000100000022900001000000004
:10AA080080A30610FB349B5F8000008000100000CC
:10AA18000118000010000000010000000000000004
:10AA28000000000000000000000000000201060C09
:10AA3800095750535F737065616B657201000100BF
:10AA48000100000044230020010001000100000073
:10AA58004823002001000100010000004C230020D1
:10AA6800FFFFFFFFFFFFFFFF73550610BD600610D5
:10AA78000000000003000000D0240020C4280020AB
:10AA880000000000D024002038250020A025002048
:10AA980000000000000000000000000000000000AE
:10AAA800000000000000000000000000000000009E
:10AAB800000000000000000000000000000000008E
:0CAAC80000000000000000000000000082
:040000051004833D23
:00000001FF
